<?xml version="1.0" encoding="utf-8"?>
<COLLADA xmlns="http://www.collada.org/2005/11/COLLADASchema" version="1.4.1" xmlns:xsi="http://www.w3.org/2001/XMLSchema-instance">
  <asset>
    <contributor>
      <author>Blender User</author>
      <authoring_tool>Blender 4.3.2 commit date:2024-12-16, commit time:21:10, hash:32f5fdce0a0a</authoring_tool>
    </contributor>
    <created>2025-04-21T13:28:03</created>
    <modified>2025-04-21T13:28:03</modified>
    <unit name="meter" meter="1"/>
    <up_axis>Z_UP</up_axis>
  </asset>
  <library_effects>
    <effect id="Material_004-effect">
      <profile_COMMON>
        <newparam sid="muffing_skin_png-surface">
          <surface type="2D">
            <init_from>muffing_skin_png</init_from>
          </surface>
        </newparam>
        <newparam sid="muffing_skin_png-sampler">
          <sampler2D>
            <source>muffing_skin_png-surface</source>
          </sampler2D>
        </newparam>
        <technique sid="common">
          <lambert>
            <emission>
              <color sid="emission">0 0 0 1</color>
            </emission>
            <diffuse>
              <texture texture="muffing_skin_png-sampler" texcoord="kitty_ears-mesh-map"/>
            </diffuse>
            <index_of_refraction>
              <float sid="ior">1.5</float>
            </index_of_refraction>
          </lambert>
        </technique>
      </profile_COMMON>
    </effect>
    <effect id="Material_001-effect">
      <profile_COMMON>
        <newparam sid="muffing_skin_png-surface">
          <surface type="2D">
            <init_from>muffing_skin_png</init_from>
          </surface>
        </newparam>
        <newparam sid="muffing_skin_png-sampler">
          <sampler2D>
            <source>muffing_skin_png-surface</source>
          </sampler2D>
        </newparam>
        <technique sid="common">
          <lambert>
            <emission>
              <color sid="emission">0 0 0 1</color>
            </emission>
            <diffuse>
              <texture texture="muffing_skin_png-sampler" texcoord="player-mesh-map"/>
            </diffuse>
            <index_of_refraction>
              <float sid="ior">1.5</float>
            </index_of_refraction>
          </lambert>
        </technique>
      </profile_COMMON>
    </effect>
  </library_effects>
  <library_images>
    <image id="muffing_skin_png" name="muffing_skin_png">
      <init_from>muffing%20skin.png</init_from>
    </image>
  </library_images>
  <library_materials>
    <material id="Material_004-material" name="Material.004">
      <instance_effect url="#Material_004-effect"/>
    </material>
    <material id="Material_001-material" name="Material.001">
      <instance_effect url="#Material_001-effect"/>
    </material>
  </library_materials>
  <library_geometries>
    <geometry id="kitty_ears-mesh" name="kitty ears">
      <mesh>
        <source id="kitty_ears-mesh-positions">
          <float_array id="kitty_ears-mesh-positions-array" count="240">-0.06097048 0.3448173 0.7464145 0.04377341 0.3605135 0.8432907 0.008123159 0.4978476 0.7656444 0.09336066 0.5194087 0.9058394 -0.005585432 0.3401251 0.7218359 0.1209272 0.3550667 0.8126478 0.04178142 0.4949933 0.743377 0.1064074 0.5125545 0.9042177 -0.0377385 0.4031317 0.7160058 0.05116963 0.4235991 0.8802793 0.01938343 0.3818832 0.679314 0.1062319 0.4295259 0.8544313 -0.03951191 0.3400248 0.7975817 0.02248567 0.5276693 0.8261302 0.04864585 0.5202718 0.8149682 0.01757001 0.3329073 0.7723522 0.01468384 0.402433 0.7904272 -0.0260623 0.4193153 0.8079071 0.0343979 0.3563095 0.8286025 0.08232569 0.5220608 0.8920249 0.09997642 0.514514 0.8941607 0.04531741 0.3453491 0.815823 0.05709928 0.4175111 0.846146 0.02153956 0.4369875 0.865884 0.08405262 0.497965 0.902988 0.03443187 0.4648011 0.7055889 -0.002205252 0.4887056 0.7478024 0.1064222 0.5016407 0.9049545 0.0323432 0.4609304 0.8215922 0.004590928 0.4673801 0.8314498 0.08333951 0.487717 0.8860226 0.05462312 0.4942291 0.8939531 0.01667529 0.5177404 0.8027684 0.0413264 0.5144117 0.7810775 0.002936959 0.3374685 0.7404285 -0.007017672 0.4040707 0.7492211 -0.04433304 0.4238099 0.7650372 -0.05307263 0.3430535 0.7652468 -0.006806671 0.4685335 0.7933906 0.01782035 0.4594815 0.7850489 -0.06097048 0.2937697 0.7464145 0.04377341 0.2780735 0.8432907 0.008123159 0.1407395 0.7656444 0.09336066 0.1191782 0.9058394 -0.005585372 0.298462 0.7218359 0.1209272 0.2835203 0.8126478 0.04178142 0.1435936 0.743377 0.1064075 0.1260325 0.9042177 -0.0377385 0.2354553 0.7160058 0.05116963 0.2149878 0.8802793 0.01938349 0.2567038 0.679314 0.1062319 0.2090612 0.8544313 -0.03951191 0.2985622 0.7975817 0.02248567 0.1109178 0.8261302 0.04864591 0.1183153 0.8149682 0.01757001 0.3056798 0.7723522 0.01468384 0.2361539 0.7904272 -0.0260623 0.2192716 0.8079071 0.0343979 0.2822775 0.8286025 0.08232569 0.1165263 0.8920249 0.09997642 0.124073 0.8941607 0.04531741 0.293238 0.815823 0.05709928 0.221076 0.846146 0.02153956 0.2015995 0.865884 0.08405262 0.140622 0.902988 0.03443193 0.1737859 0.7055889 -0.002205193 0.1498814 0.7478024 0.1064222 0.1369463 0.9049545 0.03234326 0.1776566 0.8215922 0.004590928 0.171207 0.8314498 0.08333957 0.1508699 0.8860226 0.05462312 0.144358 0.8939531 0.01667529 0.1208467 0.8027684 0.0413264 0.1241753 0.7810775 0.002936959 0.3011185 0.7404285 -0.007017612 0.2345163 0.7492211 -0.04433304 0.2147771 0.7650372 -0.05307263 0.2955335 0.7652468 -0.006806671 0.1700536 0.7933906 0.01782041 0.1791055 0.7850489</float_array>
          <technique_common>
            <accessor source="#kitty_ears-mesh-positions-array" count="80" stride="3">
              <param name="X" type="float"/>
              <param name="Y" type="float"/>
              <param name="Z" type="float"/>
            </accessor>
          </technique_common>
        </source>
        <source id="kitty_ears-mesh-normals">
          <float_array id="kitty_ears-mesh-normals-array" count="240">-0.1774584 -0.1261562 0.9760088 -0.1120797 0.930607 0.3484375 -0.5438448 0.213085 0.8116819 -0.03664815 0.7215561 0.6913854 0.7565145 0.4461726 -0.4781379 0.4525232 0.3033689 -0.8385644 0.8268172 -0.4176517 -0.3767498 0.364578 -0.9043651 -0.2218261 -0.2101165 -0.6425446 0.7368769 -0.4299666 -0.664205 0.611523 -0.7626615 0.1477189 -0.6297038 0.3299014 -0.7196258 -0.610986 -0.9058739 -0.3968327 -0.1480414 0.981175 0.1091398 -0.1593241 0.8304599 -0.3352283 0.4449252 0.6095145 0.2601086 -0.7488896 -0.5979171 0.7316792 -0.3273236 0.6313217 0.1032572 -0.7686162 -0.6889268 -0.1098923 0.7164521 -0.5781188 -0.612676 0.538894 -0.9414461 0.3296793 0.07064658 -0.7940225 -0.5817851 0.1762229 0.9354219 -0.3156779 -0.159165 0.8504077 0.0655238 -0.5220282 0.9885767 -0.1424013 -0.04937756 0.637906 -0.6687577 -0.3818889 0.6205927 -0.7504413 -0.2273825 -0.5988842 0.7892031 -0.1360007 0.7075197 0.5802839 -0.4033444 0.6710149 0.6245141 -0.3996515 -0.8495122 0.2966674 0.436254 -0.8584447 0.4644462 0.2176293 -0.8074736 0.1159011 0.578406 0.8625339 -0.1298317 -0.4890592 -0.5080204 0.8570598 0.08581256 0.7809339 0.5015729 -0.3722459 -0.5703426 0.7971751 -0.1980436 0.8579127 0.3874934 0.3373942 -0.08333164 -0.4041059 0.9109085 0.5143241 -0.3340116 -0.7898778 -0.112083 -0.9306076 0.3484349 -0.1774589 0.1261557 0.9760088 -0.5438445 -0.2130854 0.8116821 0.756515 -0.4461693 -0.4781401 -0.03664469 -0.7215589 0.6913826 0.4525234 -0.3033689 -0.8385642 0.8268173 0.4176492 -0.3767522 0.9811752 -0.1091406 -0.1593226 0.3645769 0.9043654 -0.2218264 -0.2101163 0.6425445 0.736877 -0.7626615 -0.1477189 -0.6297036 0.3299008 0.7196272 -0.6109846 0.514324 0.3340122 -0.7898777 -0.08333194 0.4041062 0.9109084 0.83046 0.3352283 0.4449249 0.6095142 -0.2601093 -0.7488896 -0.5979174 -0.7316793 -0.327323 0.6313217 -0.1032567 -0.7686163 -0.6889268 0.1098924 0.7164521 -0.4299672 0.6642033 0.6115245 -0.9414461 -0.3296794 0.07064652 -0.578119 0.6126765 0.5388935 -0.7940231 0.5817841 0.1762233 0.935422 0.3156777 -0.159165 0.8504078 -0.06552344 -0.522028 0.8625341 0.1298321 -0.4890589 0.6379072 0.6687565 -0.3818889 0.6205919 0.7504416 -0.2273833 0.9885767 0.1424012 -0.04937762 -0.5988854 -0.7892023 -0.1359998 0.7075191 -0.5802841 -0.403345 -0.5080213 -0.8570595 0.08581161 -0.8495121 -0.2966671 0.4362543 -0.8584446 -0.4644465 0.2176295 -0.8074735 -0.1159017 0.5784059 0.6710136 -0.6245161 -0.3996505 0.8579149 -0.3874903 0.3373921 0.780933 -0.5015738 -0.3722463 -0.5703432 -0.7971749 -0.1980424 -0.9058734 0.3968343 -0.1480405</float_array>
          <technique_common>
            <accessor source="#kitty_ears-mesh-normals-array" count="80" stride="3">
              <param name="X" type="float"/>
              <param name="Y" type="float"/>
              <param name="Z" type="float"/>
            </accessor>
          </technique_common>
        </source>
        <source id="kitty_ears-mesh-map">
          <float_array id="kitty_ears-mesh-map-array" count="912">0.9726971 0.3651093 0.9499318 0.3792625 0.9540575 0.344555 0.4075646 0.09470587 0.3994393 0.1034277 0.3877496 0.08658123 0.4164342 0.21744 0.4845324 0.2319316 0.4804723 0.2866687 0.9794961 0.1758435 0.9862348 0.2076972 0.9746714 0.1950984 0.8286805 0.1959098 0.8455677 0.1217464 0.8692306 0.1630969 0.4619978 0.1678832 0.5453963 0.2261722 0.4845324 0.2319316 0.4366503 0.08738785 0.4619978 0.1678832 0.4167937 0.1068396 0.7745516 0.2581823 0.8286805 0.1959098 0.8274027 0.2797152 0.4057571 0.1350876 0.4619978 0.1678832 0.4164342 0.21744 0.9862348 0.2076972 0.9514957 0.2802688 0.9746714 0.1950984 0.911813 0.1711439 0.8643042 0.2256983 0.8857578 0.1653799 0.3456171 0.2465811 0.3993406 0.2800059 0.3728595 0.3147724 0.8833447 0.1161209 0.911813 0.1711439 0.8857578 0.1653799 0.3728595 0.3147724 0.4526649 0.3334258 0.4262216 0.3600797 0.8646007 0.3242369 0.8703287 0.3588828 0.8360465 0.3339192 0.9071152 0.2886287 0.8646007 0.3242369 0.873204 0.2774482 0.9746714 0.1950984 0.9023377 0.2374614 0.911813 0.1711439 0.3646869 0.2136097 0.4164342 0.21744 0.3993406 0.2800059 0.9358316 0.1304224 0.9746714 0.1950984 0.911813 0.1711439 0.3993406 0.2800059 0.4804723 0.2866687 0.4526649 0.3334258 0.9499318 0.3792625 0.8703287 0.3588828 0.8824127 0.3367822 0.9540575 0.344555 0.8824127 0.3367822 0.9071152 0.2886287 0.9514957 0.2802688 0.9071152 0.2886287 0.9023377 0.2374614 0.3226791 0.1657597 0.4057571 0.1350876 0.3646869 0.2136097 0.9023377 0.2374614 0.873204 0.2774482 0.8643042 0.2256983 0.3002139 0.2001884 0.3646869 0.2136097 0.3456171 0.2465811 0.3994393 0.1034277 0.4167937 0.1068396 0.4057571 0.1350876 0.7997416 0.3049581 0.8274027 0.2797152 0.8375582 0.2967777 0.9649114 0.385644 0.9842612 0.3824085 0.9774118 0.3894367 0.9829893 0.2827476 0.9540575 0.344555 0.9514957 0.2802688 0.2868805 0.2491006 0.3456171 0.2465811 0.2868805 0.3029749 0.8643042 0.2256983 0.8274027 0.2797152 0.8286805 0.1959098 0.873204 0.2774482 0.8375582 0.2967777 0.8274027 0.2797152 0.8375582 0.2967777 0.8360465 0.3339192 0.7997416 0.3049581 0.3728595 0.3147724 0.408323 0.3743478 0.3381529 0.3829007 0.8455677 0.1217464 0.8857578 0.1653799 0.8692306 0.1630969 0.2868805 0.3029749 0.3728595 0.3147724 0.3381529 0.3829007 0.8857578 0.1653799 0.8286805 0.1959098 0.8692306 0.1630969 0.5861165 0.3738376 0.5639469 0.3587684 0.5834088 0.3389908 0.1517015 0.1034277 0.1435762 0.09470576 0.1633912 0.08658117 0.1347066 0.21744 0.06660848 0.2319315 0.08914297 0.1678832 0.07066851 0.2866687 0.005744457 0.2261722 0.06660848 0.2319315 0.7147406 0.1955796 0.7008906 0.1207894 0.7673085 0.1673153 0.08914297 0.1678832 0.005744457 0.2261722 0.03525185 0.1429042 0.08914297 0.1678832 0.1144906 0.0873878 0.1343472 0.1068395 0.7147406 0.1955796 0.7662863 0.2600068 0.7126014 0.2793675 0.1453838 0.1350876 0.08914297 0.1678832 0.1343472 0.1068395 0.5885889 0.2748625 0.5568368 0.2009352 0.5689041 0.1888182 0.6779324 0.2238913 0.6326867 0.1674457 0.6589552 0.1627485 0.2055238 0.2465811 0.1518005 0.2800058 0.186454 0.2136097 0.6633741 0.1136288 0.6326867 0.1674457 0.6103479 0.125779 0.1782814 0.3147724 0.09847605 0.3334258 0.1518005 0.2800058 0.6736195 0.3223359 0.6664841 0.3567195 0.655311 0.3341447 0.6736195 0.3223359 0.6325919 0.2850244 0.6669306 0.2752354 0.639451 0.2340943 0.5689041 0.1888182 0.6326867 0.1674457 0.186454 0.2136097 0.1347066 0.21744 0.1453838 0.1350876 0.6103479 0.125779 0.5689041 0.1888182 0.5648683 0.1693826 0.1518005 0.2800058 0.07066851 0.2866687 0.1347066 0.21744 0.6664841 0.3567195 0.5861165 0.3738376 0.655311 0.3341447 0.655311 0.3341447 0.5834088 0.3389908 0.6325919 0.2850244 0.6325919 0.2850244 0.5885889 0.2748625 0.639451 0.2340943 0.2284618 0.1657597 0.1453838 0.1350876 0.1517015 0.1034277 0.6669306 0.2752354 0.639451 0.2340943 0.6779324 0.2238913 0.250927 0.2001883 0.186454 0.2136097 0.2284618 0.1657597 0.1517015 0.1034277 0.1343472 0.1068395 0.1418078 0.1018809 0.7126014 0.2793675 0.7392104 0.3057169 0.7017589 0.2960018 0.5516874 0.3755818 0.5708891 0.3796033 0.5582445 0.3828833 0.5834088 0.3389908 0.5570205 0.2760555 0.5885889 0.2748625 0.2642604 0.2491005 0.2055238 0.2465811 0.250927 0.2001883 0.7126014 0.2793675 0.6779324 0.2238913 0.7147406 0.1955796 0.7017589 0.2960018 0.6669306 0.2752354 0.7126014 0.2793675 0.7017589 0.2960018 0.7017554 0.3331741 0.6736195 0.3223359 0.1428179 0.3743478 0.1782814 0.3147724 0.2129881 0.3829005 0.7008906 0.1207894 0.6589552 0.1627485 0.6633741 0.1136288 0.2642604 0.3029747 0.1782814 0.3147724 0.2055238 0.2465811 0.7147406 0.1955796 0.6589552 0.1627485 0.6755618 0.1611411 0.9726971 0.3651093 0.9649114 0.385644 0.9499318 0.3792625 0.4075646 0.09470587 0.4093329 0.1018809 0.3994393 0.1034277 0.4164342 0.21744 0.4619978 0.1678832 0.4845324 0.2319316 0.4804723 0.2866687 0.4845324 0.2319316 0.5453963 0.2261722 0.8286805 0.1959098 0.7773086 0.1655262 0.8455677 0.1217464 0.4619978 0.1678832 0.5158891 0.1429044 0.5453963 0.2261722 0.4366503 0.08738785 0.5158891 0.1429044 0.4619978 0.1678832 0.7745516 0.2581823 0.7773086 0.1655262 0.8286805 0.1959098 0.4057571 0.1350876 0.4167937 0.1068396 0.4619978 0.1678832 0.9862348 0.2076972 0.9829893 0.2827476 0.9514957 0.2802688 0.911813 0.1711439 0.9023377 0.2374614 0.8643042 0.2256983 0.3456171 0.2465811 0.3646869 0.2136097 0.3993406 0.2800059 0.8833447 0.1161209 0.9358316 0.1304224 0.911813 0.1711439 0.3728595 0.3147724 0.3993406 0.2800059 0.4526649 0.3334258 0.8646007 0.3242369 0.8824127 0.3367822 0.8703287 0.3588828 0.9071152 0.2886287 0.8824127 0.3367822 0.8646007 0.3242369 0.9746714 0.1950984 0.9514957 0.2802688 0.9023377 0.2374614 0.3646869 0.2136097 0.4057571 0.1350876 0.4164342 0.21744 0.9358316 0.1304224 0.9794961 0.1758435 0.9746714 0.1950984 0.3993406 0.2800059 0.4164342 0.21744 0.4804723 0.2866687 0.3877496 0.08658123 0.3994393 0.1034277 0.3226791 0.1657597 0.9540575 0.344555 0.9499318 0.3792625 0.8824127 0.3367822 0.9514957 0.2802688 0.9540575 0.344555 0.9071152 0.2886287 0.3226791 0.1657597 0.3994393 0.1034277 0.4057571 0.1350876 0.9023377 0.2374614 0.9071152 0.2886287 0.873204 0.2774482 0.3002139 0.2001884 0.3226791 0.1657597 0.3646869 0.2136097 0.3994393 0.1034277 0.4093329 0.1018809 0.4167937 0.1068396 0.7997416 0.3049581 0.7745516 0.2581823 0.8274027 0.2797152 0.9649114 0.385644 0.9726971 0.3651093 0.9842612 0.3824085 0.9829893 0.2827476 0.9726971 0.3651093 0.9540575 0.344555 0.2868805 0.2491006 0.3002139 0.2001884 0.3456171 0.2465811 0.8643042 0.2256983 0.873204 0.2774482 0.8274027 0.2797152 0.873204 0.2774482 0.8646007 0.3242369 0.8375582 0.2967777 0.8375582 0.2967777 0.8646007 0.3242369 0.8360465 0.3339192 0.3728595 0.3147724 0.4262216 0.3600797 0.408323 0.3743478 0.8455677 0.1217464 0.8833447 0.1161209 0.8857578 0.1653799 0.2868805 0.3029749 0.3456171 0.2465811 0.3728595 0.3147724 0.8857578 0.1653799 0.8643042 0.2256983 0.8286805 0.1959098 0.5861165 0.3738376 0.5708891 0.3796033 0.5639469 0.3587684 0.1517015 0.1034277 0.1418078 0.1018809 0.1435762 0.09470576 0.1347066 0.21744 0.07066851 0.2866687 0.06660848 0.2319315 0.5648683 0.1693826 0.5689041 0.1888182 0.5568368 0.2009352 0.7147406 0.1955796 0.6755618 0.1611411 0.7008906 0.1207894 0.08914297 0.1678832 0.06660848 0.2319315 0.005744457 0.2261722 0.08914297 0.1678832 0.03525185 0.1429042 0.1144906 0.0873878 0.7147406 0.1955796 0.7673085 0.1673153 0.7662863 0.2600068 0.1453838 0.1350876 0.1347066 0.21744 0.08914297 0.1678832 0.5885889 0.2748625 0.5570205 0.2760555 0.5568368 0.2009352 0.6779324 0.2238913 0.639451 0.2340943 0.6326867 0.1674457 0.2055238 0.2465811 0.1782814 0.3147724 0.1518005 0.2800058 0.6633741 0.1136288 0.6589552 0.1627485 0.6326867 0.1674457 0.1782814 0.3147724 0.1249194 0.3600796 0.09847605 0.3334258 0.6736195 0.3223359 0.7017554 0.3331741 0.6664841 0.3567195 0.6736195 0.3223359 0.655311 0.3341447 0.6325919 0.2850244 0.639451 0.2340943 0.5885889 0.2748625 0.5689041 0.1888182 0.186454 0.2136097 0.1518005 0.2800058 0.1347066 0.21744 0.6103479 0.125779 0.6326867 0.1674457 0.5689041 0.1888182 0.1518005 0.2800058 0.09847605 0.3334258 0.07066851 0.2866687 0.2284618 0.1657597 0.1517015 0.1034277 0.1633912 0.08658117 0.655311 0.3341447 0.5861165 0.3738376 0.5834088 0.3389908 0.6325919 0.2850244 0.5834088 0.3389908 0.5885889 0.2748625 0.2284618 0.1657597 0.186454 0.2136097 0.1453838 0.1350876 0.6669306 0.2752354 0.6325919 0.2850244 0.639451 0.2340943 0.250927 0.2001883 0.2055238 0.2465811 0.186454 0.2136097 0.1517015 0.1034277 0.1453838 0.1350876 0.1343472 0.1068395 0.7126014 0.2793675 0.7662863 0.2600068 0.7392104 0.3057169 0.5516874 0.3755818 0.5639469 0.3587684 0.5708891 0.3796033 0.5834088 0.3389908 0.5639469 0.3587684 0.5570205 0.2760555 0.2642604 0.2491005 0.2642604 0.3029747 0.2055238 0.2465811 0.7126014 0.2793675 0.6669306 0.2752354 0.6779324 0.2238913 0.7017589 0.2960018 0.6736195 0.3223359 0.6669306 0.2752354 0.7017589 0.2960018 0.7392104 0.3057169 0.7017554 0.3331741 0.1428179 0.3743478 0.1249194 0.3600796 0.1782814 0.3147724 0.7008906 0.1207894 0.6755618 0.1611411 0.6589552 0.1627485 0.2642604 0.3029747 0.2129881 0.3829005 0.1782814 0.3147724 0.7147406 0.1955796 0.6779324 0.2238913 0.6589552 0.1627485</float_array>
          <technique_common>
            <accessor source="#kitty_ears-mesh-map-array" count="456" stride="2">
              <param name="S" type="float"/>
              <param name="T" type="float"/>
            </accessor>
          </technique_common>
        </source>
        <vertices id="kitty_ears-mesh-vertices">
          <input semantic="POSITION" source="#kitty_ears-mesh-positions"/>
        </vertices>
        <triangles material="Material_004-material" count="152">
          <input semantic="VERTEX" source="#kitty_ears-mesh-vertices" offset="0"/>
          <input semantic="NORMAL" source="#kitty_ears-mesh-normals" offset="1"/>
          <input semantic="TEXCOORD" source="#kitty_ears-mesh-map" offset="2" set="0"/>
          <p>24 0 0 19 1 1 31 2 2 3 3 3 20 4 4 19 1 5 22 5 6 5 6 7 21 7 8 21 7 9 1 8 10 18 9 11 8 10 12 4 11 13 0 12 14 11 13 15 1 8 16 5 6 17 24 0 18 11 13 19 27 14 20 25 15 21 8 10 22 26 16 23 30 17 24 11 13 25 22 5 26 1 8 27 23 18 28 18 9 29 12 19 30 36 20 31 37 21 32 39 22 33 16 23 34 35 24 35 34 25 36 12 19 37 37 21 38 35 24 39 15 26 40 34 25 41 32 27 42 14 28 43 33 29 44 29 30 45 32 27 46 38 31 47 18 9 48 17 32 49 12 19 50 28 33 51 22 5 52 16 23 53 15 26 54 18 9 55 12 19 56 16 23 57 21 7 58 15 26 59 19 1 60 14 28 61 13 34 62 31 2 63 13 34 64 29 30 65 23 18 66 29 30 67 17 32 68 14 28 69 30 17 70 28 33 71 17 32 72 38 31 73 36 20 74 33 29 75 28 33 76 39 22 77 20 4 78 27 14 79 30 17 80 6 35 81 26 16 82 2 36 83 3 3 84 27 14 85 7 37 86 9 38 87 31 2 88 23 18 89 6 35 90 39 22 91 25 15 92 36 20 93 26 16 94 8 10 95 38 31 96 2 36 97 26 16 98 2 36 99 33 29 100 6 35 101 35 24 102 4 11 103 10 39 104 4 11 105 37 21 106 0 12 107 25 15 108 35 24 109 10 39 110 37 21 111 8 10 112 0 12 113 59 40 114 64 41 115 71 42 116 60 43 117 43 44 118 59 40 119 62 45 120 45 46 121 51 47 122 61 48 123 41 49 124 45 46 125 48 50 126 44 51 127 50 52 128 51 47 129 41 49 130 49 53 131 51 47 132 64 41 133 67 54 134 48 50 135 65 55 136 66 56 137 70 57 138 51 47 139 67 54 140 63 58 141 41 49 142 58 59 143 76 60 144 52 61 145 77 62 146 79 63 147 56 64 148 68 65 149 74 66 150 52 61 151 55 67 152 75 68 153 55 67 154 56 64 155 72 69 156 54 70 157 53 71 158 72 69 159 69 72 160 78 73 161 57 74 162 58 59 163 52 61 164 68 65 165 62 45 166 70 57 167 55 67 168 58 59 169 61 48 170 56 64 171 61 48 172 62 45 173 54 70 174 59 40 175 53 71 176 53 71 177 71 42 178 69 72 179 69 72 180 63 58 181 57 74 182 54 70 183 70 57 184 60 43 185 78 73 186 57 74 187 76 60 188 73 75 189 68 65 190 54 70 191 60 43 192 67 54 193 47 76 194 66 56 195 46 77 196 42 78 197 67 54 198 43 44 199 47 76 200 71 42 201 49 53 202 63 58 203 46 77 204 79 63 205 73 75 206 66 56 207 76 60 208 48 50 209 42 78 210 78 73 211 66 56 212 42 78 213 73 75 214 72 69 215 44 51 216 75 68 217 50 52 218 44 51 219 77 62 220 74 66 221 65 55 222 75 68 223 79 63 224 48 50 225 77 62 226 40 79 227 24 0 228 3 3 229 19 1 230 3 3 231 7 37 232 20 4 233 22 5 234 11 13 235 5 6 236 21 7 237 5 6 238 1 8 239 8 10 240 10 39 241 4 11 242 11 13 243 9 38 244 1 8 245 24 0 246 9 38 247 11 13 248 25 15 249 10 39 250 8 10 251 30 17 252 27 14 253 11 13 254 1 8 255 9 38 256 23 18 257 12 19 258 17 32 259 36 20 260 39 22 261 28 33 262 16 23 263 34 25 264 15 26 265 12 19 266 35 24 267 16 23 268 15 26 269 32 27 270 13 34 271 14 28 272 29 30 273 13 34 274 32 27 275 18 9 276 23 18 277 17 32 278 28 33 279 30 17 280 22 5 281 15 26 282 21 7 283 18 9 284 16 23 285 22 5 286 21 7 287 19 1 288 20 4 289 14 28 290 31 2 291 19 1 292 13 34 293 23 18 294 31 2 295 29 30 296 14 28 297 20 4 298 30 17 299 17 32 300 29 30 301 38 31 302 33 29 303 14 28 304 28 33 305 20 4 306 7 37 307 27 14 308 6 35 309 25 15 310 26 16 311 3 3 312 24 0 313 27 14 314 9 38 315 24 0 316 31 2 317 6 35 318 33 29 319 39 22 320 36 20 321 38 31 322 26 16 323 38 31 324 32 27 325 2 36 326 2 36 327 32 27 328 33 29 329 35 24 330 34 25 331 4 11 332 4 11 333 34 25 334 37 21 335 25 15 336 39 22 337 35 24 338 37 21 339 36 20 340 8 10 341 59 40 342 43 44 343 64 41 344 60 43 345 47 76 346 43 44 347 62 45 348 61 48 349 45 46 350 61 48 351 58 59 352 41 49 353 48 50 354 40 79 355 44 51 356 51 47 357 45 46 358 41 49 359 51 47 360 49 53 361 64 41 362 48 50 363 50 52 364 65 55 365 70 57 366 62 45 367 51 47 368 63 58 369 49 53 370 41 49 371 76 60 372 57 74 373 52 61 374 79 63 375 75 68 376 56 64 377 74 66 378 77 62 379 52 61 380 75 68 381 74 66 382 55 67 383 72 69 384 73 75 385 54 70 386 72 69 387 53 71 388 69 72 389 57 74 390 63 58 391 58 59 392 68 65 393 56 64 394 62 45 395 55 67 396 52 61 397 58 59 398 56 64 399 55 67 400 61 48 401 54 70 402 60 43 403 59 40 404 53 71 405 59 40 406 71 42 407 69 72 408 71 42 409 63 58 410 54 70 411 68 65 412 70 57 413 78 73 414 69 72 415 57 74 416 73 75 417 79 63 418 68 65 419 60 43 420 70 57 421 67 54 422 66 56 423 65 55 424 46 77 425 67 54 426 64 41 427 43 44 428 71 42 429 64 41 430 49 53 431 46 77 432 65 55 433 79 63 434 66 56 435 78 73 436 76 60 437 42 78 438 72 69 439 78 73 440 42 78 441 46 77 442 73 75 443 44 51 444 74 66 445 75 68 446 44 51 447 40 79 448 77 62 449 65 55 450 50 52 451 75 68 452 48 50 453 76 60 454 77 62 455</p>
        </triangles>
      </mesh>
    </geometry>
    <geometry id="player-mesh" name="player">
      <mesh>
        <source id="player-mesh-positions">
          <float_array id="player-mesh-positions-array" count="2055">-0.04341232 0.2429659 0.6446871 -0.05303812 0.2429659 0.8297391 0.1385487 0.2429659 0.6446871 0.1146634 0.2429659 0.8273855 0.1517644 0.2805368 0.6378921 0.1563121 0.3220038 0.6333446 0.1324267 0.3220038 0.8451488 0.1278791 0.2805367 0.8406011 0.1278791 0.2212061 0.765192 0.1154759 0.237402 0.7044626 0.1393339 0.2297502 0.682258 -0.005841434 0.2297502 0.6314714 0.03562551 0.2252025 0.6269237 0.1009779 0.2297502 0.6314714 0.07709258 0.2212061 0.8406011 0.03562551 0.2166585 0.8451488 -0.005841434 0.2212061 0.8406011 -0.06773459 0.2297501 0.7716802 -0.0611757 0.2252025 0.7237249 -0.05662798 0.2297502 0.682258 -0.0611757 0.3220038 0.6269237 -0.05662798 0.2805367 0.6314714 -0.06625384 0.2805367 0.8337308 -0.07080155 0.3220038 0.8382784 0.08500266 0.2688518 0.8639709 0.03562551 0.264778 0.8721183 -0.01375162 0.2688516 0.8639709 0.08801394 0.3220038 0.8748248 0.03562551 0.3220038 0.8852452 -0.01676291 0.3220038 0.8748248 0.1118993 0.3220038 0.597248 0.06820619 0.3220038 0.5868273 0.002933084 0.3220038 0.597248 0.108888 0.2688518 0.6081014 0.06290078 0.2907811 0.5999539 0.01352357 0.2948549 0.6081014 -0.07999807 0.2726266 0.6705729 -0.08814561 0.3220038 0.6664992 -0.09085136 0.2696152 0.7237249 -0.1012721 0.3220038 0.7237249 -0.09110468 0.2726265 0.776877 -0.09925222 0.3220038 0.7809508 0.09917563 0.2063801 0.6705729 0.03562551 0.1982325 0.6664992 -0.01375162 0.2063801 0.6705729 0.0710631 0.2077262 0.7237249 0.03562551 0.1973056 0.7237249 -0.01676285 0.1955268 0.7237249 0.08500272 0.1978361 0.776877 0.03562551 0.1896885 0.7809508 -0.01375162 0.1978361 0.776877 0.1794295 0.3220038 0.6814677 0.1663636 0.2726266 0.6769937 0.1555722 0.3220038 0.7044626 0.1451515 0.2804107 0.7044626 0.1593967 0.3220038 0.7809508 0.1512492 0.2726266 0.776877 0.06774842 0.3220038 0.5670983 0.001410007 0.3220038 0.5691823 0.05493295 0.2424339 0.575266 0.01157945 0.2508334 0.5695428 0.145616 0.3220038 0.3399333 -0.02452987 0.3220038 0.3351812 0.06163829 0.2113707 0.3401837 -0.004587292 0.21316 0.3346629 -0.00733 0.3220038 0.506202 5.25218e-4 0.3220038 0.3963614 -0.008844196 0.2531463 0.5065625 0.01711791 0.2273638 0.3967219 0.07776552 0.2232901 0.3959911 0.06449317 0.2490724 0.5230396 0.1494831 0.3220038 0.3958485 0.1180925 0.3220038 0.508831 0.002198934 0.3220038 0.583719 0.01258641 0.2979041 0.5895143 0.06207412 0.2938303 0.5841846 0.06798553 0.3220038 0.577317 0.008948147 0.2281282 0.6298494 0.008948147 0.2195841 0.8422231 0.003859221 0.2673987 0.8668772 0.001921951 0.3220038 0.8785408 -0.06766039 0.2933615 0.8351373 0.03113448 0.2934018 0.6051954 0.003859281 0.2034742 0.66912 0.001921951 0.1961612 0.7237249 0.003859281 0.1949301 0.7783301 0.02927219 0.2478376 0.5715841 -0.05803447 0.2933615 0.6300649 0.1292855 0.2933616 0.8420076 0.1531709 0.2933616 0.6364858 0.03023678 0.2964512 0.5876134 0.08593398 0.2852904 0.8673278 0.03562551 0.2824765 0.876178 -0.01468294 0.2852904 0.8673278 0.1098193 0.2852904 0.6047447 0.06454163 0.3004375 0.5958942 0.01024818 0.3032513 0.6047447 -0.08251792 0.2878978 0.6693131 -0.09407418 0.2858178 0.7237249 -0.09362453 0.2878978 0.7781371 0.1704046 0.2878978 0.6783775 0.1483744 0.2932745 0.7044626 0.1537689 0.2878978 0.7781371 0.06321561 0.267043 0.5727398 0.008434295 0.2728446 0.5694314 0.1198952 0.2448893 0.3400319 -0.02277582 0.2395858 0.3350036 -0.01198935 0.2698568 0.506451 1.7263e-4 0.2588757 0.3966104 0.09182268 0.267043 0.5089296 0.1232132 0.2560619 0.395947 0.06390243 0.3025437 0.5820606 0.009373784 0.3053576 0.5877219 0.003260076 0.2842867 0.8704848 0.1547414 0.3076827 0.6349151 -0.06923097 0.3076826 0.8367079 0.1108593 0.3036471 0.6009963 0.06637388 0.3112207 0.5913607 0.006590604 0.3126275 0.6009963 -0.08533179 0.3049508 0.667906 -0.09767317 0.3039108 0.7237249 -0.09643834 0.3049508 0.7795439 0.06548202 0.2945233 0.5699192 0.004922151 0.2974243 0.5693069 -0.05960512 0.3076826 0.6284943 0.1398411 0.2960519 0.3399827 -0.03175884 0.2904397 0.3353056 0.1123177 0.2945233 0.5088803 0.1437084 0.2890328 0.3958977 0.1308562 0.3076827 0.8435782 0.06594395 0.3122737 0.5796887 -0.01572287 0.3036471 0.8710759 0.03562551 0.3022401 0.880712 0.08697402 0.3036471 0.8710759 0.174917 0.3049508 0.6799226 0.1519733 0.3076391 0.7044626 0.1565828 0.3049508 0.7795439 -0.01550149 0.2959303 0.5063264 -0.003339469 0.2904397 0.3964859 0.005786359 0.3136807 0.5857204 0.002591013 0.3031452 0.8745124 0.06686544 0.2600263 0.2712419 0.08700108 0.3220038 0.2716949 0.1220431 0.295598 0.2979212 0.1250383 0.3220038 0.2962425 -0.0155254 0.2977868 0.2883353 -0.01567488 0.3220038 0.2890127 0.03565198 0.3002849 0.2543078 0.03501945 0.3220038 0.2517595 0.009947717 0.2035868 0.2879297 0.06260967 0.2054402 0.3018608 -0.01554852 0.2301059 0.288141 -0.05881977 0.3005221 0.6292796 0.1300709 0.3005221 0.8427929 -0.01520293 0.2944687 0.8692018 0.03562551 0.2923583 0.8784451 0.08645397 0.2944687 0.8692018 0.1726608 0.2964243 0.6791501 0.1501739 0.3004568 0.7044626 0.1551759 0.2964243 0.7788404 -0.01374542 0.2828935 0.5063887 -0.001583397 0.2746577 0.3965481 0.007580101 0.3095191 0.5867211 0.002925574 0.293716 0.8724986 0.1539562 0.3005221 0.6357004 -0.06844568 0.3005221 0.8359225 0.1103394 0.2944687 0.6028704 0.06545776 0.3058291 0.5936274 0.008419394 0.3079394 0.6028704 -0.08392482 0.2964242 0.6686094 -0.09587371 0.2948643 0.7237249 -0.09503144 0.2964242 0.7788404 0.06434875 0.2807831 0.5713294 0.006678223 0.2851344 0.5693691 0.1290169 0.2613053 0.3400073 -0.02726739 0.2709214 0.3351545 0.1020702 0.2807832 0.5089049 0.1334608 0.2725474 0.3959224 0.06492322 0.3074087 0.5808747 0.08242142 0.2327333 0.2878774 -0.01833146 0.266524 0.2882381 0.1124247 0.2723897 0.3046965 0.04316973 0.2470719 0.01573616 0.01270478 0.2418569 0.01573616 0.03144133 0.2509114 0.01573616 0.03253132 0.211279 0.01573616 0.04706287 0.21724 0.01573616 0.0156455 0.2222203 0.01573616 0.05101805 0.2327334 0.01573616 0.01116412 0.2359492 0.01614981 0.02170544 0.2482036 0.003925263 0.04706287 0.21724 0.01573616 0.05101805 0.2327334 0.01573616 0.0146296 0.04581493 0.5395967 -0.003218054 0.0453937 0.5384187 0.01264142 0.04036176 0.5063498 0.02732586 0.04137051 0.5322508 -0.001629233 0.04397487 0.512614 0.0615949 0.2455894 0.5437554 0.09167838 0.3220038 0.5394023 0.07681334 0.267043 0.5424091 0.08774435 0.2945233 0.5409057 0.08227884 0.2807832 0.5416573 0.02598327 0.0409218 0.5152343 0.02852541 0.1971011 0.3374233 0.02782446 0.2359451 0.5030339 0.04744166 0.2101626 0.3963565 0.03627872 0.1913511 0.3022462 0.04039275 0.2127724 0.01573616 0.0049389 0.04142159 0.5054743 0.01047611 0.03029358 0.541128 -0.007371485 0.02987229 0.5399499 0.02182984 0.0254004 0.5167657 0.02317243 0.02584916 0.5337823 -0.01390534 0.02818739 0.5249472 -0.003698229 0.02777945 0.5019623 0.005386888 0.02738797 0.5215974 -0.002959907 0.3220038 0.5376921 0.001367568 0.2519899 0.5380526 -0.00177747 0.2713508 0.5379412 -0.005289614 0.2966773 0.5378166 -0.003533542 0.284014 0.5378788 -0.006163895 0.04468429 0.5313028 -0.01145935 0.02854269 0.5315975 0.01356399 -0.00169903 0.5269244 0.01318371 -0.001498401 0.5331091 0.007923603 -2.13438e-4 0.5364963 0.007879257 -0.001239836 0.5291826 5.66172e-4 -0.005190014 0.5450583 -0.008286595 -0.00518018 0.5417659 -0.01165246 -0.006666243 0.5371124 -0.01422989 -0.005959331 0.5315549 -0.01335215 -0.007816851 0.5214926 -0.00516802 -0.006797254 0.5318424 0.008948862 0.2989815 0.2720624 0.008568406 0.3220038 0.264236 0.02166503 0.2486515 0.01573616 0.04905736 0.2504636 0.003925263 0.05014741 0.2108312 0.003925263 0.01568591 0.2217725 0.003925263 0.06078577 0.2466241 0.003925263 0.06863409 0.2322855 0.003925263 0.0646789 0.2167922 0.003925263 0.01274526 0.2414091 0.003925263 0.01146805 0.2357211 0.003925263 0.05800879 0.2123246 0.003925263 0.002258956 0.1451658 0.514053 0.008677363 0.1448824 0.5492933 0.03245556 0.142479 0.5179397 0.0211178 0.1440082 0.5505755 0.03444045 0.140569 0.5490075 0.03623902 0.1414878 0.5296938 0.01715427 0.1383674 0.5097454 0.004129528 0.1450241 0.534044 0.06177788 0.2513648 0.1456898 0.01034253 0.2649736 0.1508251 0.03133052 0.2697914 0.1406024 0.02393484 0.2128582 0.1507032 0.06166565 0.2161172 0.1504717 0.01121652 0.228502 0.1507667 0.06880247 0.2339817 0.1506876 0.009037971 0.249445 0.1509199 0.05175691 0.20753 0.1505874 0.02037948 0.2683048 0.1459364 0.01120424 0.2371333 0.5669243 0.02821779 0.2344119 0.5688675 -0.00740844 0.2391838 0.507531 0.06035053 0.2352893 0.5223802 0.05228316 0.2292622 0.5718706 0.05831623 0.2321285 0.5419372 0.02644473 0.2233277 0.5039017 0.00172472 0.2381585 0.5375343 -0.005958378 0.225081 0.5085093 0.05616629 0.2213678 0.5217141 0.04960674 0.2159581 0.568441 0.05500459 0.2185324 0.5401007 0.02505117 0.2105836 0.5047783 0.002085447 0.2241884 0.5370107 0.01082521 0.2232956 0.5642798 0.02715277 0.2208514 0.5661237 0.06156629 0.250501 0.1195397 0.01081788 0.260322 0.1236417 0.03135281 0.2659922 0.1154761 0.02566468 0.2125405 0.1235445 0.06225997 0.2163432 0.1233595 0.01210772 0.227238 0.1235952 0.06875663 0.2337305 0.1235319 0.009465754 0.2467293 0.1238007 0.05300301 0.2085848 0.123452 0.02063816 0.2643501 0.1197368 -0.001849651 0.1851235 0.5112811 0.04431092 0.1819235 0.519827 0.04202353 0.1782636 0.5587244 0.04562181 0.1800101 0.5348973 0.02110272 0.1744754 0.5072619 0.003107488 0.1846063 0.5355275 0.009751319 0.184089 0.5567864 0.02413529 0.1824298 0.5583496 0.001673996 0.1299435 0.5138365 0.02947491 0.1271173 0.5161962 0.03337013 0.1256463 0.5464868 0.03469616 0.1263596 0.5275186 0.01531666 0.1237836 0.5091029 0.002581059 0.1299297 0.5336315 0.006887912 0.129916 0.5476573 0.02014178 0.1292369 0.5489238 -0.04341232 0.4010417 0.6446871 -0.05303817 0.4010416 0.8297391 0.1385487 0.4010417 0.6446871 0.1146634 0.4010417 0.8273855 0.1517643 0.3634708 0.6378921 0.1278791 0.3634708 0.8406011 0.1278791 0.4228014 0.765192 0.1154758 0.4066056 0.7044626 0.1393339 0.4142575 0.682258 -0.005841493 0.4142574 0.6314714 0.03562545 0.418805 0.6269237 0.1009778 0.4142575 0.6314714 0.07709252 0.4228014 0.8406011 0.03562545 0.4273491 0.8451488 -0.005841493 0.4228014 0.8406011 -0.06773465 0.4142574 0.7716802 -0.0611757 0.418805 0.7237249 -0.05662798 0.4142574 0.682258 -0.05662798 0.3634708 0.6314714 -0.0662539 0.3634708 0.8337308 0.08500266 0.3751558 0.8639709 0.03562545 0.3792296 0.8721183 -0.01375162 0.3751558 0.8639709 0.108888 0.3751558 0.6081014 0.06290078 0.3532265 0.5999539 0.01352357 0.3491527 0.6081014 -0.07999807 0.371381 0.6705729 -0.09085136 0.3743922 0.7237249 -0.09110468 0.371381 0.776877 0.09917563 0.4376274 0.6705729 0.03562545 0.4457749 0.6664992 -0.01375162 0.4376274 0.6705729 0.07106304 0.4362812 0.7237249 0.03562545 0.4467018 0.7237249 -0.01676297 0.4484806 0.7237249 0.08500266 0.4461715 0.776877 0.03562545 0.454319 0.7809508 -0.01375162 0.4461715 0.776877 0.1663635 0.371381 0.6769937 0.1451515 0.3635969 0.7044626 0.1512492 0.371381 0.776877 0.05493289 0.4015737 0.575266 0.01157945 0.3931741 0.5695428 0.06163823 0.4326369 0.3401837 -0.004587352 0.4308475 0.3346629 -0.008844196 0.3908613 0.5065625 0.01711785 0.4166437 0.3967219 0.07776546 0.4207175 0.3959911 0.06449311 0.394935 0.5230396 0.01258641 0.3461034 0.5895142 0.06207412 0.3501772 0.5841846 0.008948087 0.4158793 0.6298494 0.008948087 0.4244234 0.8422231 0.003859162 0.3766089 0.8668772 -0.06766039 0.350646 0.8351373 0.03113448 0.3506057 0.6051954 0.003859162 0.4405333 0.66912 0.001921892 0.4478463 0.7237249 0.003859162 0.4490774 0.7783301 0.02927213 0.39617 0.5715841 -0.05803447 0.350646 0.6300649 0.1292855 0.3506461 0.8420076 0.1531709 0.3506461 0.6364858 0.03023672 0.3475564 0.5876134 0.08593398 0.3587172 0.8673278 0.03562551 0.3615311 0.876178 -0.01468294 0.3587172 0.8673278 0.1098193 0.3587172 0.6047447 0.06454157 0.3435701 0.5958942 0.01024818 0.3407562 0.6047447 -0.08251792 0.3561098 0.6693131 -0.09407424 0.3581897 0.7237249 -0.09362453 0.3561098 0.7781371 0.1704046 0.3561098 0.6783775 0.1483744 0.3507331 0.7044626 0.1537689 0.3561098 0.7781371 0.06321561 0.3769646 0.5727398 0.008434295 0.3711629 0.5694313 0.1198951 0.3991183 0.3400319 -0.02277588 0.4044218 0.3350036 -0.01198935 0.3741507 0.506451 1.72599e-4 0.3851317 0.3966104 0.09182262 0.3769646 0.5089296 0.1232132 0.3879456 0.395947 0.06390243 0.3414639 0.5820606 0.009373784 0.33865 0.5877219 0.003260076 0.3597208 0.8704848 0.1547414 0.3363249 0.6349151 -0.06923097 0.3363249 0.8367079 0.1108593 0.3403605 0.6009963 0.06637388 0.3327869 0.5913607 0.006590604 0.3313801 0.6009963 -0.08533179 0.3390568 0.667906 -0.09767317 0.3400968 0.7237249 -0.0964384 0.3390568 0.7795439 0.06548202 0.3494842 0.5699192 0.004922151 0.3465834 0.5693069 -0.05960512 0.3363249 0.6284943 0.1398411 0.3479556 0.3399827 -0.0317589 0.3535678 0.3353056 0.1123177 0.3494843 0.5088803 0.1437084 0.3549747 0.3958977 0.1308562 0.3363249 0.8435782 0.06594395 0.3317339 0.5796887 -0.01572293 0.3403605 0.8710759 0.03562551 0.3417674 0.880712 0.08697402 0.3403605 0.8710759 0.174917 0.3390568 0.6799226 0.1519733 0.3363685 0.7044626 0.1565828 0.3390568 0.7795439 -0.01550149 0.3480772 0.5063264 -0.003339529 0.3535677 0.3964859 0.005786359 0.3303269 0.5857204 0.002591013 0.3408622 0.8745124 0.06686538 0.3839812 0.2712419 0.1220431 0.3484095 0.2979212 -0.0155254 0.3462208 0.2883353 0.03565198 0.3437225 0.2543078 0.009947657 0.4404208 0.2879297 0.06260961 0.4385673 0.3018609 -0.01554858 0.4139016 0.288141 -0.05881977 0.3434855 0.6292796 0.1300709 0.3434855 0.8427929 -0.01520293 0.3495389 0.8692018 0.03562551 0.3516492 0.8784451 0.08645397 0.3495389 0.8692018 0.1726608 0.3475833 0.6791501 0.1501739 0.3435508 0.7044626 0.1551759 0.3475833 0.7788404 -0.01374542 0.3611139 0.5063887 -0.001583397 0.3693497 0.3965482 0.007580041 0.3344885 0.5867211 0.002925515 0.3502915 0.8724986 0.1539561 0.3434855 0.6357004 -0.06844568 0.3434855 0.8359225 0.1103393 0.3495389 0.6028704 0.06545776 0.3381785 0.5936274 0.008419394 0.3360682 0.6028704 -0.08392482 0.3475832 0.6686094 -0.09587371 0.3491432 0.7237249 -0.09503144 0.3475832 0.7788404 0.06434875 0.3632244 0.5713294 0.006678164 0.358873 0.5693691 0.1290168 0.3827022 0.3400073 -0.02726739 0.3730861 0.3351545 0.1020702 0.3632244 0.5089049 0.1334608 0.3714602 0.3959224 0.06492322 0.3365989 0.5808747 0.08242136 0.4112743 0.2878774 -0.01833146 0.3774836 0.2882381 0.1124247 0.3716179 0.3046966 0.04316967 0.3969357 0.01573616 0.01270473 0.4021506 0.01573616 0.03144127 0.3930963 0.01573616 0.03253132 0.4327286 0.01573616 0.04706281 0.4267675 0.01573616 0.0156455 0.4217873 0.01573616 0.05101799 0.4112742 0.01573616 0.01116412 0.4080584 0.01614987 0.0217055 0.3958039 0.003925263 0.04706281 0.4267675 0.01573616 0.05101799 0.4112742 0.01573616 0.01462948 0.5981926 0.5395969 -0.003218173 0.5986139 0.5384188 0.01264131 0.6036458 0.5063498 0.0273258 0.602637 0.532251 -0.001629292 0.6000327 0.5126141 0.06159484 0.3984181 0.5437555 0.07681334 0.3769646 0.5424091 0.08774429 0.3494842 0.5409057 0.08227878 0.3632244 0.5416573 0.02598315 0.6030857 0.5152344 0.02852541 0.4469065 0.3374233 0.0278244 0.4080625 0.5030339 0.04744166 0.4338449 0.3963565 0.0362786 0.4526565 0.3022462 0.04039269 0.4312351 0.01573616 0.004938721 0.6025859 0.5054743 0.01047599 0.613714 0.5411281 -0.007371664 0.6141353 0.5399499 0.02182966 0.6186072 0.5167658 0.02317225 0.6181584 0.5337823 -0.01390546 0.6158202 0.5249472 -0.003698408 0.6162282 0.5019623 0.005386769 0.6166196 0.5215974 0.001367568 0.3920177 0.5380527 -0.00177747 0.3726568 0.5379412 -0.005289614 0.3473303 0.5378165 -0.003533601 0.3599935 0.5378788 -0.006164014 0.5993233 0.5313028 -0.01145946 0.6154648 0.5315976 0.01356381 0.6457067 0.5269244 0.01318353 0.6455061 0.5331091 0.007923424 0.644221 0.5364964 0.007879137 0.6452475 0.5291826 5.6602e-4 0.6491977 0.5450583 -0.008286714 0.6491878 0.541766 -0.01165264 0.6506739 0.5371124 -0.01423007 0.649967 0.531555 -0.01335233 0.6518245 0.5214927 -0.005168199 0.6508049 0.5318424 0.008948802 0.3450261 0.2720624 0.02166503 0.3953561 0.01573616 0.04905736 0.393544 0.003925263 0.05014735 0.4331763 0.003925323 0.01568591 0.422235 0.003925263 0.06078577 0.3973835 0.003925263 0.06863403 0.411722 0.003925263 0.0646789 0.4272153 0.003925323 0.0127452 0.4025985 0.003925263 0.01146799 0.4082864 0.003925263 0.05800873 0.4316829 0.003925323 0.002258837 0.4988418 0.514053 0.008677303 0.4991252 0.5492933 0.0324555 0.5015285 0.5179397 0.02111774 0.4999993 0.5505755 0.03444033 0.5034386 0.5490075 0.03623896 0.5025196 0.5296939 0.01715421 0.5056403 0.5097454 0.004129469 0.4989835 0.534044 0.06177788 0.3926427 0.1456898 0.01034247 0.379034 0.1508251 0.03133052 0.3742162 0.1406024 0.02393484 0.4311494 0.1507033 0.06166559 0.4278904 0.1504717 0.01121646 0.4155055 0.1507667 0.06880247 0.4100258 0.1506876 0.009037971 0.3945626 0.1509199 0.05175691 0.4364776 0.1505875 0.02037948 0.3757028 0.1459364 0.01120418 0.4068742 0.5669244 0.02821773 0.4095957 0.5688675 -0.007408499 0.4048237 0.507531 0.06035047 0.4087181 0.5223803 0.05228304 0.4147453 0.5718706 0.05831617 0.4118791 0.5419372 0.02644473 0.4206798 0.5039018 0.00172466 0.405849 0.5375344 -0.005958378 0.4189264 0.5085093 0.05616623 0.4226397 0.5217142 0.04960668 0.4280493 0.5684411 0.05500459 0.4254752 0.5401008 0.02505111 0.4334239 0.5047784 0.002085447 0.4198192 0.5370108 0.01082515 0.4207119 0.5642799 0.02715271 0.4231562 0.5661238 0.06156629 0.3935065 0.1195398 0.01081782 0.3836855 0.1236418 0.03135281 0.3780153 0.1154762 0.02566468 0.4314671 0.1235445 0.06225997 0.4276643 0.1233596 0.01210772 0.4167695 0.1235952 0.06875658 0.410277 0.1235319 0.009465813 0.3972783 0.1238008 0.05300295 0.4354227 0.123452 0.02063816 0.3796575 0.1197369 -0.00184971 0.4588841 0.5112812 0.04431086 0.4620842 0.519827 0.04202347 0.465744 0.5587244 0.04562175 0.4639975 0.5348974 0.02110266 0.4695321 0.5072619 0.003107428 0.4594014 0.5355275 0.0097512 0.4599186 0.5567865 0.02413517 0.4615778 0.5583496 0.001673877 0.5140641 0.5138365 0.02947479 0.5168903 0.5161963 0.03337007 0.5183612 0.5464869 0.0346961 0.5176481 0.5275186 0.0153166 0.520224 0.509103 0.002581 0.5140779 0.5336316 0.006887853 0.5140915 0.5476573 0.02014166 0.5147709 0.5489239 0.009923517 0.2963657 0.2613081 0.06643158 0.2592878 0.2605364 -0.01331973 0.2949889 0.2766103 0.0352835 0.2976849 0.2446125 0.01114034 0.2043774 0.2762288 0.06252914 0.2063506 0.2889524 -0.01326632 0.2299692 0.2764276 0.08126014 0.2328398 0.2761797 -0.0159977 0.2650677 0.2765294 0.03759849 0.1927306 0.2893148 0.06612932 0.2587732 0.2530763 -0.0117827 0.2930392 0.2684396 0.03502672 0.295873 0.2378562 0.01197147 0.2049282 0.268075 0.06247305 0.206985 0.2799571 -0.01167601 0.2298739 0.268265 0.08045095 0.2329139 0.268028 -0.01437145 0.2640529 0.2683702 0.03851813 0.193692 0.2803034 0.01060271 0.294543 0.2538139 0.009745657 0.3471646 0.2632702 0.06651073 0.384585 0.2624896 -0.01372212 0.3485082 0.2787494 0.03535073 0.3458483 0.2463812 0.01092272 0.4397745 0.2783635 0.0625438 0.4378231 0.2913075 -0.01368278 0.4140134 0.2785646 0.08147197 0.4111872 0.2783138 -0.01642352 0.3786742 0.2786656 0.03735762 0.4515286 0.291674 0.06622874 0.3850651 0.25553 -0.01228827 0.350327 0.2711269 0.03511118 0.3475385 0.2400784 0.011698 0.4392606 0.2707569 0.06249147 0.4372312 0.2829158 -0.01219916 0.4141024 0.2709498 0.08071702 0.4111181 0.2707092 -0.0149064 0.3796209 0.2710539 0.03821557 0.4506318 0.2832674 0.01037931 0.348865 0.2562788 0.05826389 0.2440117 0.5595107 0.0797134 0.3220038 0.5532503 0.0266546 0.04114615 0.5237426 0.07001447 0.267043 0.5575745 0.07661312 0.2945233 0.5554124 0.07331383 0.2807831 0.5564935 0.02250111 0.02562481 0.525274 0.00793147 0.02884078 0.5313627 0.01337385 -0.001598715 0.5300168 0.00790143 -7.26662e-4 0.5328394 -0.002300918 -0.005993604 0.5384503 0.03533971 0.1410285 0.5393507 0.05529963 0.2306953 0.5569038 0.05230563 0.2172453 0.5542709 0.0438227 0.1791369 0.5468108 0.03403317 0.126003 0.5370026 0.05826383 0.3999959 0.5595107 0.02665448 0.6028613 0.5237427 0.07001441 0.3769646 0.5575745 0.07661312 0.3494842 0.5554124 0.07331383 0.3632244 0.5564935 0.02250099 0.6183827 0.525274 0.007931351 0.6151668 0.5313627 0.01337367 0.6456063 0.5300168 0.00790131 0.6447343 0.5328394 -0.002301037 0.6500012 0.5384503 0.03533965 0.502979 0.5393508 0.05529963 0.4133122 0.5569038 0.05230563 0.4267624 0.5542709 0.04382264 0.4648707 0.5468108 0.03403311 0.5180047 0.5370027 0.001253843 0.1549406 0.513375 0.03535568 0.1521282 0.5184015 0.03629547 0.1497901 0.5513846 0.03853428 0.1509115 0.5309668 0.01812016 0.1472004 0.5091379 0.003879547 0.154707 0.5344069 0.0089401 0.1544733 0.5511263 0.02185595 0.1534072 0.5524772 0.0374149 0.1503508 0.5411757 0.001382827 0.4903224 0.513462 0.03498315 0.4931188 0.5183421 0.03605711 0.4954018 0.5510793 0.03823941 0.4943065 0.5308033 0.01799601 0.4979417 0.509216 0.003911554 0.4905443 0.5343603 0.008906245 0.4907661 0.5508909 0.02176105 0.4918076 0.552233 0.03714829 0.4948541 0.5409413 -0.001307904 0.05233663 0.5127329 0.0142787 0.04879999 0.5073075 0.0279138 0.04956763 0.5336355 0.02683079 0.04923194 0.5164292 0.005948305 0.04943251 0.5058271 -0.005313336 0.05297571 0.5315292 -0.002235114 0.05361473 0.5393172 0.01516568 0.05392897 0.540504 0.02737224 0.04939973 0.5250324 -0.0013507 0.5927811 0.5127172 0.01406127 0.5963279 0.5071804 0.02783566 0.5955281 0.5334518 0.02671813 0.5958789 0.5162708 0.005814135 0.5956386 0.5057804 -0.005426347 0.5921326 0.5314993 -0.002365708 0.5914843 0.5391979 0.01509445 0.5911559 0.5403836 0.02727687 0.5957036 0.5248613</float_array>
          <technique_common>
            <accessor source="#player-mesh-positions-array" count="685" stride="3">
              <param name="X" type="float"/>
              <param name="Y" type="float"/>
              <param name="Z" type="float"/>
            </accessor>
          </technique_common>
        </source>
        <source id="player-mesh-normals">
          <float_array id="player-mesh-normals-array" count="2055">0.942808 -0.3061918 0.1317566 0.6581351 -0.5553417 0.5083836 0.707979 -0.7061031 0.01357132 -0.336789 -0.9237437 0.1824026 -0.6207144 -0.5452825 0.5633656 -0.711228 -0.6874821 0.1467078 -0.2716649 -0.5838783 -0.7650388 -0.5827263 -0.2697014 -0.7666103 -0.3665153 -0.5669606 -0.7377143 -0.3383104 -0.3166732 0.8861514 -0.2858979 -0.7205123 0.6317629 -0.3782344 1.15912e-6 0.9257099 -0.7429398 -0.1568041 0.6507326 -0.3693462 -0.2057341 0.9062322 0.3561614 -0.3369648 0.8715526 0.3401879 -0.7061119 0.62103 -0.00111109 -0.3549003 0.9349035 2.43422e-7 -0.7448096 0.6672772 -0.1796708 -0.3405434 0.9229023 -0.1593319 -0.7359919 0.6579737 0.7606685 -0.1570335 0.6298602 0.3731659 0 0.9277647 0.3647347 -0.2049961 0.908265 8.82652e-5 -0.2214431 0.9751734 -0.1922444 -6.57594e-7 0.9813471 -0.1854237 -0.2111782 0.9596988 -0.6035692 -0.1636168 -0.7803422 -0.7057388 -0.4852229 -0.5162281 0.7692164 -0.2467323 -0.5894314 0.3593514 -0.2116938 -0.9088742 0.7788487 -0.1550887 -0.6077353 0.1218709 -0.6069138 -0.7853683 0.6688268 -0.3775091 -0.6404356 -0.938533 -0.3233689 0.1207826 -0.9896662 -1.60847e-7 0.1433913 -0.961601 -0.1174798 0.2480365 0.6528359 -0.5745908 -0.49361 0.2829219 -0.3768981 -0.8819882 0.2433552 -0.6846154 -0.6870808 -0.1568517 -0.5958533 -0.7876272 -0.163221 -0.7494987 -0.6415688 -0.5644418 -0.564442 -0.6023377 -0.8637768 -0.3457528 -0.3665308 -0.6297474 -0.1623592 -0.7596433 -0.917425 -3.30425e-7 -0.3979088 -0.6481288 3.21767e-7 -0.7615308 -0.6768694 -0.6768694 -0.2893021 -0.9247907 -0.3669798 -0.1004397 -0.9040095 -0.1810919 -0.3872629 -0.9954258 -2.30059e-7 -0.0955376 -0.6915369 -0.7179107 -0.07988244 -0.9559314 -0.1779233 0.2335349 -0.9764436 -0.1930843 -0.09631419 -0.9249641 -0.3209745 0.2035114 -0.9690627 5.84807e-7 0.246815 -0.3345244 -0.8743079 -0.3516803 -0.2722206 -0.9598016 -0.0683875 0.357827 -0.9284788 -0.09943354 -0.03635632 -0.6245005 -0.7801778 -0.1598803 -0.9324324 -0.3240496 0.6407546 -0.7397003 0.2056138 0.6594462 -0.7031632 0.2658803 0.3346484 -0.9395589 -0.07238602 -0.00239551 -0.9573786 -0.288826 0.01312154 -0.9968383 -0.07836657 0.009859859 -0.992476 0.1220423 0.127525 -0.9889763 -0.07525569 0.3489568 -0.9339328 0.07745218 -0.154321 -0.9757043 0.1555195 0.9202651 -0.3683637 0.1319856 0.8875665 -0.3529806 0.2960243 0.9540691 -0.2581267 0.1520618 0.9748758 -0.1737134 0.1394311 0.9205767 -0.2318522 0.3142979 0.7380453 -0.2811176 0.6134021 -1.17717e-4 -0.2222389 0.9749923 0.7865831 -0.4883286 0.3779184 0.8757385 -0.2061086 0.4365791 0.9784184 -0.1723259 0.1140235 -0.03658646 -0.8646652 0.5010145 -0.6492545 -0.2022255 0.733194 -0.1398863 -0.2180694 0.965856 -0.6601086 -0.7181764 0.2201802 -0.1031688 -0.9740287 0.2015552 0.01852846 -0.9751315 0.2208516 0.4768663 -0.8631804 0.1658864 0.7332758 -0.6603313 -0.1620779 0.7336896 -0.6587589 0.1665418 -0.988659 0.005711019 0.1500697 -0.9968187 -4.7374e-7 0.07970261 -0.9961813 0.01849156 0.08532953 -0.9585565 0.003901422 0.2848756 -0.9964508 -5.25232e-7 0.08417826 -0.9913606 0.0763399 0.1066607 -0.9905422 -8.99479e-7 0.1372085 0.8184902 -0.4604634 0.3435802 0.7437741 -0.6680701 0.02196508 0.7001599 -0.6455823 0.3049583 -0.8555235 0.06683433 -0.5134325 -0.9637479 0.2460294 0.1032459 -0.9924659 0.08249151 0.09059035 -0.6890624 -0.6122675 0.3877133 -0.8611589 -2.05655e-6 -0.508336 -0.7303793 -0.4760795 -0.4897903 0.7527695 -0.5385193 0.3785964 0.8558594 -0.5044189 0.1143078 0.6880428 -0.3719717 -0.6230843 0.9806735 -0.1770252 0.08331698 0.5207633 -0.2959452 0.8007635 0.08100205 -0.8015809 -0.5923739 0.8196048 -0.3018878 0.4869412 -0.9376516 -0.3470583 -0.0189746 -0.9436264 -0.2853972 0.1676841 -0.9403604 -0.1419495 0.3091485 -0.9484893 -0.09432268 0.3024422 -0.92918 -0.3377538 0.150157 -0.6579823 -0.7316486 0.1781845 0.8876164 -0.3940287 -0.2384921 0.9413695 -0.06294417 0.3314537 0.9730257 -0.1751223 0.1501768 0.7580341 -0.1550412 0.6335193 0.9184921 -0.2301157 0.3215884 0.9535815 -0.2573798 0.156327 0.7795984 -0.1532287 -0.6072457 -0.7364835 -0.2293524 0.6363879 -0.9588373 -0.1761798 0.2226918 -0.9763342 -0.1920605 -0.09942054 -0.9074789 -0.1800416 -0.3795618 -0.934065 -0.1373043 0.3296515 0.3808459 -0.2088924 -0.9007334 -0.7173547 -0.4778048 -0.5070551 -0.6196075 -0.157244 -0.7689999 -0.1807134 -0.211352 0.9605588 0.3549085 -0.2046508 0.9122269 -0.3604972 -0.2049283 0.9099705 0.7845993 1.28604e-6 -0.6200033 0.3981081 -0.206944 -0.8936913 0.4165815 7.89524e-7 -0.9090985 0.713118 -0.3587138 -0.6023183 0.8295695 4.14846e-7 -0.5584035 0.9524934 -0.2578232 0.1621224 0.7785476 -0.153748 -0.6084614 0.9291161 4.14164e-7 0.3697881 0.9817636 9.19602e-7 0.190106 0.9713233 -0.1755958 0.1603035 0.9157959 -0.2308396 0.3286807 0.9843262 9.85653e-7 0.1763572 0.9860907 -0.164278 0.02525764 0.9247831 -1.86677e-7 0.3804949 0.999731 -9.65547e-7 -0.02319836 0.9958403 0 0.09111696 0.9333517 -0.2649272 -0.2422152 0.969255 3.79441e-7 -0.2460588 0.7693202 1.33038e-6 0.6388635 0.8289542 -0.3548895 0.4323062 0.8858298 3.01165e-7 0.4640104 -0.1834341 -0.211548 0.9599997 -3.62292e-5 -0.2228397 0.9748552 0.9301168 -0.3591751 0.07665467 -0.9221878 -0.3369349 0.1898539 -0.9855086 -0.1319191 0.1066319 -0.9827374 -0.1092121 0.1493319 -0.9419184 -0.1290957 0.3100389 -0.9764837 -0.1789984 0.1201633 -0.7422427 -0.1549626 0.6519682 -0.9574322 -0.1769436 0.2280671 -0.9763228 -0.1930342 -0.09763044 -0.9056411 -0.1807024 -0.3836158 -0.944977 -0.1365259 0.2972866 -0.365347 -0.2055419 0.9078955 0.3607321 -0.2054536 0.9097588 0.7593137 -0.1549646 0.6320038 -0.8807548 0.1967329 -0.4307751 -0.8599002 0 -0.5104623 0.7482724 -0.2669583 -0.6073069 0.4597375 4.73938e-7 -0.888055 0.7642574 0 -0.6449114 -0.540779 0.4915882 -0.682568 -0.5999157 5.1231e-7 -0.8000633 0.1988372 0.4541128 -0.8684731 -0.04313272 4.08885e-7 -0.9990694 0.818326 0.2101596 -0.5349537 0.7409047 -0.3838918 -0.5510784 0.8517001 -0.426207 -0.3048843 -0.9042066 -0.4063068 -0.1316252 0.08364546 -0.9908549 0.1058778 0.4863854 -0.871515 0.06237798 -0.9791099 -0.01865237 -0.2024748 -0.74154 -0.1550065 0.6527568 -0.9166673 -0.331537 0.223169 -0.9815666 -0.1563966 0.1098502 0.9290099 -0.05888056 0.3653405 0.7893742 -0.193265 0.5826982 0.9917294 -0.08475226 -0.09638464 0.703032 -0.7058726 -0.08654433 -0.7264645 0.624987 -0.2857285 -0.2184526 0.9433184 -0.2498579 -0.9995813 -0.01380026 -0.02543377 -0.8418444 0.5366442 -0.0575428 -0.9994049 -0.03137189 -0.0143494 -0.9805992 0.001268863 -0.1960197 -0.8996734 -0.4035025 -0.166654 -0.5875115 -0.8045769 -0.08652424 -0.5568192 -0.8303193 -0.02285325 -0.4490587 -0.8866693 -0.1102904 0.194207 -0.9637665 0.1828603 0.1310832 -0.9903177 -0.0456947 0.1341373 0.9805417 -0.1433358 0.5389845 0.8095726 0.2325683 -4.29187e-4 0.9966176 -0.0821774 -0.9746572 0.2164993 -0.05631446 -0.9098513 0.1780452 0.374794 -0.2893102 0.07583534 -0.9542267 0.3536427 -0.234353 -0.9055472 -0.232153 0.2310719 -0.9448338 -0.593638 -0.01330339 0.8046222 0.225556 -0.05930465 0.9724235 0.1768639 -0.1339114 0.9750831 0.9950266 -0.078902 -0.06080085 0.8880069 -0.161286 0.4306165 0.9824355 -0.1726616 -0.07077163 0.855831 -0.1446631 0.4966147 0.3935171 0.02093625 -0.919079 0.849429 -0.1427259 -0.5080351 0.7960947 -0.1041762 0.596138 0.7641301 6.41719e-7 0.6450622 0.8444193 -0.1636587 0.5100706 0.870662 -0.3048003 0.3860629 0.9113135 -0.3913004 0.1280311 -0.8309842 0.2600053 -0.4917952 0.8355635 -0.5254519 -0.1604183 0.7761939 -0.6278452 -0.05773603 0.2783215 -0.6848563 -0.6734308 0.3650977 -0.7585299 -0.5397557 -0.6826833 -0.6589802 -0.3157352 -0.5846928 0.1120327 0.8034818 0.223564 -0.04709881 0.9735506 0.8388547 -0.2390052 0.4890803 0.9541147 -0.2922395 -0.06527835 -0.1884343 -0.2150387 -0.9582541 0.5677753 -0.4846566 -0.6653866 -0.1575883 -0.9858734 0.05674195 0.4805075 -0.5980512 0.6414417 0.5523936 -0.8256344 -0.1148445 -0.5913444 0.1723408 0.7877883 -0.9820427 2.16254e-7 0.188659 0.4993752 -0.7645924 0.4074594 -0.7509695 -0.6550254 0.08358561 0.5385028 -0.8399823 0.06666839 -0.4666309 -0.5262692 0.7108421 0.5179673 -0.8215413 -0.2382853 -0.6131999 -0.6816496 0.3991737 -0.4781581 -0.5144965 0.7117992 -0.3245657 -0.7501538 -0.5761306 -0.804444 -0.5639493 0.1866311 0.3449448 0.9040232 -0.252498 0.1953816 0.814156 -0.5467871 -0.7503031 -0.01507967 -0.660922 -0.6387287 0.4107775 -0.6506055 -0.2875263 0.679929 -0.6745557 0.5560846 0.09335911 0.8258656 0.7015971 0.6435074 -0.3060389 -0.8002367 -0.5996403 -0.007268369 -0.5996873 -0.4939804 -0.6295701 -0.2912198 -0.9456751 -0.1445327 -0.05616211 -0.8460711 -0.5301036 0.8318809 -0.4854226 -0.2689594 0.9645144 0.09931921 -0.2446377 -0.4248371 0.9010035 -0.08778434 0.5537872 -0.7544562 -0.3523005 0.4857366 -0.4620581 0.7419988 -0.9788857 -0.0367785 0.2010723 -0.6389394 -0.07375597 0.7657132 -0.6416774 -0.1292802 0.7560006 0.1175444 -0.08604931 -0.9893326 -0.8248023 -0.03218257 -0.5645046 -0.8292825 -0.09692543 -0.5503599 0.7666982 -0.1933991 -0.6121852 0.9808 -0.1604905 -0.1107889 0.7517471 -0.1257873 -0.6473436 0.6483855 -0.3068225 0.6967469 -0.02823096 -0.1615515 0.9864604 0.6828167 -0.2323013 0.6926742 0.9675629 -0.2346944 0.09349197 0.9826483 -0.1655965 0.08354735 -0.05725848 -0.2029272 0.9775183 0.1049492 -0.01680248 -0.9943357 -0.98094 0.03042566 0.1919141 -0.3214805 0.934969 -0.1499447 0.1545734 0.9701985 -0.1866066 0.655791 -0.7444912 -0.1251844 0.4160831 -0.9078306 -0.05213892 0.8083132 -0.5876157 0.03657484 0.3193233 0.9195221 -0.2291547 0.7832732 0.6164287 -0.08061701 -0.514399 -0.8316959 -0.2089872 -0.07587194 -0.9815016 -0.1757788 -0.5453203 -0.8271158 -0.1360345 -0.9047361 -0.425817 -0.01152247 -0.9171729 -0.388897 -0.0869084 -0.9795831 0.005117237 -0.2009745 -0.7964773 0.5695874 -0.202964 -0.9945148 -0.007263064 -0.1043438 -0.8138729 0.5720072 -0.1020715 -0.3138203 0.927814 -0.2016882 0.9970884 0.01093608 -0.07546675 0.9988633 0.003503143 -0.04753845 -0.8383864 -0.1163912 -0.5325048 -0.955069 -0.03843885 0.2938806 0.8564762 -0.2296513 -0.4622865 0.1943275 -0.09026652 -0.9767748 -0.644155 -0.1272785 0.7542311 -0.1536557 -0.186497 0.9703653 0.9308893 -0.3128738 0.1885614 0.5459774 -0.3083243 0.7790024 0.9545976 -0.2454393 0.1688283 -0.8364564 -0.1155349 -0.5357167 -0.959011 -0.04193764 0.2802484 0.8485456 -0.2258769 -0.4784871 0.1827529 -0.09344679 -0.9787079 -0.643649 -0.1274524 0.7546337 -0.1427059 -0.1876988 0.9718046 0.5600448 -0.304203 0.770591 0.9567031 -0.2432879 0.1597819 0.9615464 -0.2528718 0.1071652 0.9799048 0.1129521 -0.1644037 0.7517021 0.6520379 -0.09894704 -0.8312441 -0.09996002 -0.5468469 -0.9697396 -0.04143178 0.2406008 0.8178817 -0.1941414 -0.5416446 0.1525777 -0.09269243 -0.9839351 -0.6422541 -0.1288591 0.7555826 -0.1042288 -0.1964587 0.9749566 0.6033508 -0.3040444 0.7372413 0.9625269 -0.2391933 0.1277832 0.9637616 -0.2541621 0.08102738 -0.6341174 -0.009585797 0.7731775 -0.810118 0.0660724 -0.5825318 0.9811565 -0.08687549 -0.1725822 0.7084589 -0.03759634 -0.7047501 0.01269811 -0.1192992 0.9927772 0.7319774 -0.1495231 0.6647195 0.9932615 -0.09549093 0.06567531 0.06164175 0.02925914 -0.9976694 -0.9800406 0.08703035 0.178735 0.9428076 0.3061928 0.1317567 0.6581346 0.5553421 0.5083837 0.7380447 0.2811189 0.6134022 -0.3367896 0.9237436 0.1824021 -0.6207142 0.5452827 0.5633655 -0.2858961 0.7205132 0.6317629 -0.5827267 0.2697005 -0.7666103 -0.2716651 0.5838779 -0.7650392 -0.3665138 0.566958 -0.737717 -0.3383108 0.316674 0.8861509 -0.7429394 0.1568065 0.6507326 -0.3693464 0.2057422 0.9062304 0.3561613 0.336964 0.871553 0.340187 0.7061119 0.6210305 -0.00111109 0.3549022 0.9349029 -0.1796715 0.3405421 0.9229026 -0.1593293 0.7359918 0.6579744 0.7606675 0.157034 0.6298615 0.7697763 -4.04331e-7 0.6383138 8.79067e-5 0.2214447 0.9751729 0.3647366 0.204996 0.9082642 -0.1854242 0.2111753 0.9596994 -0.6035685 0.1636223 -0.7803415 -0.7057404 0.485218 -0.5162307 0.3593522 0.2116929 -0.9088742 0.7692173 0.2467327 -0.58943 0.7788487 0.1550863 -0.6077359 0.1218701 0.6069127 -0.7853691 0.2829223 0.3768982 -0.881988 -0.9385333 0.3233682 0.1207823 -0.9985308 -1.55219e-6 0.05418777 0.6528362 0.5745903 -0.4936102 0.2433548 0.684616 -0.6870803 -0.156852 0.5958518 -0.7876282 -0.1632207 0.749499 -0.6415686 -0.5644416 0.5644426 -0.6023374 -0.8637763 0.345754 -0.3665305 -0.6768693 0.6768698 -0.2893015 -0.6297497 0.1623583 -0.7596415 -0.9040095 0.1810912 -0.3872632 -0.92479 0.3669813 -0.1004396 -0.691537 0.7179105 -0.07988232 -0.9764435 0.1930846 -0.09631407 -0.7112288 0.6874813 0.1467075 -0.955931 0.1779251 0.2335354 -0.9249636 0.3209761 0.203511 -0.3345242 0.8743082 -0.3516799 -0.2722222 0.9598011 -0.0683878 0.3578261 0.9284791 -0.09943324 0.6594458 0.7031638 0.2658796 -0.03635776 0.6245005 -0.7801777 -0.1598783 0.9324327 -0.3240497 0.6407539 0.7397008 0.2056146 -0.002395153 0.9573786 -0.2888265 0.3346474 0.9395591 -0.07238638 0.01312011 0.9968383 -0.07836663 0.7079788 0.7061033 0.0135712 0.009859681 0.9924761 0.1220419 0.3489561 0.9339331 0.07745146 -0.1543209 0.9757043 0.1555192 0.920265 0.3683643 0.1319848 0.8875662 0.3529818 0.2960241 0.9540686 0.2581287 0.1520613 0.9205764 0.2318536 0.3142979 0.9748758 0.1737133 0.1394316 0.7580339 0.1550409 0.6335195 -1.17838e-4 0.2222359 0.974993 0.8757382 0.2061096 0.4365794 0.7865843 0.4883281 0.3779165 0.9784179 0.1723269 0.1140253 -0.03658837 0.864665 0.5010147 -0.6492562 0.2022175 0.7331948 -0.6890611 0.6122691 0.387713 -0.1031694 0.9740289 0.2015541 -0.6601091 0.7181758 0.2201806 0.01852893 0.9751315 0.2208514 0.7332761 0.6603311 -0.1620771 0.4768661 0.8631806 0.1658859 0.73369 0.6587589 0.1665408 -0.9886591 -0.005710721 0.1500693 -0.9585566 -0.00390172 0.2848755 -0.9913604 -0.07634121 0.1066609 0.8184892 0.4604645 0.3435809 0.7437723 0.6680722 0.02196443 0.911314 0.3912991 0.1280305 0.7001585 0.6455841 0.3049579 -0.9636589 -0.2465936 0.1027288 -0.857074 -0.0663715 -0.5109001 -0.992547 -0.08264255 0.08955889 0.6688284 0.377509 -0.640434 -0.7303795 0.476077 -0.4897922 0.7527693 0.5385191 0.3785969 0.6880396 0.3719776 -0.6230844 -0.1398872 0.2180667 0.9658564 0 0.7448093 0.6672775 0.1275251 0.9889762 -0.0752561 -6.49034e-6 -2.03938e-7 1 0.08100098 0.8015822 -0.5923721 -0.9376515 0.3470584 -0.01897519 0.8196056 0.3018856 0.4869414 -0.9436269 0.285395 0.1676846 -0.9815669 0.1563963 0.1098495 -0.9403603 0.1419492 0.3091488 -0.9484895 0.09432041 0.3024423 -0.92918 0.3377534 0.1501572 0.8876165 0.394029 -0.2384917 0.8558601 0.5044181 0.114307 0.9413691 0.06294459 0.3314548 0.9806735 0.1770249 0.08331727 0.9730258 0.175121 0.1501779 0.7593124 0.154965 0.6320052 0.918492 0.2301156 0.3215886 0.9535815 0.2573801 0.1563262 0.7795974 0.1532263 -0.6072477 -0.9588378 0.1761783 0.2226913 -0.7364826 0.2293516 0.6363893 -0.9763346 0.1920581 -0.09942072 -0.9074796 0.1800389 -0.3795616 -0.9340649 0.1373043 0.3296521 -0.9166625 0.3315472 0.2231732 0.3808476 0.2088907 -0.9007329 -0.7173554 0.4778026 -0.5070562 -0.180714 0.2113522 0.9605585 0.3549094 0.204648 0.9122272 -0.3604971 0.2049258 0.9099709 0.3981094 0.2069441 -0.8936907 0.7785466 0.1537494 -0.6084623 0.7131168 0.3587181 -0.602317 0.9524933 0.2578237 0.1621218 0.9713231 0.1755969 0.1603038 0.9860908 0.1642776 0.02525746 0.9333515 0.2649281 -0.242215 0.9301176 0.3591733 0.07665461 0.8289539 0.3548893 0.4323068 0.7893747 0.1932629 0.5826982 -0.1834354 0.2115467 0.9599998 -3.62576e-5 0.2228403 0.974855 -0.922186 0.3369392 0.1898555 -0.9855086 0.1319186 0.1066318 -0.9419184 0.1290954 0.3100392 -0.9764838 0.1789973 0.1201636 -0.9827373 0.1092131 0.1493315 -0.7422406 0.1549661 0.6519697 -0.9574325 0.1769418 0.2280672 -0.9763236 0.1930305 -0.09763062 -0.9056417 0.1806994 -0.3836157 -0.6196085 0.1572504 -0.7689979 -0.9616013 0.1174806 0.2480351 -0.3653476 0.2055426 0.907895 0.3607352 0.2054524 0.9097579 -0.8803443 -0.1972572 -0.4313739 0.7482723 0.2669591 -0.6073067 -0.5403545 -0.4920634 -0.6825618 0.1995872 -0.4529638 -0.8689009 0.818292 -0.2105487 -0.5348528 0.7409042 0.3838928 -0.5510783 0.8512596 0.4267867 -0.3053036 -0.9042168 0.4062706 -0.1316673 -0.6579825 0.7316484 0.1781842 -0.5908159 0.8036798 -0.07095992 0.08364653 0.9908549 0.1058762 0.4863849 0.8715153 0.06237739 0.6338924 0.7719584 0.04754894 -0.9784528 0.01977443 -0.2055221 -0.9961813 -0.01849198 0.08532941 -0.7415378 0.1550074 0.6527591 -0.944977 0.1365261 0.2972862 0.9157959 0.2308397 0.3286807 0.9290102 0.05888068 0.3653397 0.9915804 0.0860756 -0.09674417 0.8460071 -0.5279987 -0.07409101 0.6989933 0.7121466 -0.06523621 -0.7265772 -0.624317 -0.286904 -0.2174368 -0.9435707 -0.2497912 -0.9995865 0.01333487 -0.02547752 -0.8381549 -0.5429995 -0.05145841 -0.815937 -0.5686072 -0.1045598 -0.97997 -0.0108605 -0.1988486 -0.9001376 0.4011092 -0.1698935 -0.6244032 0.7725368 -0.1153587 0.3113821 0.9467521 0.08186477 -0.3787636 0.9252592 -0.02082973 0.2617686 0.9431217 -0.2049356 0.1341351 -0.9805421 -0.1433348 0.5389838 -0.8095726 0.2325699 0.7517024 -0.6520376 -0.09894806 -0.9746573 -0.2164987 -0.05631637 -0.8317238 -0.2589038 -0.4911258 -0.2957491 -0.07704484 -0.9521537 0.3534281 0.2336033 -0.9058245 0.3884074 -0.02116787 -0.9212446 0.2263312 0.05876153 0.9722763 -0.5928058 0.01334631 0.8052349 0.1790089 0.1340277 0.9746755 0.9949147 0.078821 -0.06270545 0.8881021 0.1610178 0.4305206 0.8569395 0.1451468 0.4945576 0.8491676 0.1416953 -0.50876 0.8786374 0.04139727 -0.4756917 0.796096 0.1041753 0.5961366 0.844419 0.1636589 0.5100712 0.870662 0.3048006 0.3860626 0.9308899 0.312872 0.1885608 0.77349 0.604108 -0.1917474 0.8119828 0.5687362 -0.1312369 0.2783233 0.6848559 -0.6734305 0.3650895 0.7585371 -0.5397511 0.5677757 0.4846531 -0.6653888 0.2235638 0.04709899 0.9735507 -0.5846319 -0.1117836 0.8035609 0.9541149 0.292239 -0.06527817 0.9824668 0.1724342 -0.07089102 -0.1884335 0.2150402 -0.9582539 -0.2321538 -0.2310736 -0.9448331 -0.1575912 0.9858732 0.05673772 0.4805113 0.5980561 0.6414343 -0.5913463 -0.1723411 0.7877869 -0.750973 0.6550222 0.08357954 0.4993739 0.7645961 0.4074541 0.5385041 0.8399811 0.06667369 0.8388535 0.2390095 0.48908 -0.4666367 0.5262636 0.7108424 -0.6826824 0.6589806 -0.3157363 -0.6132003 0.6816489 0.3991746 -0.4781568 0.5144996 0.711798 0.5523957 0.8256322 -0.1148512 -0.9098526 -0.178045 0.3747907 -0.3245669 0.7501534 -0.5761305 -0.8044424 0.5639511 0.1866327 0.3473653 -0.9030752 -0.2525718 0.1953824 -0.8141584 -0.5467831 -4.32166e-4 -0.9966179 -0.08217459 0.196331 0.7426599 -0.6402425 0.9645142 -0.09931981 -0.2446384 -0.2875255 -0.6799307 -0.6745542 -0.4248321 -0.9010062 -0.08778309 0.7015981 -0.6435064 -0.3060386 0.5560847 -0.09335845 0.8258656 -0.8002376 0.5996391 -0.007268369 -0.7618821 0.03070479 -0.6469876 -0.9986176 0.04525029 -0.02674806 -0.2912147 0.9456765 -0.1445344 -0.5905393 0.5035214 -0.630658 0.8318825 0.4854198 -0.2689596 0.4857413 0.4620548 0.7419978 0.3370906 0.8831505 -0.3262138 -0.6389574 0.07361191 0.765712 -0.979229 0.03629606 0.1994824 -0.6416691 0.1293473 0.7559962 -0.8250386 0.0337969 -0.564065 0.116243 0.08534169 -0.9895476 -0.8293439 0.09604871 -0.550421 0.7645979 0.1935204 -0.6147682 0.9808933 0.1595412 -0.1113326 0.9679476 0.2381893 -0.07964551 0.6502351 0.3074781 0.6947312 -0.02759277 0.1609845 0.9865711 -0.05496275 0.2034595 0.9775395 0.9677308 0.2346423 0.0918703 0.6829436 0.2320592 0.6926302 0.7517013 0.1257001 -0.647414 0.1545742 -0.9701982 -0.1866075 -0.3214799 -0.9349692 -0.1499447 0.655269 0.7466661 -0.1145099 0.2495958 0.9614001 0.1158095 0.2460391 0.9634202 -0.1062372 0.3221974 -0.9185654 -0.2289682 0.783303 -0.6163656 -0.08080816 0.8444138 -0.5299517 -0.07820808 -0.4741793 0.8757823 -0.09032934 -0.9052764 0.4247251 -0.009131431 -0.4975747 0.8543199 -0.1501901 -0.9165001 0.3903772 -0.08736974 -0.9815113 -0.007049918 -0.1912746 -0.7953003 -0.5722037 -0.200201 -0.7323295 -0.6183135 -0.2852755 -0.3138176 -0.9278154 -0.2016854 0.9970883 -0.01093715 -0.0754671 0.8502768 0.5252056 -0.0344749 0.9988641 -0.003504574 -0.04752022 -0.8383852 0.1163972 -0.5325053 0.856476 0.2296537 -0.4622857 -0.6441549 0.1272709 0.7542324 0.5459766 0.3083251 0.7790027 0.5207627 0.2959458 0.8007636 -0.1536551 0.186498 0.9703652 -0.9550693 0.03843855 0.2938795 -0.8364567 0.1155353 -0.5357161 0.1943276 0.09027069 -0.9767743 0.8485451 0.2258771 -0.478488 -0.6436489 0.1274513 0.7546339 0.9545973 0.2454392 0.1688305 0.5600435 0.304203 0.7705919 -0.1427053 0.1876999 0.9718045 0.9615467 0.2528711 0.1071646 0.9799046 -0.1129528 -0.1644043 -0.9935302 0.006532788 -0.1133807 -0.9590112 0.04193854 0.2802475 -0.8312447 0.09995841 -0.5468459 0.1827529 0.09344607 -0.978708 0.8179065 0.1939556 -0.5416737 -0.6422545 0.1288599 0.7555821 0.9567025 0.2432883 0.1597843 0.603425 0.3038637 0.7372552 -0.1042245 0.1964478 0.9749593 0.9637618 0.2541616 0.0810256 -0.6341176 0.009585559 0.7731772 -0.9809404 -0.03042382 0.1919125 -0.810113 -0.06611621 -0.5825338 0.1049494 0.01680642 -0.9943356 0.9811567 0.08687108 -0.1725834 0.01269888 0.1192961 0.9927775 0.9826872 0.1654081 0.08346366 0.7319821 0.1494939 0.6647209 0.7084615 0.03756332 -0.7047492 -0.9800407 -0.08702731 0.1787356 0.04958343 -0.9960417 0.07377344 0.8458466 0.5281534 -0.07481682 0.6366044 -0.7704461 0.03387695 -0.2266159 0.9399234 -0.255322 -0.8982964 -0.4055036 -0.1692053 -0.729373 0.6214116 -0.2861166 0.9934315 -0.07557427 -0.08592206 0.843537 0.5313045 -0.07849276 -0.1036384 0.9862617 -0.128635 -0.2253554 -0.9402483 -0.2552412 -0.8983766 0.4055805 -0.1685947 0.9933362 0.07670259 -0.08602297 0.9932618 0.0954864 0.06567627 0.9625337 0.2391657 0.127784 0.5179715 0.8215388 -0.2382847 0.9719823 -0.2349877 0.005594551 0.9682525 -0.2383338 -0.07539272 0.8804078 -0.04185557 -0.4723666 0.9719889 0.2349604 0.005593776 -0.9697548 0.04160004 0.2405106 0.1524279 0.09290885 -0.9839379 0.06163859 -0.02924668 -0.9976699 -0.7517954 1.24861e-6 0.6593964 -0.6399765 -0.4066371 -0.6519789</float_array>
          <technique_common>
            <accessor source="#player-mesh-normals-array" count="685" stride="3">
              <param name="X" type="float"/>
              <param name="Y" type="float"/>
              <param name="Z" type="float"/>
            </accessor>
          </technique_common>
        </source>
        <source id="player-mesh-map">
          <float_array id="player-mesh-map-array" count="8148">0.2114008 0.8792226 0.1945428 0.9097183 0.1833916 0.8761491 0.8102447 0.8895166 0.7658144 0.9165303 0.7736475 0.8797466 0.788672 0.7804214 0.7460038 0.7915956 0.7462803 0.7464048 0.7549934 0.9517152 0.7658144 0.9165303 0.7908594 0.9345436 0.7157191 0.9571124 0.7254684 0.9185316 0.7294105 0.9563487 0.1945428 0.9097183 0.2056128 0.9368898 0.1772333 0.9242162 0.1772333 0.9242162 0.1950341 0.9610224 0.1623829 0.9392724 0.7606484 0.9611818 0.7908594 0.9345436 0.7977217 0.9408064 0.2286829 0.9144693 0.2359957 0.941285 0.2253671 0.9407945 0.2359957 0.941285 0.2217108 0.968001 0.2253671 0.9407945 0.7154123 0.968851 0.7294105 0.9563487 0.7309105 0.9677795 0.7462803 0.7464048 0.7379787 0.7898406 0.7387279 0.7446498 0.2146083 0.80186 0.2113637 0.77363 0.220903 0.8001787 0.2113637 0.77363 0.1982808 0.7510207 0.2091028 0.7456481 0.7274873 0.7308586 0.7219824 0.7168342 0.736451 0.7158906 0.1949131 0.807484 0.2021316 0.7789083 0.2146083 0.80186 0.1781148 0.7980827 0.1982808 0.7510207 0.2021316 0.7789083 0.7941158 0.7732662 0.7462803 0.7464048 0.7530654 0.7393796 0.7719381 0.7986891 0.7485536 0.8184713 0.7460038 0.7915956 0.7290358 0.7886509 0.7194097 0.8158594 0.7201275 0.7883411 0.7780355 0.8243949 0.7490881 0.8499404 0.7485536 0.8184713 0.729454 0.8164377 0.71854 0.8491682 0.7194097 0.8158594 0.7736475 0.8797466 0.7490881 0.8499404 0.7800836 0.8506171 0.7273746 0.8814637 0.71854 0.8491682 0.7290313 0.8493448 0.7658144 0.9165303 0.7457585 0.8806455 0.7736475 0.8797466 0.7254684 0.9185316 0.7176896 0.8817133 0.7273746 0.8814637 0.8049676 0.8117259 0.7719381 0.7986891 0.788672 0.7804214 0.81203 0.8510516 0.7780355 0.8243949 0.8049676 0.8117259 0.8102447 0.8895166 0.7800836 0.8506171 0.81203 0.8510516 0.1949131 0.807484 0.1672978 0.8230418 0.1781148 0.7980827 0.1672978 0.8230418 0.1462141 0.7871013 0.1781148 0.7980827 0.8149703 0.8070252 0.788672 0.7804214 0.7941158 0.7732662 0.1831261 0.8437631 0.1672978 0.8230418 0.1895166 0.8276197 0.1522901 0.8555854 0.1350007 0.818492 0.1672978 0.8230418 0.8237552 0.8505392 0.8049676 0.8117259 0.8149703 0.8070252 0.1833916 0.8761491 0.1522901 0.8555854 0.1831261 0.8437631 0.1522901 0.8555854 0.1374149 0.898052 0.1325057 0.8581804 0.8237552 0.8505392 0.8102447 0.8895166 0.81203 0.8510516 0.1945428 0.9097183 0.1616699 0.8877335 0.1833916 0.8761491 0.1772333 0.9242162 0.1374149 0.898052 0.1616699 0.8877335 0.820421 0.8939558 0.7908594 0.9345436 0.8102447 0.8895166 0.2126938 0.8236667 0.1949131 0.807484 0.2146083 0.80186 0.2121471 0.8420951 0.1895166 0.8276197 0.2126938 0.8236667 0.2121471 0.8420951 0.1833916 0.8761491 0.1831261 0.8437631 0.2197425 0.8241971 0.2146083 0.80186 0.220903 0.8001787 0.2197425 0.8241971 0.2121471 0.8420951 0.2126938 0.8236667 0.2189214 0.8792675 0.2121471 0.8420951 0.2193647 0.8418681 0.2189214 0.8792675 0.2152152 0.9134845 0.2114008 0.8792226 0.2073912 0.9652075 0.1881365 0.9770617 0.1950341 0.9610224 0.2064341 0.7342408 0.1955074 0.718843 0.2143629 0.7347146 0.7505343 0.7326769 0.763244 0.710457 0.7680363 0.7206608 0.7839365 0.6016125 0.8060334 0.5725161 0.8060024 0.6031744 0.1706517 0.6124737 0.1950796 0.5782555 0.1990464 0.6099551 0.7435485 0.5977006 0.7262204 0.5469784 0.7436994 0.5485496 0.7379289 0.6919224 0.7231798 0.6699292 0.7404071 0.6702896 0.7404071 0.6702896 0.725008 0.5969561 0.7435485 0.5977006 0.1980377 0.6985877 0.1807818 0.685586 0.1992197 0.6773017 0.1992197 0.6773017 0.1706517 0.6124737 0.1990464 0.6099551 0.8769077 0.7535209 0.8714586 0.765558 0.8679224 0.7615562 0.7530654 0.7393796 0.7389157 0.7322221 0.7505343 0.7326769 0.2091028 0.7456481 0.2064341 0.7342408 0.2143629 0.7347146 0.7213152 0.7427172 0.7274873 0.7308586 0.7301782 0.7432376 0.1982808 0.7510207 0.1869325 0.7414906 0.2064341 0.7342408 0.2091122 0.6768681 0.1990464 0.6099551 0.2086358 0.6096029 0.2152178 0.7436795 0.2143629 0.7347146 0.2191612 0.7346508 0.2064341 0.7342408 0.1771028 0.7257979 0.1813354 0.7141404 0.7387279 0.7446498 0.7389157 0.7322221 0.7462803 0.7464048 0.1374149 0.898052 0.1511497 0.9495069 0.1203954 0.9025681 0.1325057 0.8581804 0.1203954 0.9025681 0.1141136 0.8599708 0.1325057 0.8581804 0.1172554 0.8177681 0.1350007 0.818492 0.1350007 0.818492 0.1315749 0.7814565 0.1462141 0.7871013 0.1462141 0.7871013 0.1785037 0.7470052 0.1982808 0.7510207 0.2217108 0.968001 0.2362342 0.9875889 0.2195819 0.9859637 0.1950341 0.9610224 0.1511497 0.9495069 0.1623829 0.9392724 0.7942013 0.6627383 0.7839365 0.6016125 0.8060024 0.6031744 0.2074998 0.6996254 0.1992197 0.6773017 0.2091122 0.6768681 0.7687519 0.6704026 0.7624446 0.5994089 0.7839365 0.6016125 0.7535664 0.6916064 0.7687519 0.6704026 0.7656604 0.6917002 0.7839365 0.6016125 0.770522 0.5568724 0.7873393 0.562982 0.1990464 0.6099551 0.2040132 0.5778234 0.2086358 0.6096029 0.2143629 0.7347146 0.2039332 0.7217167 0.2191612 0.7346508 0.2231184 0.8793522 0.2215743 0.9140454 0.2189214 0.8792675 0.2231184 0.8793522 0.2193647 0.8418681 0.2233793 0.8417471 0.223668 0.8244541 0.2193647 0.8418681 0.2197425 0.8241971 0.223668 0.8244541 0.220903 0.8001787 0.2244552 0.7994359 0.7418929 0.917243 0.7370656 0.8810991 0.7457585 0.8806455 0.7457585 0.8806455 0.739574 0.8496017 0.7490881 0.8499404 0.7485536 0.8184713 0.739574 0.8496017 0.7395048 0.8173716 0.7460038 0.7915956 0.7395048 0.8173716 0.7379787 0.7898406 0.7389157 0.7322221 0.7508221 0.7133362 0.763244 0.710457 0.2170262 0.7713897 0.2091028 0.7456481 0.2152178 0.7436795 0.220903 0.8001787 0.2170262 0.7713897 0.2244552 0.7994359 0.734477 0.7438457 0.7379787 0.7898406 0.7335038 0.78916 0.7466107 0.9653537 0.7549934 0.9517152 0.7606484 0.9611818 0.2056128 0.9368898 0.2073912 0.9652075 0.1950341 0.9610224 0.2152152 0.9134845 0.2148628 0.9391869 0.2056128 0.9368898 0.7430448 0.9544892 0.7418929 0.917243 0.7549934 0.9517152 0.7213152 0.7427172 0.7290358 0.7886509 0.7201275 0.7883411 0.2352643 0.798412 0.222926 0.7696389 0.2351077 0.7674214 0.2351077 0.7674214 0.221524 0.7422354 0.2349759 0.7409839 0.2352643 0.798412 0.2275792 0.8246252 0.2280436 0.7988922 0.2354832 0.8414145 0.2275792 0.8246252 0.2354 0.8251115 0.2354832 0.8414145 0.2273136 0.8794971 0.2273933 0.8416395 0.2356804 0.8799148 0.2286829 0.9144693 0.2273136 0.8794971 0.2244881 0.7342364 0.2349007 0.7255218 0.2349374 0.7330678 0.2343457 0.6085781 0.2213596 0.5770651 0.2342184 0.5774273 0.2347757 0.6997879 0.2187896 0.6758427 0.2346583 0.6753664 0.2217108 0.968001 0.211165 0.9845625 0.2145133 0.9668219 0.2349759 0.7409839 0.2244881 0.7342364 0.2349374 0.7330678 0.2346583 0.6753664 0.2181214 0.6090676 0.2343457 0.6085781 0.7301782 0.7432376 0.730549 0.7313246 0.734477 0.7438457 0.7487781 0.6703133 0.7435485 0.5977006 0.7529985 0.5984795 0.7379289 0.6919224 0.7487781 0.6703133 0.7457103 0.69183 0.7435485 0.5977006 0.7541564 0.551859 0.7529985 0.5984795 0.7298136 0.9183456 0.7273746 0.8814637 0.7322186 0.8812991 0.7322186 0.8812991 0.7290313 0.8493448 0.7342952 0.8494603 0.7344761 0.8168593 0.7290313 0.8493448 0.729454 0.8164377 0.7335038 0.78916 0.729454 0.8164377 0.7290358 0.7886509 0.730549 0.7313246 0.736451 0.7158906 0.7436969 0.7147548 0.7309105 0.9677795 0.7362516 0.9555735 0.7387364 0.9667803 0.2200943 0.9401209 0.2217108 0.968001 0.2145133 0.9668219 0.2251262 0.9142893 0.2253671 0.9407945 0.2200943 0.9401209 0.7294105 0.9563487 0.7298136 0.9183456 0.7362516 0.9555735 0.7449688 0.5063558 0.7262204 0.5469784 0.7272205 0.5054479 0.2203193 0.5502044 0.2340224 0.519361 0.2341168 0.5493335 0.2213596 0.5770651 0.2341168 0.5493335 0.2342184 0.5774273 0.7477267 0.4788743 0.7272205 0.5054479 0.7279218 0.4738034 0.2340224 0.519361 0.2107502 0.4823671 0.2339071 0.4807688 0.1916041 0.5210093 0.2064381 0.5532426 0.180431 0.5456395 0.7840684 0.5321776 0.7873393 0.562982 0.770522 0.5568724 0.147204 0.5652906 0.1622473 0.5820607 0.1424303 0.581821 0.7641004 0.5182683 0.770522 0.5568724 0.7541564 0.551859 0.2064381 0.5532426 0.2213596 0.5770651 0.2040132 0.5778234 0.7641004 0.5182683 0.7436994 0.5485496 0.7449688 0.5063558 0.1950796 0.5782555 0.2064381 0.5532426 0.2040132 0.5778234 0.7362516 0.9555735 0.7341493 0.9180368 0.7430448 0.9544892 0.2215743 0.9140454 0.2200943 0.9401209 0.2148628 0.9391869 0.2148628 0.9391869 0.2145133 0.9668219 0.2073912 0.9652075 0.7387364 0.9667803 0.7430448 0.9544892 0.7466107 0.9653537 0.733587 0.7317023 0.7436969 0.7147548 0.7508221 0.7133362 0.7379787 0.7898406 0.7344761 0.8168593 0.7335038 0.78916 0.7395048 0.8173716 0.7342952 0.8494603 0.7344761 0.8168593 0.7370656 0.8810991 0.7342952 0.8494603 0.739574 0.8496017 0.7341493 0.9180368 0.7322186 0.8812991 0.7370656 0.8810991 0.7624446 0.5994089 0.7541564 0.551859 0.770522 0.5568724 0.7457103 0.69183 0.7573333 0.670337 0.7535664 0.6916064 0.7573333 0.670337 0.7529985 0.5984795 0.7624446 0.5994089 0.734477 0.7438457 0.733587 0.7317023 0.7387279 0.7446498 0.2145133 0.9668219 0.2027942 0.9824548 0.2073912 0.9652075 0.7301782 0.7432376 0.7335038 0.78916 0.7290358 0.7886509 0.2244552 0.7994359 0.222926 0.7696389 0.2280436 0.7988922 0.222926 0.7696389 0.2152178 0.7436795 0.221524 0.7422354 0.2280436 0.7988922 0.223668 0.8244541 0.2244552 0.7994359 0.2273933 0.8416395 0.223668 0.8244541 0.2275792 0.8246252 0.2273933 0.8416395 0.2231184 0.8793522 0.2233793 0.8417471 0.2273136 0.8794971 0.2251262 0.9142893 0.2231184 0.8793522 0.2191612 0.7346508 0.2132305 0.7241039 0.2244881 0.7342364 0.2086358 0.6096029 0.2213596 0.5770651 0.2181214 0.6090676 0.2168817 0.6998212 0.2091122 0.6768681 0.2187896 0.6758427 0.221524 0.7422354 0.2191612 0.7346508 0.2244881 0.7342364 0.2187896 0.6758427 0.2086358 0.6096029 0.2181214 0.6090676 0.1779095 0.5380663 0.1916041 0.5210093 0.180431 0.5456395 0.180431 0.5456395 0.1629478 0.5536599 0.1779095 0.5380663 0.7524349 0.4969362 0.7477267 0.4788743 0.756525 0.4738438 0.109903 0.458649 0.05197829 0.4692677 0.05192399 0.4659822 0.7840684 0.5321776 0.7690408 0.511354 0.787844 0.5265197 0.803294 0.5445433 0.787844 0.5265197 0.8064169 0.5395942 0.8745049 0.499411 0.9402548 0.4946444 0.8807523 0.5152341 0.108581 0.4764456 0.04456114 0.487766 0.0478658 0.4808325 0.1622473 0.5820607 0.180431 0.5456395 0.1950796 0.5782555 0.8714586 0.765558 0.8818391 0.7713189 0.8783928 0.7737116 0.06650942 0.734574 0.06552273 0.7405743 0.06320381 0.7370731 0.8636131 0.7645822 0.8578623 0.774847 0.8549491 0.7712481 0.07857632 0.7483002 0.07738709 0.7545813 0.0746842 0.7504625 0.08157157 0.7521268 0.08254498 0.7611035 0.07738709 0.7545813 0.06951957 0.7382455 0.0716744 0.7466865 0.06552273 0.7405743 0.2156985 0.7117118 0.2074998 0.6996254 0.2168817 0.6998212 0.234835 0.7120275 0.2168817 0.6998212 0.2347757 0.6997879 0.2064003 0.7105422 0.1980377 0.6985877 0.2074998 0.6996254 0.1975048 0.7087006 0.1818929 0.6980478 0.1980377 0.6985877 0.8826087 0.7504153 0.8807992 0.7572359 0.8769077 0.7535209 0.1037864 0.5171581 0.0438233 0.5054914 0.1055662 0.510945 0.803294 0.5445433 0.8060334 0.5725161 0.7873393 0.562982 0.1566324 0.6738224 0.1706517 0.6124737 0.1807818 0.685586 0.1526767 0.6135195 0.1622473 0.5820607 0.1706517 0.6124737 0.0545392 0.7452944 0.04887086 0.7615532 0.04603826 0.7595585 0.8672433 0.7685505 0.8642618 0.7819755 0.8578623 0.774847 0.07738709 0.7545813 0.07130944 0.7694211 0.06931686 0.7592105 0.07738709 0.7545813 0.06756383 0.7546358 0.0746842 0.7504625 0.8807992 0.7572359 0.8929952 0.7609804 0.8818391 0.7713189 0.06552273 0.7405743 0.06256407 0.7513223 0.0545392 0.7452944 0.06552273 0.7405743 0.05564498 0.7330456 0.06320381 0.7370731 0.06556725 0.7727484 0.07139086 0.7938293 0.06723141 0.7937837 0.8714586 0.765558 0.8735429 0.7764449 0.8672433 0.7685505 0.7436969 0.7147548 0.7535664 0.6916064 0.7508221 0.7133362 0.736451 0.7158906 0.7457103 0.69183 0.7436969 0.7147548 0.7508221 0.7133362 0.7656604 0.6917002 0.763244 0.710457 0.8679224 0.7615562 0.8672433 0.7685505 0.8636131 0.7645822 0.736451 0.7158906 0.7226066 0.6924564 0.7379289 0.6919224 0.05369836 0.75933 0.05252987 0.7628657 0.05288755 0.7578679 0.06931686 0.7592105 0.05426937 0.7621108 0.05369836 0.75933 0.06556725 0.7727484 0.05075377 0.7637396 0.05252987 0.7628657 0.06931686 0.7592105 0.05288755 0.7578679 0.06756383 0.7546358 0.8938719 0.7953263 0.8883107 0.7978004 0.8898187 0.792279 0.8783928 0.7737116 0.8866583 0.7939087 0.8735429 0.7764449 0.8818391 0.7713189 0.8981461 0.7866899 0.8923972 0.7896375 0.0545392 0.7452944 0.03327924 0.7378326 0.05564498 0.7330456 0.8783928 0.7737116 0.8923972 0.7896375 0.8898187 0.792279 0.8735429 0.7764449 0.8822149 0.7977232 0.8642618 0.7819755 0.2078945 0.4588875 0.2107502 0.4823671 0.2003124 0.4805157 0.2107502 0.4823671 0.2337189 0.4581071 0.2339071 0.4807688 0.04456114 0.487766 0.03588265 0.4781686 0.0478658 0.4808325 0.04748612 0.4659897 0.04778003 0.4685324 0.04586374 0.4731945 0.05197829 0.4692677 0.04586374 0.4731945 0.04778003 0.4685324 0.01745671 0.4798934 0.02926295 0.476818 0.04456114 0.487766 0.9320965 0.4795562 0.9342735 0.4716005 0.9375382 0.4783001 0.9382139 0.4902714 0.9375382 0.4783001 0.954671 0.4835373 0.01745671 0.4798934 0.02164942 0.4627043 0.02493 0.470577 0.0478658 0.4808325 0.04586374 0.4731945 0.050471 0.4752546 0.9402548 0.4946444 0.954671 0.4835373 0.9615647 0.4817005 0.05197829 0.4692677 0.04748612 0.4659897 0.05192399 0.4659822 0.973883 0.4734165 0.9615647 0.4817005 0.962748 0.4761405 0.8222836 0.7170486 0.8208439 0.7284227 0.8160523 0.7255373 0.840935 0.7021323 0.8349586 0.7108518 0.8297616 0.7063136 0.1213411 0.7072938 0.1198531 0.7162277 0.1160516 0.7103356 0.1303995 0.723361 0.129848 0.7320881 0.1256384 0.7255512 0.127578 0.718496 0.1256384 0.7255512 0.1227212 0.7209018 0.8121802 0.7326785 0.8208439 0.7284227 0.8163043 0.7350269 0.1114954 0.7015599 0.1160516 0.7103356 0.1074064 0.7050668 0.8222836 0.7170486 0.8349586 0.7108518 0.8270462 0.7207938 0.1108068 0.4708905 0.1258559 0.4753385 0.108581 0.4764456 0.1625697 0.5485944 0.1154183 0.5177058 0.1191636 0.511624 0.1935912 0.479369 0.1254284 0.4933108 0.1258559 0.4753385 0.8089264 0.536335 0.8682938 0.5162066 0.8198094 0.5519611 0.8589968 0.5020604 0.8694357 0.4883366 0.8745049 0.499411 0.8522749 0.4911015 0.864949 0.4775383 0.8694357 0.4883366 0.7728947 0.506985 0.8411761 0.4711186 0.8458029 0.4796008 0.1122462 0.4653517 0.1292805 0.4696555 0.1108068 0.4708905 0.1088294 0.5017047 0.1191636 0.511624 0.1055662 0.510945 0.1088294 0.5017047 0.1254284 0.4933108 0.1243937 0.5031092 0.7656604 0.6917002 0.7785984 0.6758114 0.7747948 0.69353 0.1566324 0.6738224 0.1713694 0.6884884 0.1502866 0.6765531 0.7680363 0.7206608 0.7715721 0.7105274 0.7733556 0.7205504 0.1821933 0.7065426 0.1734899 0.713416 0.1734257 0.7060675 0.1813354 0.7141404 0.1718406 0.7252922 0.1734899 0.713416 0.1818929 0.6980478 0.1713694 0.6884884 0.1807818 0.685586 0.7942013 0.6627383 0.7785984 0.6758114 0.7687519 0.6704026 0.7656604 0.6917002 0.7715721 0.7105274 0.763244 0.710457 0.7747948 0.69353 0.7883713 0.6803602 0.7837128 0.6962628 0.1502866 0.6765531 0.1619753 0.6908315 0.1436951 0.6796741 0.7733556 0.7205504 0.7794629 0.7119055 0.7790256 0.7218348 0.1734257 0.7060675 0.1659645 0.7140259 0.1649886 0.7069317 0.1734899 0.713416 0.1660475 0.7259196 0.1659645 0.7140259 0.1726408 0.6985285 0.1619753 0.6908315 0.1713694 0.6884884 0.8011826 0.6668039 0.7883713 0.6803602 0.7785984 0.6758114 0.7747948 0.69353 0.7794629 0.7119055 0.7715721 0.7105274 0.04480123 0.496621 0.108831 0.492729 0.1088294 0.5017047 0.04480123 0.496621 0.1055662 0.510945 0.0438233 0.5054914 0.05197829 0.4692677 0.1108068 0.4708905 0.050471 0.4752546 0.8694357 0.4883366 0.9293625 0.4714536 0.9320965 0.4795562 0.8745049 0.499411 0.9320965 0.4795562 0.9382139 0.4902714 0.050471 0.4752546 0.108581 0.4764456 0.0478658 0.4808325 0.1191636 0.511624 0.1037864 0.5171581 0.1055662 0.510945 0.1258559 0.4753385 0.108831 0.492729 0.108581 0.4764456 0.8682938 0.5162066 0.8745049 0.499411 0.8807523 0.5152341 0.8458029 0.4796008 0.8625909 0.4700394 0.864949 0.4775383 0.7837128 0.6962628 0.8131002 0.6939205 0.8065961 0.7069039 0.1436951 0.6796741 0.1379694 0.6990424 0.1247897 0.6908479 0.7790256 0.7218348 0.8006572 0.7184362 0.7978557 0.7269662 0.1649886 0.7069317 0.1454198 0.7183383 0.1431472 0.7124348 0.1659645 0.7140259 0.1479565 0.7278395 0.1454198 0.7183383 0.1636746 0.6999009 0.1379694 0.6990424 0.1619753 0.6908315 0.8083066 0.6714087 0.8131002 0.6939205 0.7883713 0.6803602 0.7837128 0.6962628 0.8006572 0.7184362 0.7794629 0.7119055 0.8270462 0.7207938 0.8279519 0.7335203 0.8208439 0.7284227 0.844928 0.7068359 0.8426586 0.7181114 0.8349586 0.7108518 0.1160516 0.7103356 0.1122272 0.7208417 0.1079757 0.7152748 0.1256384 0.7255512 0.123619 0.7352326 0.1184191 0.7295119 0.1227212 0.7209018 0.1184191 0.7295119 0.1153261 0.7251815 0.8208439 0.7284227 0.8223433 0.7395868 0.8163043 0.7350269 0.1074064 0.7050668 0.1079757 0.7152748 0.1003938 0.7101803 0.8349586 0.7108518 0.8342433 0.7270333 0.8270462 0.7207938 0.2599515 0.8789746 0.2771217 0.9092954 0.2564892 0.9132731 0.6248529 0.8846748 0.667812 0.9139706 0.6418601 0.9306514 0.6941165 0.7902457 0.6520885 0.7768633 0.6961899 0.7451121 0.667812 0.9139706 0.6767801 0.9496721 0.6418601 0.9306514 0.7079985 0.9180753 0.7157191 0.9571124 0.702086 0.9556351 0.2771217 0.9092954 0.2663317 0.9365785 0.2564892 0.9132731 0.2945795 0.923615 0.2771583 0.9606009 0.2663317 0.9365785 0.6418601 0.9306514 0.6706384 0.9588304 0.6346798 0.9365471 0.2430323 0.9143958 0.2359957 0.941285 0.2358583 0.9145798 0.2505549 0.9678531 0.2359957 0.941285 0.2466188 0.9406856 0.702086 0.9556351 0.7154123 0.968851 0.6999912 0.9669719 0.7022223 0.7889106 0.6961899 0.7451121 0.7038242 0.7437512 0.2589129 0.7733901 0.2559541 0.8016505 0.2496425 0.8000329 0.2589129 0.7733901 0.2717674 0.7506536 0.2681977 0.7785747 0.7157641 0.7305634 0.7219824 0.7168342 0.7216646 0.7291978 0.2681977 0.7785747 0.2757052 0.807074 0.2559541 0.8016505 0.2717674 0.7506536 0.2924071 0.7975032 0.2681977 0.7785747 0.6961899 0.7451121 0.6470253 0.7694345 0.6897777 0.7377449 0.6678475 0.7959768 0.6901689 0.8169494 0.6604179 0.8213271 0.7112152 0.7881875 0.7194097 0.8158594 0.7093489 0.8159138 0.6604179 0.8213271 0.6879932 0.8483462 0.657004 0.847405 0.7093489 0.8159138 0.71854 0.8491682 0.7080538 0.8487975 0.6879932 0.8483462 0.6619107 0.8768292 0.657004 0.847405 0.71854 0.8491682 0.708031 0.8809586 0.7080538 0.8487975 0.6897146 0.8791824 0.667812 0.9139706 0.6619107 0.8768292 0.7176896 0.8817133 0.7079985 0.9180753 0.708031 0.8809586 0.6678475 0.7959768 0.6341834 0.8072707 0.6520885 0.7768633 0.6604179 0.8213271 0.6250784 0.8461709 0.6341834 0.8072707 0.657004 0.847405 0.6248529 0.8846748 0.6250784 0.8461709 0.2757052 0.807074 0.3034775 0.822349 0.2813066 0.8271524 0.3241943 0.7861988 0.3034775 0.822349 0.2924071 0.7975032 0.6520885 0.7768633 0.6244397 0.8020541 0.6470253 0.7694345 0.3034775 0.822349 0.2878617 0.8432292 0.2813066 0.8271524 0.3357267 0.8174698 0.3188173 0.8547352 0.3034775 0.822349 0.6341834 0.8072707 0.6133959 0.8450469 0.6244397 0.8020541 0.3188173 0.8547352 0.2879278 0.875615 0.2878617 0.8432292 0.3188173 0.8547352 0.334127 0.897045 0.3097673 0.8869759 0.6133959 0.8450469 0.6248529 0.8846748 0.6144586 0.8885762 0.3097673 0.8869759 0.2771217 0.9092954 0.2879278 0.875615 0.334127 0.897045 0.2945795 0.923615 0.3097673 0.8869759 0.6144586 0.8885762 0.6418601 0.9306514 0.6346798 0.9365471 0.2757052 0.807074 0.2580903 0.823436 0.2559541 0.8016505 0.2813066 0.8271524 0.258825 0.8418573 0.2580903 0.823436 0.258825 0.8418573 0.2879278 0.875615 0.2599515 0.8789746 0.2559541 0.8016505 0.2510474 0.8240379 0.2496425 0.8000329 0.2510474 0.8240379 0.258825 0.8418573 0.2516056 0.841704 0.258825 0.8418573 0.2524318 0.8790963 0.2516056 0.841704 0.2524318 0.8790963 0.2564892 0.9132731 0.2501362 0.9138991 0.2842208 0.9765682 0.264845 0.9649125 0.2771583 0.9606009 0.2742274 0.7184547 0.2634496 0.7339554 0.2555263 0.7345088 0.6926557 0.7311937 0.6811107 0.7083569 0.7042804 0.7313485 0.6453513 0.5686229 0.6659495 0.598693 0.6438319 0.5991582 0.2733414 0.5778369 0.2980314 0.6118753 0.2696439 0.6096071 0.7064557 0.5967717 0.7262204 0.5469784 0.725008 0.5969561 0.7073324 0.6911478 0.7231798 0.6699292 0.7226066 0.6924564 0.7059577 0.6694206 0.725008 0.5969561 0.7231798 0.6699292 0.2714998 0.6982299 0.2886269 0.6850633 0.2876392 0.6975322 0.2701092 0.6769601 0.2980314 0.6118753 0.2886269 0.6850633 0.5701538 0.7577966 0.564828 0.7459825 0.5733991 0.7544886 0.6897777 0.7377449 0.7042804 0.7313485 0.6961899 0.7451121 0.2608933 0.7453891 0.2634496 0.7339554 0.2717674 0.7506536 0.7157641 0.7305634 0.7213152 0.7427172 0.7124363 0.7427817 0.2717674 0.7506536 0.2830183 0.7410127 0.2915028 0.7464401 0.2602149 0.6766214 0.2696439 0.6096071 0.2701092 0.6769601 0.2547593 0.7434817 0.2555263 0.7345088 0.2608933 0.7453891 0.2634496 0.7339554 0.2926949 0.7252296 0.2830183 0.7410127 0.7042804 0.7313485 0.7038242 0.7437512 0.6961899 0.7451121 0.334127 0.897045 0.3209218 0.9486362 0.3095839 0.9385176 0.3386274 0.8571276 0.3511921 0.901386 0.334127 0.897045 0.3534637 0.816564 0.3386274 0.8571276 0.3357267 0.8174698 0.3387748 0.7804045 0.3357267 0.8174698 0.3241943 0.7861988 0.2915028 0.7464401 0.3241943 0.7861988 0.2717674 0.7506536 0.2505549 0.9678531 0.2362342 0.9875889 0.2361379 0.9689105 0.3209218 0.9486362 0.2771583 0.9606009 0.3095839 0.9385176 0.6526217 0.6591648 0.6659495 0.598693 0.6776481 0.668104 0.2620481 0.6993599 0.2701092 0.6769601 0.2714998 0.6982299 0.6776481 0.668104 0.687509 0.5975435 0.6890535 0.6686147 0.6776481 0.668104 0.6917332 0.6900383 0.6796512 0.6895163 0.6659495 0.598693 0.6815124 0.5546459 0.687509 0.5975435 0.2644142 0.5775 0.2696439 0.6096071 0.2600578 0.6093474 0.2658297 0.7214108 0.2555263 0.7345088 0.2507278 0.734493 0.2482359 0.8792237 0.2501362 0.9138991 0.246587 0.9141795 0.2516056 0.841704 0.2482359 0.8792237 0.2475898 0.8416237 0.2471246 0.8243348 0.2516056 0.841704 0.2475898 0.8416237 0.2496425 0.8000329 0.2471246 0.8243348 0.2460831 0.7993265 0.6983722 0.8800891 0.6916636 0.9159311 0.6897146 0.8791824 0.6975118 0.8485043 0.6897146 0.8791824 0.6879932 0.8483462 0.6901689 0.8169494 0.6975118 0.8485043 0.6879932 0.8483462 0.6941165 0.7902457 0.6992629 0.8163228 0.6901689 0.8169494 0.7042804 0.7313485 0.6933643 0.7118731 0.7096289 0.7310981 0.2532281 0.7712072 0.2608933 0.7453891 0.2589129 0.7733901 0.2532281 0.7712072 0.2496425 0.8000329 0.2460831 0.7993265 0.7081116 0.7431676 0.7022223 0.7889106 0.7038242 0.7437512 0.6767801 0.9496721 0.6844391 0.9637296 0.6706384 0.9588304 0.2663317 0.9365785 0.264845 0.9649125 0.257106 0.9389703 0.2564892 0.9132731 0.257106 0.9389703 0.2501362 0.9138991 0.6916636 0.9159311 0.6885675 0.9530661 0.6767801 0.9496721 0.7213152 0.7427172 0.7112152 0.7881875 0.7124363 0.7427817 0.2352643 0.798412 0.2473111 0.7695162 0.2424893 0.7988192 0.2351077 0.7674214 0.2484393 0.7421006 0.2473111 0.7695162 0.2352643 0.798412 0.2432153 0.8245456 0.2354 0.8251115 0.2432153 0.8245456 0.2354832 0.8414145 0.2354 0.8251115 0.2354832 0.8414145 0.2440423 0.8794116 0.2356804 0.8799148 0.2356804 0.8799148 0.2430323 0.9143958 0.2358583 0.9145798 0.2349007 0.7255218 0.2453973 0.7341318 0.2349374 0.7330678 0.2343457 0.6085781 0.2470725 0.5769277 0.2505713 0.6089054 0.2347757 0.6997879 0.2505295 0.6756892 0.2526688 0.6996468 0.2612709 0.9843053 0.2505549 0.9678531 0.25774 0.9666001 0.2349759 0.7409839 0.2453973 0.7341318 0.2484393 0.7421006 0.2346583 0.6753664 0.2505713 0.6089054 0.2505295 0.6756892 0.7126823 0.7308745 0.7124363 0.7427817 0.7081116 0.7431676 0.6975976 0.6690223 0.7064557 0.5967717 0.7059577 0.6694206 0.6975976 0.6690223 0.7073324 0.6911478 0.6995668 0.6906608 0.6980962 0.5504204 0.7064557 0.5967717 0.6969836 0.5970808 0.708031 0.8809586 0.7036688 0.9176627 0.7032023 0.8805417 0.7080538 0.8487975 0.7032023 0.8805417 0.7027909 0.8486383 0.7043115 0.8160732 0.7080538 0.8487975 0.7027909 0.8486383 0.7067267 0.7884637 0.7093489 0.8159138 0.7043115 0.8160732 0.7126823 0.7308745 0.7075826 0.715158 0.7157641 0.7305634 0.695295 0.9545037 0.6999912 0.9669719 0.6922281 0.9655653 0.2518844 0.9399578 0.2505549 0.9678531 0.2466188 0.9406856 0.246587 0.9141795 0.2466188 0.9406856 0.2430323 0.9143958 0.7036688 0.9176627 0.702086 0.9556351 0.695295 0.9545037 0.7262204 0.5469784 0.7094473 0.5051581 0.7272205 0.5054479 0.2340224 0.519361 0.247918 0.550047 0.2341168 0.5493335 0.2341168 0.5493335 0.2470725 0.5769277 0.2342184 0.5774273 0.7272205 0.5054479 0.7078648 0.4777379 0.7279218 0.4738034 0.2340224 0.519361 0.25712 0.4819907 0.2764621 0.5205305 0.2618231 0.5529254 0.2764621 0.5205305 0.2877911 0.5449327 0.6691179 0.5293662 0.6644262 0.559952 0.6492481 0.5408573 0.3209143 0.56473 0.3061143 0.5813902 0.3058437 0.5600474 0.6897799 0.5162889 0.6815124 0.5546459 0.6691179 0.5293662 0.2618231 0.5529254 0.2470725 0.5769277 0.247918 0.550047 0.7086983 0.5476287 0.6897799 0.5162889 0.7094473 0.5051581 0.2618231 0.5529254 0.2733414 0.5778369 0.2644142 0.5775 0.6993552 0.9171283 0.695295 0.9545037 0.6885675 0.9530661 0.2501362 0.9138991 0.2518844 0.9399578 0.246587 0.9141795 0.257106 0.9389703 0.25774 0.9666001 0.2518844 0.9399578 0.6885675 0.9530661 0.6922281 0.9655653 0.6844391 0.9637296 0.7096289 0.7310981 0.7004058 0.7136542 0.7126823 0.7308745 0.7022223 0.7889106 0.7043115 0.8160732 0.6992629 0.8163228 0.6992629 0.8163228 0.7027909 0.8486383 0.6975118 0.8485043 0.7027909 0.8486383 0.6983722 0.8800891 0.6975118 0.8485043 0.7032023 0.8805417 0.6993552 0.9171283 0.6983722 0.8800891 0.687509 0.5975435 0.6980962 0.5504204 0.6969836 0.5970808 0.6890535 0.6686147 0.6995668 0.6906608 0.6917332 0.6900383 0.6890535 0.6686147 0.6969836 0.5970808 0.6975976 0.6690223 0.7096289 0.7310981 0.7081116 0.7431676 0.7038242 0.7437512 0.2696195 0.9821116 0.25774 0.9666001 0.264845 0.9649125 0.7124363 0.7427817 0.7067267 0.7884637 0.7081116 0.7431676 0.2473111 0.7695162 0.2460831 0.7993265 0.2424893 0.7988192 0.2473111 0.7695162 0.2547593 0.7434817 0.2532281 0.7712072 0.2424893 0.7988192 0.2471246 0.8243348 0.2432153 0.8245456 0.2471246 0.8243348 0.2435749 0.841557 0.2432153 0.8245456 0.2435749 0.841557 0.2482359 0.8792237 0.2440423 0.8794116 0.2440423 0.8794116 0.246587 0.9141795 0.2430323 0.9143958 0.256556 0.7238895 0.2507278 0.734493 0.2453973 0.7341318 0.2470725 0.5769277 0.2600578 0.6093474 0.2505713 0.6089054 0.2526688 0.6996468 0.2602149 0.6766214 0.2620481 0.6993599 0.2484393 0.7421006 0.2507278 0.734493 0.2547593 0.7434817 0.2505295 0.6756892 0.2600578 0.6093474 0.2602149 0.6766214 0.2897804 0.5386396 0.2764621 0.5205305 0.2803357 0.5166466 0.3052971 0.5541194 0.2877911 0.5449327 0.2897804 0.5386396 0.7078648 0.4777379 0.7036795 0.4968673 0.7008759 0.4731786 0.5912775 0.4705079 0.5273733 0.4574048 0.5940442 0.4631507 0.6860871 0.5103971 0.6691179 0.5293662 0.6662992 0.5245866 0.6662992 0.5245866 0.6492481 0.5408573 0.6468905 0.5367022 0.5151417 0.4836165 0.5805142 0.4918164 0.5733957 0.5072724 0.3586697 0.4749432 0.4228606 0.4855856 0.3586107 0.4912086 0.2877911 0.5449327 0.3061143 0.5813902 0.2733414 0.5778369 0.5701538 0.7577966 0.5594913 0.7630307 0.5612673 0.7490267 0.4039135 0.7331241 0.4044907 0.7388062 0.4010069 0.7368106 0.5832221 0.767804 0.5775159 0.7576985 0.5858758 0.764813 0.3920358 0.7469692 0.3927448 0.7529308 0.3890987 0.750832 0.3890987 0.750832 0.3876305 0.7594732 0.3830457 0.7567068 0.4010069 0.7368106 0.3983971 0.7449854 0.3950471 0.743161 0.2539676 0.711524 0.2620481 0.6993599 0.2632541 0.7102634 0.234835 0.7120275 0.2526688 0.6996468 0.2539676 0.711524 0.2632541 0.7102634 0.2714998 0.6982299 0.2721315 0.7083349 0.2721315 0.7083349 0.2876392 0.6975322 0.2874221 0.7060272 0.5612673 0.7490267 0.559337 0.7425767 0.564828 0.7459825 0.4237892 0.5032861 0.3640263 0.5155227 0.3621531 0.5093483 0.6492481 0.5408573 0.6453513 0.5686229 0.6359538 0.5559651 0.2980314 0.6118753 0.3126568 0.6730647 0.2886269 0.6850633 0.3061143 0.5813902 0.3160045 0.6127507 0.2980314 0.6118753 0.4155183 0.7434306 0.4213346 0.759637 0.4075479 0.7495311 0.5764821 0.7745752 0.5742031 0.7610018 0.5832221 0.767804 0.3927448 0.7529308 0.3989716 0.7677116 0.3876305 0.7594732 0.4025735 0.7528956 0.3927448 0.7529308 0.3954205 0.7487919 0.5612673 0.7490267 0.5488856 0.7521408 0.5562179 0.745064 0.4044907 0.7388062 0.4075479 0.7495311 0.3983971 0.7449854 0.4142981 0.7311921 0.4044907 0.7388062 0.4067789 0.7352888 0.4047485 0.7709786 0.3991457 0.7921204 0.3989716 0.7677116 0.567508 0.7685717 0.5701538 0.7577966 0.5742031 0.7610018 0.6917332 0.6900383 0.7004058 0.7136542 0.6933643 0.7118731 0.6995668 0.6906608 0.7075826 0.715158 0.7004058 0.7136542 0.6796512 0.6895163 0.6933643 0.7118731 0.6811107 0.7083569 0.5742031 0.7610018 0.5733991 0.7544886 0.5775159 0.7576985 0.7075826 0.715158 0.7226066 0.6924564 0.7219824 0.7168342 0.4176917 0.7609646 0.4164854 0.7574398 0.4172801 0.7559691 0.400865 0.7574867 0.4159448 0.7602271 0.3989716 0.7677116 0.4047485 0.7709786 0.4194765 0.7618207 0.4104953 0.7731799 0.4172801 0.7559691 0.400865 0.7574867 0.4025735 0.7528956 0.5504444 0.7835533 0.5535167 0.7853423 0.5516678 0.7891445 0.5535167 0.7853423 0.5628083 0.7655948 0.567508 0.7685717 0.5594913 0.7630307 0.5424156 0.7775449 0.5488856 0.7521408 0.4367065 0.7357658 0.4155183 0.7434306 0.4142981 0.7311921 0.5628083 0.7655948 0.5480051 0.7807835 0.5594913 0.7630307 0.5577583 0.7893784 0.567508 0.7685717 0.5764821 0.7745752 0.25712 0.4819907 0.2581539 0.4578986 0.2657343 0.4802991 0.2337189 0.4581071 0.25712 0.4819907 0.2339071 0.4807688 0.4314367 0.4758995 0.4228606 0.4855856 0.4194806 0.4786944 0.4383434 0.4534569 0.4423056 0.4681901 0.4314367 0.4758995 0.4152439 0.4671834 0.4214011 0.4710404 0.4168152 0.4731491 0.4380419 0.4744769 0.449882 0.4774219 0.4228606 0.4855856 0.5240814 0.4689813 0.5223252 0.4609282 0.5272372 0.4610375 0.5174095 0.4793581 0.5187142 0.467445 0.5240814 0.4689813 0.449882 0.4774219 0.4454978 0.4602817 0.4555027 0.4629468 0.4214011 0.4710404 0.4194806 0.4786944 0.4168152 0.4731491 0.5151417 0.4836165 0.501332 0.4717852 0.5174095 0.4793581 0.4197007 0.4638583 0.4152439 0.4671834 0.4152629 0.4638999 0.4826766 0.4606834 0.4945467 0.4695963 0.4777737 0.4627823 0.6226364 0.7233628 0.6211562 0.7123711 0.6269345 0.7210444 0.6094607 0.7050855 0.6034034 0.6966509 0.6141935 0.7013596 0.3489501 0.7065424 0.3498623 0.7150758 0.3454557 0.7127742 0.3400145 0.7225755 0.3400567 0.7310526 0.3364135 0.7298581 0.3427964 0.7177188 0.3441866 0.7244613 0.3400145 0.7225755 0.63048 0.72833 0.6226364 0.7233628 0.6269345 0.7210444 0.3585844 0.7007647 0.3535962 0.7091413 0.3489501 0.7065424 0.6211562 0.7123711 0.6094607 0.7050855 0.6141935 0.7013596 0.3413237 0.4740443 0.3563835 0.4694184 0.3586697 0.4749432 0.3054663 0.5493409 0.3525076 0.5162757 0.319659 0.5574464 0.2721447 0.4790622 0.3419679 0.4920437 0.2837591 0.5139161 0.5857297 0.508911 0.644725 0.5335397 0.6329981 0.5486465 0.586197 0.4810413 0.5958485 0.4953203 0.5805142 0.4918164 0.5912775 0.4705079 0.6031957 0.4847496 0.586197 0.4810413 0.6827824 0.5060704 0.6154317 0.4653735 0.6987578 0.4904573 0.3378204 0.4683969 0.3548887 0.4639003 0.3563835 0.4694184 0.3587406 0.5001677 0.3486082 0.5102683 0.3431916 0.501851 0.3587406 0.5001677 0.3419679 0.4920437 0.3586107 0.4912086 0.6796512 0.6895163 0.6675375 0.6730052 0.6776481 0.668104 0.3126568 0.6730647 0.2980681 0.6878732 0.2886269 0.6850633 0.6758047 0.7183062 0.6727878 0.7080116 0.6811107 0.7083569 0.2874221 0.7060272 0.296192 0.7128163 0.2883536 0.7136145 0.2883536 0.7136145 0.2979518 0.7246755 0.2926949 0.7252296 0.2980681 0.6878732 0.2876392 0.6975322 0.2886269 0.6850633 0.6675375 0.6730052 0.6526217 0.6591648 0.6776481 0.668104 0.6727878 0.7080116 0.6796512 0.6895163 0.6811107 0.7083569 0.6704331 0.6908819 0.657544 0.6770477 0.6675375 0.6730052 0.3190302 0.6757307 0.3074854 0.6901236 0.2980681 0.6878732 0.6704979 0.717931 0.6648368 0.7089921 0.6727878 0.7080116 0.2961856 0.7054685 0.3037233 0.7133553 0.296192 0.7128163 0.296192 0.7128163 0.3037504 0.725249 0.2979518 0.7246755 0.3074854 0.6901236 0.2968966 0.6979237 0.2980681 0.6878732 0.657544 0.6770477 0.6454421 0.6628625 0.6675375 0.6730052 0.6648368 0.7089921 0.6704331 0.6908819 0.6727878 0.7080116 0.4227181 0.49443 0.3586107 0.4912086 0.4228606 0.4855856 0.4227181 0.49443 0.3621531 0.5093483 0.3587406 0.5001677 0.3563835 0.4694184 0.4152439 0.4671834 0.4168152 0.4731491 0.5272372 0.4610375 0.586197 0.4810413 0.5240814 0.4689813 0.5240814 0.4689813 0.5805142 0.4918164 0.5174095 0.4793581 0.3586697 0.4749432 0.4168152 0.4731491 0.4194806 0.4786944 0.3486082 0.5102683 0.3640263 0.5155227 0.3525076 0.5162757 0.3413237 0.4740443 0.3586107 0.4912086 0.3419679 0.4920437 0.5857297 0.508911 0.5805142 0.4918164 0.5958485 0.4953203 0.6103201 0.4736042 0.5940442 0.4631507 0.6154317 0.4653735 0.6613857 0.6931595 0.6321513 0.6893196 0.657544 0.6770477 0.3256535 0.6787843 0.3315744 0.6980924 0.3074854 0.6901236 0.6647698 0.7189294 0.6433383 0.7144459 0.6648368 0.7089921 0.3046314 0.7062522 0.3243086 0.7174734 0.3037233 0.7133553 0.3037233 0.7133553 0.3218579 0.7270042 0.3037504 0.725249 0.3315744 0.6980924 0.305877 0.699209 0.3074854 0.6901236 0.6321513 0.6893196 0.6380915 0.6670909 0.657544 0.6770477 0.6433383 0.7144459 0.6613857 0.6931595 0.6648368 0.7089921 0.615274 0.7280822 0.616842 0.7154225 0.6226364 0.7233628 0.6013837 0.7119377 0.599713 0.700556 0.6094607 0.7050855 0.3535962 0.7091413 0.3575426 0.7196024 0.3498623 0.7150758 0.3441866 0.7244613 0.3463139 0.7341225 0.3400567 0.7310526 0.3470484 0.7197797 0.3514496 0.7283442 0.3441866 0.7244613 0.620562 0.7344287 0.6226364 0.7233628 0.6268168 0.7301972 0.3621798 0.7037737 0.3617314 0.7139865 0.3535962 0.7091413 0.6093261 0.721281 0.6094607 0.7050855 0.616842 0.7154225 0.7641004 0.5182683 0.7524349 0.4969362 0.7690408 0.511354 0.803294 0.5445433 0.8180478 0.5550978 0.8159837 0.5601962 0.2107502 0.4823671 0.1867935 0.5163272 0.2003124 0.4805157 0.162382 0.5608487 0.148501 0.560109 0.1629478 0.5536599 0.201811 0.460731 0.2003124 0.4805157 0.1935912 0.479369 0.8064169 0.5395942 0.7907757 0.5228363 0.8089264 0.536335 0.787844 0.5265197 0.7728947 0.506985 0.7907757 0.5228363 0.7580765 0.490681 0.756525 0.4738438 0.7633213 0.4720169 0.1779095 0.5380663 0.1625697 0.5485944 0.1755843 0.5331299 0.1755843 0.5331299 0.1867935 0.5163272 0.1779095 0.5380663 0.1243937 0.5031092 0.1830282 0.5135034 0.1755843 0.5331299 0.1755843 0.5331299 0.1191636 0.511624 0.1243937 0.5031092 0.8411761 0.4711186 0.7633213 0.4720169 0.8438923 0.4646807 0.7907757 0.5228363 0.8458029 0.4796008 0.8522749 0.4911015 0.8089264 0.536335 0.8522749 0.4911015 0.8589968 0.5020604 0.1292805 0.4696555 0.1935912 0.479369 0.1258559 0.4753385 0.7690408 0.511354 0.7580765 0.490681 0.7728947 0.506985 0.8064169 0.5395942 0.8198094 0.5519611 0.8180478 0.5550978 0.2003124 0.4805157 0.1830282 0.5135034 0.1935912 0.479369 0.1629478 0.5536599 0.1487607 0.556877 0.1625697 0.5485944 0.6897799 0.5162889 0.7036795 0.4968673 0.7094473 0.5051581 0.6344488 0.5517122 0.6492481 0.5408573 0.6359538 0.5559651 0.25712 0.4819907 0.2803357 0.5166466 0.2764621 0.5205305 0.3058437 0.5600474 0.3199568 0.5605062 0.3209143 0.56473 0.2657343 0.4802991 0.2638147 0.4597301 0.2721447 0.4790622 0.6638017 0.5209856 0.6468905 0.5367022 0.644725 0.5335397 0.6827824 0.5060704 0.6662992 0.5245866 0.6638017 0.5209856 0.7008759 0.4731786 0.6987578 0.4904573 0.6946762 0.4709537 0.3054663 0.5493409 0.2897804 0.5386396 0.2918258 0.533887 0.2918258 0.533887 0.2803357 0.5166466 0.2837591 0.5139161 0.3431916 0.501851 0.2837591 0.5139161 0.3419679 0.4920437 0.3486082 0.5102683 0.2918258 0.533887 0.3431916 0.501851 0.6946762 0.4709537 0.6154317 0.4653735 0.6130886 0.4587727 0.6103201 0.4736042 0.6638017 0.5209856 0.6031957 0.4847496 0.6031957 0.4847496 0.644725 0.5335397 0.5958485 0.4953203 0.2721447 0.4790622 0.3378204 0.4683969 0.3413237 0.4740443 0.6860871 0.5103971 0.6987578 0.4904573 0.7036795 0.4968673 0.6329981 0.5486465 0.6468905 0.5367022 0.6344488 0.5517122 0.2657343 0.4802991 0.2837591 0.5139161 0.2803357 0.5166466 0.3052971 0.5541194 0.319659 0.5574464 0.3199568 0.5605062 0.3498623 0.7150758 0.3544929 0.7239779 0.3470484 0.7197797 0.305877 0.699209 0.3265253 0.7115444 0.3046314 0.7062522 0.2968966 0.6979237 0.3046314 0.7062522 0.2961856 0.7054685 0.2876392 0.6975322 0.2961856 0.7054685 0.2874221 0.7060272 0.3454557 0.7127742 0.3470484 0.7197797 0.3427964 0.7177188 0.4180089 0.7543956 0.4025735 0.7528956 0.4043235 0.7485736 0.4159448 0.7602271 0.4047485 0.7709786 0.3989716 0.7677116 0.4194765 0.7618207 0.4172801 0.7559691 0.4180089 0.7543956 0.4072317 0.7920031 0.4047485 0.7709786 0.4104953 0.7731799 0.4043235 0.7485736 0.3954205 0.7487919 0.3983971 0.7449854 0.2742274 0.7184547 0.2874221 0.7060272 0.2883536 0.7136145 0.2658297 0.7214108 0.2721315 0.7083349 0.2742274 0.7184547 0.2349007 0.7255218 0.2539676 0.711524 0.256556 0.7238895 0.256556 0.7238895 0.2632541 0.7102634 0.2658297 0.7214108 0.3950471 0.743161 0.3954205 0.7487919 0.3920358 0.7469692 0.1198531 0.7162277 0.1153261 0.7251815 0.1122272 0.7208417 0.1636746 0.6999009 0.1431472 0.7124348 0.1409105 0.7065496 0.1726408 0.6985285 0.1649886 0.7069317 0.1636746 0.6999009 0.1818929 0.6980478 0.1734257 0.7060675 0.1726408 0.6985285 0.124879 0.7135404 0.1227212 0.7209018 0.1198531 0.7162277 0.06756383 0.7546358 0.05214148 0.7563034 0.06576919 0.7503324 0.06556725 0.7727484 0.05426937 0.7621108 0.07130944 0.7694211 0.05288755 0.7578679 0.05075377 0.7637396 0.05214148 0.7563034 0.06556725 0.7727484 0.06330376 0.793797 0.05984371 0.775008 0.0746842 0.7504625 0.06576919 0.7503324 0.0716744 0.7466865 0.1955074 0.718843 0.1821933 0.7065426 0.1975048 0.7087006 0.2039332 0.7217167 0.1975048 0.7087006 0.2064003 0.7105422 0.2349007 0.7255218 0.2156985 0.7117118 0.234835 0.7120275 0.2132305 0.7241039 0.2064003 0.7105422 0.2156985 0.7117118 0.07551646 0.7445198 0.0746842 0.7504625 0.0716744 0.7466865 0.1409105 0.7065496 0.127578 0.718496 0.124879 0.7135404 0.8065961 0.7069039 0.8297616 0.7063136 0.8222836 0.7170486 0.1247897 0.6908479 0.1213411 0.7072938 0.1114954 0.7015599 0.7978557 0.7269662 0.8160523 0.7255373 0.8121802 0.7326785 0.1431472 0.7124348 0.1303995 0.723361 0.127578 0.718496 0.1454198 0.7183383 0.1340451 0.7306997 0.1303995 0.723361 0.1379694 0.6990424 0.124879 0.7135404 0.1213411 0.7072938 0.8278588 0.6874917 0.8297616 0.7063136 0.8131002 0.6939205 0.8065961 0.7069039 0.8160523 0.7255373 0.8006572 0.7184362 0.3287054 0.7056328 0.3427964 0.7177188 0.3265253 0.7115444 0.6379868 0.7026201 0.6141935 0.7013596 0.6321513 0.6893196 0.3446651 0.6897757 0.3489501 0.7065424 0.3315744 0.6980924 0.6457068 0.7231051 0.6269345 0.7210444 0.6433383 0.7144459 0.3265253 0.7115444 0.3400145 0.7225755 0.3243086 0.7174734 0.3243086 0.7174734 0.3364135 0.7298581 0.3218579 0.7270042 0.3315744 0.6980924 0.3454557 0.7127742 0.3287054 0.7056328 0.6141935 0.7013596 0.6177472 0.6821562 0.6321513 0.6893196 0.6269345 0.7210444 0.6379868 0.7026201 0.6433383 0.7144459 0.1122272 0.7208417 0.07857632 0.7483002 0.07551646 0.7445198 0.8342433 0.7270333 0.8636131 0.7645822 0.8279519 0.7335203 0.8516707 0.7143566 0.8769077 0.7535209 0.8426586 0.7181114 0.1079757 0.7152748 0.07551646 0.7445198 0.06951957 0.7382455 0.1184191 0.7295119 0.08770483 0.7579038 0.08157157 0.7521268 0.1153261 0.7251815 0.08157157 0.7521268 0.07857632 0.7483002 0.8279519 0.7335203 0.8549491 0.7712481 0.8223433 0.7395868 0.1003938 0.7101803 0.06951957 0.7382455 0.06650942 0.734574 0.8426586 0.7181114 0.8679224 0.7615562 0.8342433 0.7270333 0.3575426 0.7196024 0.3920358 0.7469692 0.3544929 0.7239779 0.5775159 0.7576985 0.6093261 0.721281 0.615274 0.7280822 0.564828 0.7459825 0.5925809 0.7077172 0.6013837 0.7119377 0.3617314 0.7139865 0.3950471 0.743161 0.3575426 0.7196024 0.3514496 0.7283442 0.3830457 0.7567068 0.3463139 0.7341225 0.3544929 0.7239779 0.3890987 0.750832 0.3514496 0.7283442 0.5858758 0.764813 0.615274 0.7280822 0.620562 0.7344287 0.3692532 0.7088022 0.4010069 0.7368106 0.3617314 0.7139865 0.5733991 0.7544886 0.6013837 0.7119377 0.6093261 0.721281 0.2114008 0.8792226 0.2152152 0.9134845 0.1945428 0.9097183 0.8102447 0.8895166 0.7908594 0.9345436 0.7658144 0.9165303 0.788672 0.7804214 0.7719381 0.7986891 0.7460038 0.7915956 0.7549934 0.9517152 0.7418929 0.917243 0.7658144 0.9165303 0.7157191 0.9571124 0.7167298 0.9184428 0.7254684 0.9185316 0.1945428 0.9097183 0.2152152 0.9134845 0.2056128 0.9368898 0.1772333 0.9242162 0.2056128 0.9368898 0.1950341 0.9610224 0.7606484 0.9611818 0.7549934 0.9517152 0.7908594 0.9345436 0.2286829 0.9144693 0.2358583 0.9145798 0.2359957 0.941285 0.2359957 0.941285 0.2361379 0.9689105 0.2217108 0.968001 0.7154123 0.968851 0.7157191 0.9571124 0.7294105 0.9563487 0.7462803 0.7464048 0.7460038 0.7915956 0.7379787 0.7898406 0.2146083 0.80186 0.2021316 0.7789083 0.2113637 0.77363 0.2113637 0.77363 0.2021316 0.7789083 0.1982808 0.7510207 0.7274873 0.7308586 0.7216646 0.7291978 0.7219824 0.7168342 0.1949131 0.807484 0.1781148 0.7980827 0.2021316 0.7789083 0.1781148 0.7980827 0.1462141 0.7871013 0.1982808 0.7510207 0.7941158 0.7732662 0.788672 0.7804214 0.7462803 0.7464048 0.7719381 0.7986891 0.7780355 0.8243949 0.7485536 0.8184713 0.7290358 0.7886509 0.729454 0.8164377 0.7194097 0.8158594 0.7780355 0.8243949 0.7800836 0.8506171 0.7490881 0.8499404 0.729454 0.8164377 0.7290313 0.8493448 0.71854 0.8491682 0.7736475 0.8797466 0.7457585 0.8806455 0.7490881 0.8499404 0.7273746 0.8814637 0.7176896 0.8817133 0.71854 0.8491682 0.7658144 0.9165303 0.7418929 0.917243 0.7457585 0.8806455 0.7254684 0.9185316 0.7167298 0.9184428 0.7176896 0.8817133 0.8049676 0.8117259 0.7780355 0.8243949 0.7719381 0.7986891 0.81203 0.8510516 0.7800836 0.8506171 0.7780355 0.8243949 0.8102447 0.8895166 0.7736475 0.8797466 0.7800836 0.8506171 0.1949131 0.807484 0.1895166 0.8276197 0.1672978 0.8230418 0.1672978 0.8230418 0.1350007 0.818492 0.1462141 0.7871013 0.8149703 0.8070252 0.8049676 0.8117259 0.788672 0.7804214 0.1831261 0.8437631 0.1522901 0.8555854 0.1672978 0.8230418 0.1522901 0.8555854 0.1325057 0.8581804 0.1350007 0.818492 0.8237552 0.8505392 0.81203 0.8510516 0.8049676 0.8117259 0.1833916 0.8761491 0.1616699 0.8877335 0.1522901 0.8555854 0.1522901 0.8555854 0.1616699 0.8877335 0.1374149 0.898052 0.8237552 0.8505392 0.820421 0.8939558 0.8102447 0.8895166 0.1945428 0.9097183 0.1772333 0.9242162 0.1616699 0.8877335 0.1772333 0.9242162 0.1623829 0.9392724 0.1374149 0.898052 0.820421 0.8939558 0.7977217 0.9408064 0.7908594 0.9345436 0.2126938 0.8236667 0.1895166 0.8276197 0.1949131 0.807484 0.2121471 0.8420951 0.1831261 0.8437631 0.1895166 0.8276197 0.2121471 0.8420951 0.2114008 0.8792226 0.1833916 0.8761491 0.2197425 0.8241971 0.2126938 0.8236667 0.2146083 0.80186 0.2197425 0.8241971 0.2193647 0.8418681 0.2121471 0.8420951 0.2189214 0.8792675 0.2114008 0.8792226 0.2121471 0.8420951 0.2189214 0.8792675 0.2215743 0.9140454 0.2152152 0.9134845 0.2073912 0.9652075 0.2027942 0.9824548 0.1881365 0.9770617 0.2064341 0.7342408 0.1813354 0.7141404 0.1955074 0.718843 0.7505343 0.7326769 0.7389157 0.7322221 0.763244 0.710457 0.7839365 0.6016125 0.7873393 0.562982 0.8060334 0.5725161 0.1706517 0.6124737 0.1622473 0.5820607 0.1950796 0.5782555 0.7435485 0.5977006 0.725008 0.5969561 0.7262204 0.5469784 0.7379289 0.6919224 0.7226066 0.6924564 0.7231798 0.6699292 0.7404071 0.6702896 0.7231798 0.6699292 0.725008 0.5969561 0.1980377 0.6985877 0.1818929 0.6980478 0.1807818 0.685586 0.1992197 0.6773017 0.1807818 0.685586 0.1706517 0.6124737 0.8769077 0.7535209 0.8807992 0.7572359 0.8714586 0.765558 0.7530654 0.7393796 0.7462803 0.7464048 0.7389157 0.7322221 0.2091028 0.7456481 0.1982808 0.7510207 0.2064341 0.7342408 0.7213152 0.7427172 0.7216646 0.7291978 0.7274873 0.7308586 0.1982808 0.7510207 0.1785037 0.7470052 0.1869325 0.7414906 0.2091122 0.6768681 0.1992197 0.6773017 0.1990464 0.6099551 0.2152178 0.7436795 0.2091028 0.7456481 0.2143629 0.7347146 0.2064341 0.7342408 0.1869325 0.7414906 0.1771028 0.7257979 0.7387279 0.7446498 0.733587 0.7317023 0.7389157 0.7322221 0.1374149 0.898052 0.1623829 0.9392724 0.1511497 0.9495069 0.1325057 0.8581804 0.1374149 0.898052 0.1203954 0.9025681 0.1325057 0.8581804 0.1141136 0.8599708 0.1172554 0.8177681 0.1350007 0.818492 0.1172554 0.8177681 0.1315749 0.7814565 0.1462141 0.7871013 0.1315749 0.7814565 0.1785037 0.7470052 0.2217108 0.968001 0.2361379 0.9689105 0.2362342 0.9875889 0.1950341 0.9610224 0.1881365 0.9770617 0.1511497 0.9495069 0.7942013 0.6627383 0.7687519 0.6704026 0.7839365 0.6016125 0.2074998 0.6996254 0.1980377 0.6985877 0.1992197 0.6773017 0.7687519 0.6704026 0.7573333 0.670337 0.7624446 0.5994089 0.7535664 0.6916064 0.7573333 0.670337 0.7687519 0.6704026 0.7839365 0.6016125 0.7624446 0.5994089 0.770522 0.5568724 0.1990464 0.6099551 0.1950796 0.5782555 0.2040132 0.5778234 0.2143629 0.7347146 0.1955074 0.718843 0.2039332 0.7217167 0.2231184 0.8793522 0.2251262 0.9142893 0.2215743 0.9140454 0.2231184 0.8793522 0.2189214 0.8792675 0.2193647 0.8418681 0.223668 0.8244541 0.2233793 0.8417471 0.2193647 0.8418681 0.223668 0.8244541 0.2197425 0.8241971 0.220903 0.8001787 0.7418929 0.917243 0.7341493 0.9180368 0.7370656 0.8810991 0.7457585 0.8806455 0.7370656 0.8810991 0.739574 0.8496017 0.7485536 0.8184713 0.7490881 0.8499404 0.739574 0.8496017 0.7460038 0.7915956 0.7485536 0.8184713 0.7395048 0.8173716 0.7389157 0.7322221 0.733587 0.7317023 0.7508221 0.7133362 0.2170262 0.7713897 0.2113637 0.77363 0.2091028 0.7456481 0.220903 0.8001787 0.2113637 0.77363 0.2170262 0.7713897 0.734477 0.7438457 0.7387279 0.7446498 0.7379787 0.7898406 0.7466107 0.9653537 0.7430448 0.9544892 0.7549934 0.9517152 0.2056128 0.9368898 0.2148628 0.9391869 0.2073912 0.9652075 0.2152152 0.9134845 0.2215743 0.9140454 0.2148628 0.9391869 0.7430448 0.9544892 0.7341493 0.9180368 0.7418929 0.917243 0.7213152 0.7427172 0.7301782 0.7432376 0.7290358 0.7886509 0.2352643 0.798412 0.2280436 0.7988922 0.222926 0.7696389 0.2351077 0.7674214 0.222926 0.7696389 0.221524 0.7422354 0.2352643 0.798412 0.2354 0.8251115 0.2275792 0.8246252 0.2354832 0.8414145 0.2273933 0.8416395 0.2275792 0.8246252 0.2354832 0.8414145 0.2356804 0.8799148 0.2273136 0.8794971 0.2356804 0.8799148 0.2358583 0.9145798 0.2286829 0.9144693 0.2244881 0.7342364 0.2132305 0.7241039 0.2349007 0.7255218 0.2343457 0.6085781 0.2181214 0.6090676 0.2213596 0.5770651 0.2347757 0.6997879 0.2168817 0.6998212 0.2187896 0.6758427 0.2217108 0.968001 0.2195819 0.9859637 0.211165 0.9845625 0.2349759 0.7409839 0.221524 0.7422354 0.2244881 0.7342364 0.2346583 0.6753664 0.2187896 0.6758427 0.2181214 0.6090676 0.7301782 0.7432376 0.7274873 0.7308586 0.730549 0.7313246 0.7487781 0.6703133 0.7404071 0.6702896 0.7435485 0.5977006 0.7379289 0.6919224 0.7404071 0.6702896 0.7487781 0.6703133 0.7435485 0.5977006 0.7436994 0.5485496 0.7541564 0.551859 0.7298136 0.9183456 0.7254684 0.9185316 0.7273746 0.8814637 0.7322186 0.8812991 0.7273746 0.8814637 0.7290313 0.8493448 0.7344761 0.8168593 0.7342952 0.8494603 0.7290313 0.8493448 0.7335038 0.78916 0.7344761 0.8168593 0.729454 0.8164377 0.730549 0.7313246 0.7274873 0.7308586 0.736451 0.7158906 0.7309105 0.9677795 0.7294105 0.9563487 0.7362516 0.9555735 0.2200943 0.9401209 0.2253671 0.9407945 0.2217108 0.968001 0.2251262 0.9142893 0.2286829 0.9144693 0.2253671 0.9407945 0.7294105 0.9563487 0.7254684 0.9185316 0.7298136 0.9183456 0.7449688 0.5063558 0.7436994 0.5485496 0.7262204 0.5469784 0.2203193 0.5502044 0.1916041 0.5210093 0.2340224 0.519361 0.2213596 0.5770651 0.2203193 0.5502044 0.2341168 0.5493335 0.7477267 0.4788743 0.7449688 0.5063558 0.7272205 0.5054479 0.2340224 0.519361 0.1916041 0.5210093 0.2107502 0.4823671 0.1916041 0.5210093 0.2203193 0.5502044 0.2064381 0.5532426 0.7840684 0.5321776 0.803294 0.5445433 0.7873393 0.562982 0.147204 0.5652906 0.162382 0.5608487 0.1622473 0.5820607 0.7641004 0.5182683 0.7840684 0.5321776 0.770522 0.5568724 0.2064381 0.5532426 0.2203193 0.5502044 0.2213596 0.5770651 0.7641004 0.5182683 0.7541564 0.551859 0.7436994 0.5485496 0.1950796 0.5782555 0.180431 0.5456395 0.2064381 0.5532426 0.7362516 0.9555735 0.7298136 0.9183456 0.7341493 0.9180368 0.2215743 0.9140454 0.2251262 0.9142893 0.2200943 0.9401209 0.2148628 0.9391869 0.2200943 0.9401209 0.2145133 0.9668219 0.7387364 0.9667803 0.7362516 0.9555735 0.7430448 0.9544892 0.733587 0.7317023 0.730549 0.7313246 0.7436969 0.7147548 0.7379787 0.7898406 0.7395048 0.8173716 0.7344761 0.8168593 0.7395048 0.8173716 0.739574 0.8496017 0.7342952 0.8494603 0.7370656 0.8810991 0.7322186 0.8812991 0.7342952 0.8494603 0.7341493 0.9180368 0.7298136 0.9183456 0.7322186 0.8812991 0.7624446 0.5994089 0.7529985 0.5984795 0.7541564 0.551859 0.7457103 0.69183 0.7487781 0.6703133 0.7573333 0.670337 0.7573333 0.670337 0.7487781 0.6703133 0.7529985 0.5984795 0.734477 0.7438457 0.730549 0.7313246 0.733587 0.7317023 0.2145133 0.9668219 0.211165 0.9845625 0.2027942 0.9824548 0.7301782 0.7432376 0.734477 0.7438457 0.7335038 0.78916 0.2244552 0.7994359 0.2170262 0.7713897 0.222926 0.7696389 0.222926 0.7696389 0.2170262 0.7713897 0.2152178 0.7436795 0.2280436 0.7988922 0.2275792 0.8246252 0.223668 0.8244541 0.2273933 0.8416395 0.2233793 0.8417471 0.223668 0.8244541 0.2273933 0.8416395 0.2273136 0.8794971 0.2231184 0.8793522 0.2273136 0.8794971 0.2286829 0.9144693 0.2251262 0.9142893 0.2191612 0.7346508 0.2039332 0.7217167 0.2132305 0.7241039 0.2086358 0.6096029 0.2040132 0.5778234 0.2213596 0.5770651 0.2168817 0.6998212 0.2074998 0.6996254 0.2091122 0.6768681 0.221524 0.7422354 0.2152178 0.7436795 0.2191612 0.7346508 0.2187896 0.6758427 0.2091122 0.6768681 0.2086358 0.6096029 0.1779095 0.5380663 0.1867935 0.5163272 0.1916041 0.5210093 0.180431 0.5456395 0.162382 0.5608487 0.1629478 0.5536599 0.7524349 0.4969362 0.7449688 0.5063558 0.7477267 0.4788743 0.109903 0.458649 0.1122462 0.4653517 0.05197829 0.4692677 0.7840684 0.5321776 0.7641004 0.5182683 0.7690408 0.511354 0.803294 0.5445433 0.7840684 0.5321776 0.787844 0.5265197 0.8745049 0.499411 0.9382139 0.4902714 0.9402548 0.4946444 0.108581 0.4764456 0.108831 0.492729 0.04456114 0.487766 0.1622473 0.5820607 0.162382 0.5608487 0.180431 0.5456395 0.8714586 0.765558 0.8807992 0.7572359 0.8818391 0.7713189 0.06650942 0.734574 0.06951957 0.7382455 0.06552273 0.7405743 0.8636131 0.7645822 0.8672433 0.7685505 0.8578623 0.774847 0.07857632 0.7483002 0.08157157 0.7521268 0.07738709 0.7545813 0.08157157 0.7521268 0.08770483 0.7579038 0.08254498 0.7611035 0.06951957 0.7382455 0.07551646 0.7445198 0.0716744 0.7466865 0.2156985 0.7117118 0.2064003 0.7105422 0.2074998 0.6996254 0.234835 0.7120275 0.2156985 0.7117118 0.2168817 0.6998212 0.2064003 0.7105422 0.1975048 0.7087006 0.1980377 0.6985877 0.1975048 0.7087006 0.1821933 0.7065426 0.1818929 0.6980478 0.8826087 0.7504153 0.8860363 0.7535215 0.8807992 0.7572359 0.1037864 0.5171581 0.04296344 0.5099177 0.0438233 0.5054914 0.803294 0.5445433 0.8159837 0.5601962 0.8060334 0.5725161 0.1566324 0.6738224 0.1526767 0.6135195 0.1706517 0.6124737 0.1526767 0.6135195 0.1424303 0.581821 0.1622473 0.5820607 0.0545392 0.7452944 0.06256407 0.7513223 0.04887086 0.7615532 0.8672433 0.7685505 0.8735429 0.7764449 0.8642618 0.7819755 0.07738709 0.7545813 0.08254498 0.7611035 0.07130944 0.7694211 0.07738709 0.7545813 0.06931686 0.7592105 0.06756383 0.7546358 0.8807992 0.7572359 0.8860363 0.7535215 0.8929952 0.7609804 0.06552273 0.7405743 0.0716744 0.7466865 0.06256407 0.7513223 0.06552273 0.7405743 0.0545392 0.7452944 0.05564498 0.7330456 0.06556725 0.7727484 0.07130944 0.7694211 0.07139086 0.7938293 0.8714586 0.765558 0.8783928 0.7737116 0.8735429 0.7764449 0.7436969 0.7147548 0.7457103 0.69183 0.7535664 0.6916064 0.736451 0.7158906 0.7379289 0.6919224 0.7457103 0.69183 0.7508221 0.7133362 0.7535664 0.6916064 0.7656604 0.6917002 0.8679224 0.7615562 0.8714586 0.765558 0.8672433 0.7685505 0.736451 0.7158906 0.7219824 0.7168342 0.7226066 0.6924564 0.05369836 0.75933 0.05426937 0.7621108 0.05252987 0.7628657 0.06931686 0.7592105 0.07130944 0.7694211 0.05426937 0.7621108 0.06556725 0.7727484 0.05984371 0.775008 0.05075377 0.7637396 0.06931686 0.7592105 0.05369836 0.75933 0.05288755 0.7578679 0.8883107 0.7978004 0.8822149 0.7977232 0.8866583 0.7939087 0.8866583 0.7939087 0.8898187 0.792279 0.8883107 0.7978004 0.8898187 0.792279 0.8923972 0.7896375 0.8938719 0.7953263 0.8923972 0.7896375 0.8981461 0.7866899 0.8938719 0.7953263 0.8783928 0.7737116 0.8898187 0.792279 0.8866583 0.7939087 0.8818391 0.7713189 0.8929952 0.7609804 0.8981461 0.7866899 0.0545392 0.7452944 0.03327 0.7451708 0.03327924 0.7378326 0.8783928 0.7737116 0.8818391 0.7713189 0.8923972 0.7896375 0.8735429 0.7764449 0.8866583 0.7939087 0.8822149 0.7977232 0.2078945 0.4588875 0.215694 0.4540946 0.2107502 0.4823671 0.2107502 0.4823671 0.215694 0.4540946 0.2337189 0.4581071 0.04456114 0.487766 0.02926295 0.476818 0.03588265 0.4781686 0.04586374 0.4731945 0.03588265 0.4781686 0.04434728 0.4600346 0.03588265 0.4781686 0.02926295 0.476818 0.02493 0.470577 0.03588265 0.4781686 0.02493 0.470577 0.02873009 0.4557958 0.02493 0.470577 0.02164942 0.4627043 0.02255886 0.4576509 0.02873009 0.4557958 0.02493 0.470577 0.02255886 0.4576509 0.02873009 0.4557958 0.04434728 0.4600346 0.03588265 0.4781686 0.04434728 0.4600346 0.04748612 0.4659897 0.04586374 0.4731945 0.05197829 0.4692677 0.050471 0.4752546 0.04586374 0.4731945 0.01745671 0.4798934 0.02493 0.470577 0.02926295 0.476818 0.9320965 0.4795562 0.9293625 0.4714536 0.9342735 0.4716005 0.9382139 0.4902714 0.9320965 0.4795562 0.9375382 0.4783001 0.01745671 0.4798934 0.01167458 0.4654816 0.02164942 0.4627043 0.0478658 0.4808325 0.03588265 0.4781686 0.04586374 0.4731945 0.9402548 0.4946444 0.9382139 0.4902714 0.954671 0.4835373 0.05197829 0.4692677 0.04778003 0.4685324 0.04748612 0.4659897 0.973883 0.4734165 0.97867 0.4757675 0.9615647 0.4817005 0.8222836 0.7170486 0.8270462 0.7207938 0.8208439 0.7284227 0.840935 0.7021323 0.844928 0.7068359 0.8349586 0.7108518 0.1213411 0.7072938 0.124879 0.7135404 0.1198531 0.7162277 0.1303995 0.723361 0.1340451 0.7306997 0.129848 0.7320881 0.127578 0.718496 0.1303995 0.723361 0.1256384 0.7255512 0.8121802 0.7326785 0.8160523 0.7255373 0.8208439 0.7284227 0.1114954 0.7015599 0.1213411 0.7072938 0.1160516 0.7103356 0.8222836 0.7170486 0.8297616 0.7063136 0.8349586 0.7108518 0.1108068 0.4708905 0.1292805 0.4696555 0.1258559 0.4753385 0.1625697 0.5485944 0.1487607 0.556877 0.1154183 0.5177058 0.1935912 0.479369 0.1830282 0.5135034 0.1254284 0.4933108 0.8089264 0.536335 0.8589968 0.5020604 0.8682938 0.5162066 0.8589968 0.5020604 0.8522749 0.4911015 0.8694357 0.4883366 0.8522749 0.4911015 0.8458029 0.4796008 0.864949 0.4775383 0.7728947 0.506985 0.7580765 0.490681 0.8411761 0.4711186 0.1122462 0.4653517 0.1315488 0.4637657 0.1292805 0.4696555 0.1088294 0.5017047 0.1243937 0.5031092 0.1191636 0.511624 0.1088294 0.5017047 0.108831 0.492729 0.1254284 0.4933108 0.7656604 0.6917002 0.7687519 0.6704026 0.7785984 0.6758114 0.1566324 0.6738224 0.1807818 0.685586 0.1713694 0.6884884 0.7680363 0.7206608 0.763244 0.710457 0.7715721 0.7105274 0.1821933 0.7065426 0.1813354 0.7141404 0.1734899 0.713416 0.1813354 0.7141404 0.1771028 0.7257979 0.1718406 0.7252922 0.1818929 0.6980478 0.1726408 0.6985285 0.1713694 0.6884884 0.7942013 0.6627383 0.8011826 0.6668039 0.7785984 0.6758114 0.7656604 0.6917002 0.7747948 0.69353 0.7715721 0.7105274 0.7747948 0.69353 0.7785984 0.6758114 0.7883713 0.6803602 0.1502866 0.6765531 0.1713694 0.6884884 0.1619753 0.6908315 0.7733556 0.7205504 0.7715721 0.7105274 0.7794629 0.7119055 0.1734257 0.7060675 0.1734899 0.713416 0.1659645 0.7140259 0.1734899 0.713416 0.1718406 0.7252922 0.1660475 0.7259196 0.1726408 0.6985285 0.1636746 0.6999009 0.1619753 0.6908315 0.8011826 0.6668039 0.8083066 0.6714087 0.7883713 0.6803602 0.7747948 0.69353 0.7837128 0.6962628 0.7794629 0.7119055 0.04480123 0.496621 0.04456114 0.487766 0.108831 0.492729 0.04480123 0.496621 0.1088294 0.5017047 0.1055662 0.510945 0.05197829 0.4692677 0.1122462 0.4653517 0.1108068 0.4708905 0.8694357 0.4883366 0.864949 0.4775383 0.9293625 0.4714536 0.8745049 0.499411 0.8694357 0.4883366 0.9320965 0.4795562 0.050471 0.4752546 0.1108068 0.4708905 0.108581 0.4764456 0.1191636 0.511624 0.1154183 0.5177058 0.1037864 0.5171581 0.1258559 0.4753385 0.1254284 0.4933108 0.108831 0.492729 0.8682938 0.5162066 0.8589968 0.5020604 0.8745049 0.499411 0.8458029 0.4796008 0.8411761 0.4711186 0.8625909 0.4700394 0.7837128 0.6962628 0.7883713 0.6803602 0.8131002 0.6939205 0.1436951 0.6796741 0.1619753 0.6908315 0.1379694 0.6990424 0.7790256 0.7218348 0.7794629 0.7119055 0.8006572 0.7184362 0.1649886 0.7069317 0.1659645 0.7140259 0.1454198 0.7183383 0.1659645 0.7140259 0.1660475 0.7259196 0.1479565 0.7278395 0.1636746 0.6999009 0.1409105 0.7065496 0.1379694 0.6990424 0.8083066 0.6714087 0.8278588 0.6874917 0.8131002 0.6939205 0.7837128 0.6962628 0.8065961 0.7069039 0.8006572 0.7184362 0.8270462 0.7207938 0.8342433 0.7270333 0.8279519 0.7335203 0.844928 0.7068359 0.8516707 0.7143566 0.8426586 0.7181114 0.1160516 0.7103356 0.1198531 0.7162277 0.1122272 0.7208417 0.1256384 0.7255512 0.129848 0.7320881 0.123619 0.7352326 0.1227212 0.7209018 0.1256384 0.7255512 0.1184191 0.7295119 0.8208439 0.7284227 0.8279519 0.7335203 0.8223433 0.7395868 0.1074064 0.7050668 0.1160516 0.7103356 0.1079757 0.7152748 0.8349586 0.7108518 0.8426586 0.7181114 0.8342433 0.7270333 0.2599515 0.8789746 0.2879278 0.875615 0.2771217 0.9092954 0.6248529 0.8846748 0.6619107 0.8768292 0.667812 0.9139706 0.6941165 0.7902457 0.6678475 0.7959768 0.6520885 0.7768633 0.667812 0.9139706 0.6916636 0.9159311 0.6767801 0.9496721 0.7079985 0.9180753 0.7167298 0.9184428 0.7157191 0.9571124 0.2771217 0.9092954 0.2945795 0.923615 0.2663317 0.9365785 0.2945795 0.923615 0.3095839 0.9385176 0.2771583 0.9606009 0.6418601 0.9306514 0.6767801 0.9496721 0.6706384 0.9588304 0.2430323 0.9143958 0.2466188 0.9406856 0.2359957 0.941285 0.2505549 0.9678531 0.2361379 0.9689105 0.2359957 0.941285 0.702086 0.9556351 0.7157191 0.9571124 0.7154123 0.968851 0.7022223 0.7889106 0.6941165 0.7902457 0.6961899 0.7451121 0.2589129 0.7733901 0.2681977 0.7785747 0.2559541 0.8016505 0.2589129 0.7733901 0.2608933 0.7453891 0.2717674 0.7506536 0.7157641 0.7305634 0.7075826 0.715158 0.7219824 0.7168342 0.2681977 0.7785747 0.2924071 0.7975032 0.2757052 0.807074 0.2717674 0.7506536 0.3241943 0.7861988 0.2924071 0.7975032 0.6961899 0.7451121 0.6520885 0.7768633 0.6470253 0.7694345 0.6678475 0.7959768 0.6941165 0.7902457 0.6901689 0.8169494 0.7112152 0.7881875 0.7201275 0.7883411 0.7194097 0.8158594 0.6604179 0.8213271 0.6901689 0.8169494 0.6879932 0.8483462 0.7093489 0.8159138 0.7194097 0.8158594 0.71854 0.8491682 0.6879932 0.8483462 0.6897146 0.8791824 0.6619107 0.8768292 0.71854 0.8491682 0.7176896 0.8817133 0.708031 0.8809586 0.6897146 0.8791824 0.6916636 0.9159311 0.667812 0.9139706 0.7176896 0.8817133 0.7167298 0.9184428 0.7079985 0.9180753 0.6678475 0.7959768 0.6604179 0.8213271 0.6341834 0.8072707 0.6604179 0.8213271 0.657004 0.847405 0.6250784 0.8461709 0.657004 0.847405 0.6619107 0.8768292 0.6248529 0.8846748 0.2757052 0.807074 0.2924071 0.7975032 0.3034775 0.822349 0.3241943 0.7861988 0.3357267 0.8174698 0.3034775 0.822349 0.6520885 0.7768633 0.6341834 0.8072707 0.6244397 0.8020541 0.3034775 0.822349 0.3188173 0.8547352 0.2878617 0.8432292 0.3357267 0.8174698 0.3386274 0.8571276 0.3188173 0.8547352 0.6341834 0.8072707 0.6250784 0.8461709 0.6133959 0.8450469 0.3188173 0.8547352 0.3097673 0.8869759 0.2879278 0.875615 0.3188173 0.8547352 0.3386274 0.8571276 0.334127 0.897045 0.6133959 0.8450469 0.6250784 0.8461709 0.6248529 0.8846748 0.3097673 0.8869759 0.2945795 0.923615 0.2771217 0.9092954 0.334127 0.897045 0.3095839 0.9385176 0.2945795 0.923615 0.6144586 0.8885762 0.6248529 0.8846748 0.6418601 0.9306514 0.2757052 0.807074 0.2813066 0.8271524 0.2580903 0.823436 0.2813066 0.8271524 0.2878617 0.8432292 0.258825 0.8418573 0.258825 0.8418573 0.2878617 0.8432292 0.2879278 0.875615 0.2559541 0.8016505 0.2580903 0.823436 0.2510474 0.8240379 0.2510474 0.8240379 0.2580903 0.823436 0.258825 0.8418573 0.258825 0.8418573 0.2599515 0.8789746 0.2524318 0.8790963 0.2524318 0.8790963 0.2599515 0.8789746 0.2564892 0.9132731 0.2842208 0.9765682 0.2696195 0.9821116 0.264845 0.9649125 0.2742274 0.7184547 0.2883536 0.7136145 0.2634496 0.7339554 0.6926557 0.7311937 0.6758047 0.7183062 0.6811107 0.7083569 0.6453513 0.5686229 0.6644262 0.559952 0.6659495 0.598693 0.2733414 0.5778369 0.3061143 0.5813902 0.2980314 0.6118753 0.7064557 0.5967717 0.7086983 0.5476287 0.7262204 0.5469784 0.7073324 0.6911478 0.7059577 0.6694206 0.7231798 0.6699292 0.7059577 0.6694206 0.7064557 0.5967717 0.725008 0.5969561 0.2714998 0.6982299 0.2701092 0.6769601 0.2886269 0.6850633 0.2701092 0.6769601 0.2696439 0.6096071 0.2980314 0.6118753 0.5701538 0.7577966 0.5612673 0.7490267 0.564828 0.7459825 0.6897777 0.7377449 0.6926557 0.7311937 0.7042804 0.7313485 0.2608933 0.7453891 0.2555263 0.7345088 0.2634496 0.7339554 0.7157641 0.7305634 0.7216646 0.7291978 0.7213152 0.7427172 0.2717674 0.7506536 0.2634496 0.7339554 0.2830183 0.7410127 0.2602149 0.6766214 0.2600578 0.6093474 0.2696439 0.6096071 0.2547593 0.7434817 0.2507278 0.734493 0.2555263 0.7345088 0.2634496 0.7339554 0.2883536 0.7136145 0.2926949 0.7252296 0.7042804 0.7313485 0.7096289 0.7310981 0.7038242 0.7437512 0.334127 0.897045 0.3511921 0.901386 0.3209218 0.9486362 0.3386274 0.8571276 0.3570368 0.8587293 0.3511921 0.901386 0.3534637 0.816564 0.3570368 0.8587293 0.3386274 0.8571276 0.3387748 0.7804045 0.3534637 0.816564 0.3357267 0.8174698 0.2915028 0.7464401 0.3387748 0.7804045 0.3241943 0.7861988 0.2505549 0.9678531 0.252869 0.9857928 0.2362342 0.9875889 0.3209218 0.9486362 0.2842208 0.9765682 0.2771583 0.9606009 0.6526217 0.6591648 0.6438319 0.5991582 0.6659495 0.598693 0.2620481 0.6993599 0.2602149 0.6766214 0.2701092 0.6769601 0.6776481 0.668104 0.6659495 0.598693 0.687509 0.5975435 0.6776481 0.668104 0.6890535 0.6686147 0.6917332 0.6900383 0.6659495 0.598693 0.6644262 0.559952 0.6815124 0.5546459 0.2644142 0.5775 0.2733414 0.5778369 0.2696439 0.6096071 0.2658297 0.7214108 0.2742274 0.7184547 0.2555263 0.7345088 0.2482359 0.8792237 0.2524318 0.8790963 0.2501362 0.9138991 0.2516056 0.841704 0.2524318 0.8790963 0.2482359 0.8792237 0.2471246 0.8243348 0.2510474 0.8240379 0.2516056 0.841704 0.2496425 0.8000329 0.2510474 0.8240379 0.2471246 0.8243348 0.6983722 0.8800891 0.6993552 0.9171283 0.6916636 0.9159311 0.6975118 0.8485043 0.6983722 0.8800891 0.6897146 0.8791824 0.6901689 0.8169494 0.6992629 0.8163228 0.6975118 0.8485043 0.6941165 0.7902457 0.7022223 0.7889106 0.6992629 0.8163228 0.7042804 0.7313485 0.6811107 0.7083569 0.6933643 0.7118731 0.2532281 0.7712072 0.2547593 0.7434817 0.2608933 0.7453891 0.2532281 0.7712072 0.2589129 0.7733901 0.2496425 0.8000329 0.7081116 0.7431676 0.7067267 0.7884637 0.7022223 0.7889106 0.6767801 0.9496721 0.6885675 0.9530661 0.6844391 0.9637296 0.2663317 0.9365785 0.2771583 0.9606009 0.264845 0.9649125 0.2564892 0.9132731 0.2663317 0.9365785 0.257106 0.9389703 0.6916636 0.9159311 0.6993552 0.9171283 0.6885675 0.9530661 0.7213152 0.7427172 0.7201275 0.7883411 0.7112152 0.7881875 0.2352643 0.798412 0.2351077 0.7674214 0.2473111 0.7695162 0.2351077 0.7674214 0.2349759 0.7409839 0.2484393 0.7421006 0.2352643 0.798412 0.2424893 0.7988192 0.2432153 0.8245456 0.2432153 0.8245456 0.2435749 0.841557 0.2354832 0.8414145 0.2354832 0.8414145 0.2435749 0.841557 0.2440423 0.8794116 0.2356804 0.8799148 0.2440423 0.8794116 0.2430323 0.9143958 0.2349007 0.7255218 0.256556 0.7238895 0.2453973 0.7341318 0.2343457 0.6085781 0.2342184 0.5774273 0.2470725 0.5769277 0.2347757 0.6997879 0.2346583 0.6753664 0.2505295 0.6756892 0.2612709 0.9843053 0.252869 0.9857928 0.2505549 0.9678531 0.2349759 0.7409839 0.2349374 0.7330678 0.2453973 0.7341318 0.2346583 0.6753664 0.2343457 0.6085781 0.2505713 0.6089054 0.7126823 0.7308745 0.7157641 0.7305634 0.7124363 0.7427817 0.6975976 0.6690223 0.6969836 0.5970808 0.7064557 0.5967717 0.6975976 0.6690223 0.7059577 0.6694206 0.7073324 0.6911478 0.6980962 0.5504204 0.7086983 0.5476287 0.7064557 0.5967717 0.708031 0.8809586 0.7079985 0.9180753 0.7036688 0.9176627 0.7080538 0.8487975 0.708031 0.8809586 0.7032023 0.8805417 0.7043115 0.8160732 0.7093489 0.8159138 0.7080538 0.8487975 0.7067267 0.7884637 0.7112152 0.7881875 0.7093489 0.8159138 0.7126823 0.7308745 0.7004058 0.7136542 0.7075826 0.715158 0.695295 0.9545037 0.702086 0.9556351 0.6999912 0.9669719 0.2518844 0.9399578 0.25774 0.9666001 0.2505549 0.9678531 0.246587 0.9141795 0.2518844 0.9399578 0.2466188 0.9406856 0.7036688 0.9176627 0.7079985 0.9180753 0.702086 0.9556351 0.7262204 0.5469784 0.7086983 0.5476287 0.7094473 0.5051581 0.2340224 0.519361 0.2764621 0.5205305 0.247918 0.550047 0.2341168 0.5493335 0.247918 0.550047 0.2470725 0.5769277 0.7272205 0.5054479 0.7094473 0.5051581 0.7078648 0.4777379 0.2340224 0.519361 0.2339071 0.4807688 0.25712 0.4819907 0.2618231 0.5529254 0.247918 0.550047 0.2764621 0.5205305 0.6691179 0.5293662 0.6815124 0.5546459 0.6644262 0.559952 0.3209143 0.56473 0.325908 0.5810675 0.3061143 0.5813902 0.6897799 0.5162889 0.6980962 0.5504204 0.6815124 0.5546459 0.2618231 0.5529254 0.2644142 0.5775 0.2470725 0.5769277 0.7086983 0.5476287 0.6980962 0.5504204 0.6897799 0.5162889 0.2618231 0.5529254 0.2877911 0.5449327 0.2733414 0.5778369 0.6993552 0.9171283 0.7036688 0.9176627 0.695295 0.9545037 0.2501362 0.9138991 0.257106 0.9389703 0.2518844 0.9399578 0.257106 0.9389703 0.264845 0.9649125 0.25774 0.9666001 0.6885675 0.9530661 0.695295 0.9545037 0.6922281 0.9655653 0.7096289 0.7310981 0.6933643 0.7118731 0.7004058 0.7136542 0.7022223 0.7889106 0.7067267 0.7884637 0.7043115 0.8160732 0.6992629 0.8163228 0.7043115 0.8160732 0.7027909 0.8486383 0.7027909 0.8486383 0.7032023 0.8805417 0.6983722 0.8800891 0.7032023 0.8805417 0.7036688 0.9176627 0.6993552 0.9171283 0.687509 0.5975435 0.6815124 0.5546459 0.6980962 0.5504204 0.6890535 0.6686147 0.6975976 0.6690223 0.6995668 0.6906608 0.6890535 0.6686147 0.687509 0.5975435 0.6969836 0.5970808 0.7096289 0.7310981 0.7126823 0.7308745 0.7081116 0.7431676 0.2696195 0.9821116 0.2612709 0.9843053 0.25774 0.9666001 0.7124363 0.7427817 0.7112152 0.7881875 0.7067267 0.7884637 0.2473111 0.7695162 0.2532281 0.7712072 0.2460831 0.7993265 0.2473111 0.7695162 0.2484393 0.7421006 0.2547593 0.7434817 0.2424893 0.7988192 0.2460831 0.7993265 0.2471246 0.8243348 0.2471246 0.8243348 0.2475898 0.8416237 0.2435749 0.841557 0.2435749 0.841557 0.2475898 0.8416237 0.2482359 0.8792237 0.2440423 0.8794116 0.2482359 0.8792237 0.246587 0.9141795 0.256556 0.7238895 0.2658297 0.7214108 0.2507278 0.734493 0.2470725 0.5769277 0.2644142 0.5775 0.2600578 0.6093474 0.2526688 0.6996468 0.2505295 0.6756892 0.2602149 0.6766214 0.2484393 0.7421006 0.2453973 0.7341318 0.2507278 0.734493 0.2505295 0.6756892 0.2505713 0.6089054 0.2600578 0.6093474 0.2897804 0.5386396 0.2877911 0.5449327 0.2764621 0.5205305 0.3052971 0.5541194 0.3058437 0.5600474 0.2877911 0.5449327 0.7078648 0.4777379 0.7094473 0.5051581 0.7036795 0.4968673 0.5912775 0.4705079 0.5272372 0.4610375 0.5273733 0.4574048 0.6860871 0.5103971 0.6897799 0.5162889 0.6691179 0.5293662 0.6662992 0.5245866 0.6691179 0.5293662 0.6492481 0.5408573 0.5151417 0.4836165 0.5174095 0.4793581 0.5805142 0.4918164 0.3586697 0.4749432 0.4194806 0.4786944 0.4228606 0.4855856 0.2877911 0.5449327 0.3058437 0.5600474 0.3061143 0.5813902 0.5701538 0.7577966 0.5628083 0.7655948 0.5594913 0.7630307 0.4039135 0.7331241 0.4067789 0.7352888 0.4044907 0.7388062 0.5832221 0.767804 0.5742031 0.7610018 0.5775159 0.7576985 0.3920358 0.7469692 0.3954205 0.7487919 0.3927448 0.7529308 0.3890987 0.750832 0.3927448 0.7529308 0.3876305 0.7594732 0.4010069 0.7368106 0.4044907 0.7388062 0.3983971 0.7449854 0.2539676 0.711524 0.2526688 0.6996468 0.2620481 0.6993599 0.234835 0.7120275 0.2347757 0.6997879 0.2526688 0.6996468 0.2632541 0.7102634 0.2620481 0.6993599 0.2714998 0.6982299 0.2721315 0.7083349 0.2714998 0.6982299 0.2876392 0.6975322 0.5612673 0.7490267 0.5562179 0.745064 0.559337 0.7425767 0.4237892 0.5032861 0.4246919 0.5077039 0.3640263 0.5155227 0.6492481 0.5408573 0.6644262 0.559952 0.6453513 0.5686229 0.2980314 0.6118753 0.3160045 0.6127507 0.3126568 0.6730647 0.3061143 0.5813902 0.325908 0.5810675 0.3160045 0.6127507 0.4155183 0.7434306 0.4241487 0.7576159 0.4213346 0.759637 0.5764821 0.7745752 0.567508 0.7685717 0.5742031 0.7610018 0.3927448 0.7529308 0.400865 0.7574867 0.3989716 0.7677116 0.4025735 0.7528956 0.400865 0.7574867 0.3927448 0.7529308 0.5612673 0.7490267 0.5594913 0.7630307 0.5488856 0.7521408 0.4044907 0.7388062 0.4155183 0.7434306 0.4075479 0.7495311 0.4142981 0.7311921 0.4155183 0.7434306 0.4044907 0.7388062 0.4047485 0.7709786 0.4033043 0.7920309 0.3991457 0.7921204 0.567508 0.7685717 0.5628083 0.7655948 0.5701538 0.7577966 0.6917332 0.6900383 0.6995668 0.6906608 0.7004058 0.7136542 0.6995668 0.6906608 0.7073324 0.6911478 0.7075826 0.715158 0.6796512 0.6895163 0.6917332 0.6900383 0.6933643 0.7118731 0.5742031 0.7610018 0.5701538 0.7577966 0.5733991 0.7544886 0.7075826 0.715158 0.7073324 0.6911478 0.7226066 0.6924564 0.4176917 0.7609646 0.4159448 0.7602271 0.4164854 0.7574398 0.400865 0.7574867 0.4164854 0.7574398 0.4159448 0.7602271 0.4047485 0.7709786 0.4176917 0.7609646 0.4194765 0.7618207 0.4172801 0.7559691 0.4164854 0.7574398 0.400865 0.7574867 0.5535167 0.7853423 0.5577583 0.7893784 0.5516678 0.7891445 0.5516678 0.7891445 0.5462405 0.786389 0.5504444 0.7835533 0.5462405 0.786389 0.5424156 0.7775449 0.5480051 0.7807835 0.5504444 0.7835533 0.5462405 0.786389 0.5480051 0.7807835 0.5535167 0.7853423 0.5504444 0.7835533 0.5628083 0.7655948 0.5594913 0.7630307 0.5480051 0.7807835 0.5424156 0.7775449 0.4367065 0.7357658 0.4367868 0.7431031 0.4155183 0.7434306 0.5628083 0.7655948 0.5504444 0.7835533 0.5480051 0.7807835 0.5577583 0.7893784 0.5535167 0.7853423 0.567508 0.7685717 0.25712 0.4819907 0.2517142 0.4539819 0.2581539 0.4578986 0.2337189 0.4581071 0.2517142 0.4539819 0.25712 0.4819907 0.4314367 0.4758995 0.4380419 0.4744769 0.4228606 0.4855856 0.4380419 0.4744769 0.4314367 0.4758995 0.4423056 0.4681901 0.4314367 0.4758995 0.4214011 0.4710404 0.4227746 0.4578717 0.4383434 0.4534569 0.4314367 0.4758995 0.4227746 0.4578717 0.4214011 0.4710404 0.4194343 0.4664025 0.4197007 0.4638583 0.4197007 0.4638583 0.4227746 0.4578717 0.4214011 0.4710404 0.4383434 0.4534569 0.4445317 0.4552392 0.4423056 0.4681901 0.4445317 0.4552392 0.4454978 0.4602817 0.4423056 0.4681901 0.4152439 0.4671834 0.4194343 0.4664025 0.4214011 0.4710404 0.4380419 0.4744769 0.4423056 0.4681901 0.449882 0.4774219 0.5240814 0.4689813 0.5187142 0.467445 0.5223252 0.4609282 0.5174095 0.4793581 0.501332 0.4717852 0.5187142 0.467445 0.449882 0.4774219 0.4423056 0.4681901 0.4454978 0.4602817 0.4214011 0.4710404 0.4314367 0.4758995 0.4194806 0.4786944 0.5151417 0.4836165 0.4945467 0.4695963 0.501332 0.4717852 0.4197007 0.4638583 0.4194343 0.4664025 0.4152439 0.4671834 0.4826766 0.4606834 0.4936543 0.4639827 0.4945467 0.4695963 0.6226364 0.7233628 0.616842 0.7154225 0.6211562 0.7123711 0.6094607 0.7050855 0.599713 0.700556 0.6034034 0.6966509 0.3489501 0.7065424 0.3535962 0.7091413 0.3498623 0.7150758 0.3400145 0.7225755 0.3441866 0.7244613 0.3400567 0.7310526 0.3427964 0.7177188 0.3470484 0.7197797 0.3441866 0.7244613 0.63048 0.72833 0.6268168 0.7301972 0.6226364 0.7233628 0.3585844 0.7007647 0.3621798 0.7037737 0.3535962 0.7091413 0.6211562 0.7123711 0.616842 0.7154225 0.6094607 0.7050855 0.3413237 0.4740443 0.3378204 0.4683969 0.3563835 0.4694184 0.3054663 0.5493409 0.3486082 0.5102683 0.3525076 0.5162757 0.2721447 0.4790622 0.3413237 0.4740443 0.3419679 0.4920437 0.5857297 0.508911 0.5958485 0.4953203 0.644725 0.5335397 0.586197 0.4810413 0.6031957 0.4847496 0.5958485 0.4953203 0.5912775 0.4705079 0.6103201 0.4736042 0.6031957 0.4847496 0.6827824 0.5060704 0.6103201 0.4736042 0.6154317 0.4653735 0.3378204 0.4683969 0.3355166 0.4625046 0.3548887 0.4639003 0.3587406 0.5001677 0.3621531 0.5093483 0.3486082 0.5102683 0.3587406 0.5001677 0.3431916 0.501851 0.3419679 0.4920437 0.6796512 0.6895163 0.6704331 0.6908819 0.6675375 0.6730052 0.3126568 0.6730647 0.3190302 0.6757307 0.2980681 0.6878732 0.6758047 0.7183062 0.6704979 0.717931 0.6727878 0.7080116 0.2874221 0.7060272 0.2961856 0.7054685 0.296192 0.7128163 0.2883536 0.7136145 0.296192 0.7128163 0.2979518 0.7246755 0.2980681 0.6878732 0.2968966 0.6979237 0.2876392 0.6975322 0.6675375 0.6730052 0.6454421 0.6628625 0.6526217 0.6591648 0.6727878 0.7080116 0.6704331 0.6908819 0.6796512 0.6895163 0.6704331 0.6908819 0.6613857 0.6931595 0.657544 0.6770477 0.3190302 0.6757307 0.3256535 0.6787843 0.3074854 0.6901236 0.6704979 0.717931 0.6647698 0.7189294 0.6648368 0.7089921 0.2961856 0.7054685 0.3046314 0.7062522 0.3037233 0.7133553 0.296192 0.7128163 0.3037233 0.7133553 0.3037504 0.725249 0.3074854 0.6901236 0.305877 0.699209 0.2968966 0.6979237 0.657544 0.6770477 0.6380915 0.6670909 0.6454421 0.6628625 0.6648368 0.7089921 0.6613857 0.6931595 0.6704331 0.6908819 0.4227181 0.49443 0.3587406 0.5001677 0.3586107 0.4912086 0.4227181 0.49443 0.4237892 0.5032861 0.3621531 0.5093483 0.3563835 0.4694184 0.3548887 0.4639003 0.4152439 0.4671834 0.5272372 0.4610375 0.5912775 0.4705079 0.586197 0.4810413 0.5240814 0.4689813 0.586197 0.4810413 0.5805142 0.4918164 0.3586697 0.4749432 0.3563835 0.4694184 0.4168152 0.4731491 0.3486082 0.5102683 0.3621531 0.5093483 0.3640263 0.5155227 0.3413237 0.4740443 0.3586697 0.4749432 0.3586107 0.4912086 0.5857297 0.508911 0.5733957 0.5072724 0.5805142 0.4918164 0.6103201 0.4736042 0.5912775 0.4705079 0.5940442 0.4631507 0.6613857 0.6931595 0.6379868 0.7026201 0.6321513 0.6893196 0.3256535 0.6787843 0.3446651 0.6897757 0.3315744 0.6980924 0.6647698 0.7189294 0.6457068 0.7231051 0.6433383 0.7144459 0.3046314 0.7062522 0.3265253 0.7115444 0.3243086 0.7174734 0.3037233 0.7133553 0.3243086 0.7174734 0.3218579 0.7270042 0.3315744 0.6980924 0.3287054 0.7056328 0.305877 0.699209 0.6321513 0.6893196 0.6177472 0.6821562 0.6380915 0.6670909 0.6433383 0.7144459 0.6379868 0.7026201 0.6613857 0.6931595 0.615274 0.7280822 0.6093261 0.721281 0.616842 0.7154225 0.6013837 0.7119377 0.5925809 0.7077172 0.599713 0.700556 0.3535962 0.7091413 0.3617314 0.7139865 0.3575426 0.7196024 0.3441866 0.7244613 0.3514496 0.7283442 0.3463139 0.7341225 0.3470484 0.7197797 0.3544929 0.7239779 0.3514496 0.7283442 0.620562 0.7344287 0.615274 0.7280822 0.6226364 0.7233628 0.3621798 0.7037737 0.3692532 0.7088022 0.3617314 0.7139865 0.6093261 0.721281 0.6013837 0.7119377 0.6094607 0.7050855 0.7641004 0.5182683 0.7449688 0.5063558 0.7524349 0.4969362 0.803294 0.5445433 0.8064169 0.5395942 0.8180478 0.5550978 0.2107502 0.4823671 0.1916041 0.5210093 0.1867935 0.5163272 0.162382 0.5608487 0.147204 0.5652906 0.148501 0.560109 0.201811 0.460731 0.2078945 0.4588875 0.2003124 0.4805157 0.8064169 0.5395942 0.787844 0.5265197 0.7907757 0.5228363 0.787844 0.5265197 0.7690408 0.511354 0.7728947 0.506985 0.7580765 0.490681 0.7524349 0.4969362 0.756525 0.4738438 0.1779095 0.5380663 0.1629478 0.5536599 0.1625697 0.5485944 0.1755843 0.5331299 0.1830282 0.5135034 0.1867935 0.5163272 0.1243937 0.5031092 0.1254284 0.4933108 0.1830282 0.5135034 0.1755843 0.5331299 0.1625697 0.5485944 0.1191636 0.511624 0.8411761 0.4711186 0.7580765 0.490681 0.7633213 0.4720169 0.7907757 0.5228363 0.7728947 0.506985 0.8458029 0.4796008 0.8089264 0.536335 0.7907757 0.5228363 0.8522749 0.4911015 0.1292805 0.4696555 0.201811 0.460731 0.1935912 0.479369 0.7690408 0.511354 0.7524349 0.4969362 0.7580765 0.490681 0.8064169 0.5395942 0.8089264 0.536335 0.8198094 0.5519611 0.2003124 0.4805157 0.1867935 0.5163272 0.1830282 0.5135034 0.1629478 0.5536599 0.148501 0.560109 0.1487607 0.556877 0.6897799 0.5162889 0.6860871 0.5103971 0.7036795 0.4968673 0.6344488 0.5517122 0.6468905 0.5367022 0.6492481 0.5408573 0.25712 0.4819907 0.2657343 0.4802991 0.2803357 0.5166466 0.3058437 0.5600474 0.3052971 0.5541194 0.3199568 0.5605062 0.2657343 0.4802991 0.2581539 0.4578986 0.2638147 0.4597301 0.6638017 0.5209856 0.6662992 0.5245866 0.6468905 0.5367022 0.6827824 0.5060704 0.6860871 0.5103971 0.6662992 0.5245866 0.7008759 0.4731786 0.7036795 0.4968673 0.6987578 0.4904573 0.3054663 0.5493409 0.3052971 0.5541194 0.2897804 0.5386396 0.2918258 0.533887 0.2897804 0.5386396 0.2803357 0.5166466 0.3431916 0.501851 0.2918258 0.533887 0.2837591 0.5139161 0.3486082 0.5102683 0.3054663 0.5493409 0.2918258 0.533887 0.6946762 0.4709537 0.6987578 0.4904573 0.6154317 0.4653735 0.6103201 0.4736042 0.6827824 0.5060704 0.6638017 0.5209856 0.6031957 0.4847496 0.6638017 0.5209856 0.644725 0.5335397 0.2721447 0.4790622 0.2638147 0.4597301 0.3378204 0.4683969 0.6860871 0.5103971 0.6827824 0.5060704 0.6987578 0.4904573 0.6329981 0.5486465 0.644725 0.5335397 0.6468905 0.5367022 0.2657343 0.4802991 0.2721447 0.4790622 0.2837591 0.5139161 0.3052971 0.5541194 0.3054663 0.5493409 0.319659 0.5574464 0.3498623 0.7150758 0.3575426 0.7196024 0.3544929 0.7239779 0.305877 0.699209 0.3287054 0.7056328 0.3265253 0.7115444 0.2968966 0.6979237 0.305877 0.699209 0.3046314 0.7062522 0.2876392 0.6975322 0.2968966 0.6979237 0.2961856 0.7054685 0.3454557 0.7127742 0.3498623 0.7150758 0.3470484 0.7197797 0.4180089 0.7543956 0.4172801 0.7559691 0.4025735 0.7528956 0.4159448 0.7602271 0.4176917 0.7609646 0.4047485 0.7709786 0.4194765 0.7618207 0.4176917 0.7609646 0.4172801 0.7559691 0.4072317 0.7920031 0.4033043 0.7920309 0.4047485 0.7709786 0.4043235 0.7485736 0.4025735 0.7528956 0.3954205 0.7487919 0.2742274 0.7184547 0.2721315 0.7083349 0.2874221 0.7060272 0.2658297 0.7214108 0.2632541 0.7102634 0.2721315 0.7083349 0.2349007 0.7255218 0.234835 0.7120275 0.2539676 0.711524 0.256556 0.7238895 0.2539676 0.711524 0.2632541 0.7102634 0.3950471 0.743161 0.3983971 0.7449854 0.3954205 0.7487919 0.1198531 0.7162277 0.1227212 0.7209018 0.1153261 0.7251815 0.1636746 0.6999009 0.1649886 0.7069317 0.1431472 0.7124348 0.1726408 0.6985285 0.1734257 0.7060675 0.1649886 0.7069317 0.1818929 0.6980478 0.1821933 0.7065426 0.1734257 0.7060675 0.124879 0.7135404 0.127578 0.718496 0.1227212 0.7209018 0.06756383 0.7546358 0.05288755 0.7578679 0.05214148 0.7563034 0.06556725 0.7727484 0.05252987 0.7628657 0.05426937 0.7621108 0.05288755 0.7578679 0.05252987 0.7628657 0.05075377 0.7637396 0.06556725 0.7727484 0.06723141 0.7937837 0.06330376 0.793797 0.0746842 0.7504625 0.06756383 0.7546358 0.06576919 0.7503324 0.1955074 0.718843 0.1813354 0.7141404 0.1821933 0.7065426 0.2039332 0.7217167 0.1955074 0.718843 0.1975048 0.7087006 0.2349007 0.7255218 0.2132305 0.7241039 0.2156985 0.7117118 0.2132305 0.7241039 0.2039332 0.7217167 0.2064003 0.7105422 0.07551646 0.7445198 0.07857632 0.7483002 0.0746842 0.7504625 0.1409105 0.7065496 0.1431472 0.7124348 0.127578 0.718496 0.8065961 0.7069039 0.8131002 0.6939205 0.8297616 0.7063136 0.1247897 0.6908479 0.1379694 0.6990424 0.1213411 0.7072938 0.7978557 0.7269662 0.8006572 0.7184362 0.8160523 0.7255373 0.1431472 0.7124348 0.1454198 0.7183383 0.1303995 0.723361 0.1454198 0.7183383 0.1479565 0.7278395 0.1340451 0.7306997 0.1379694 0.6990424 0.1409105 0.7065496 0.124879 0.7135404 0.8278588 0.6874917 0.840935 0.7021323 0.8297616 0.7063136 0.8065961 0.7069039 0.8222836 0.7170486 0.8160523 0.7255373 0.3287054 0.7056328 0.3454557 0.7127742 0.3427964 0.7177188 0.6379868 0.7026201 0.6211562 0.7123711 0.6141935 0.7013596 0.3446651 0.6897757 0.3585844 0.7007647 0.3489501 0.7065424 0.6457068 0.7231051 0.63048 0.72833 0.6269345 0.7210444 0.3265253 0.7115444 0.3427964 0.7177188 0.3400145 0.7225755 0.3243086 0.7174734 0.3400145 0.7225755 0.3364135 0.7298581 0.3315744 0.6980924 0.3489501 0.7065424 0.3454557 0.7127742 0.6141935 0.7013596 0.6034034 0.6966509 0.6177472 0.6821562 0.6269345 0.7210444 0.6211562 0.7123711 0.6379868 0.7026201 0.1122272 0.7208417 0.1153261 0.7251815 0.07857632 0.7483002 0.8342433 0.7270333 0.8679224 0.7615562 0.8636131 0.7645822 0.8516707 0.7143566 0.8826087 0.7504153 0.8769077 0.7535209 0.1079757 0.7152748 0.1122272 0.7208417 0.07551646 0.7445198 0.1184191 0.7295119 0.123619 0.7352326 0.08770483 0.7579038 0.1153261 0.7251815 0.1184191 0.7295119 0.08157157 0.7521268 0.8279519 0.7335203 0.8636131 0.7645822 0.8549491 0.7712481 0.1003938 0.7101803 0.1079757 0.7152748 0.06951957 0.7382455 0.8426586 0.7181114 0.8769077 0.7535209 0.8679224 0.7615562 0.3575426 0.7196024 0.3950471 0.743161 0.3920358 0.7469692 0.5775159 0.7576985 0.5733991 0.7544886 0.6093261 0.721281 0.564828 0.7459825 0.559337 0.7425767 0.5925809 0.7077172 0.3617314 0.7139865 0.4010069 0.7368106 0.3950471 0.743161 0.3514496 0.7283442 0.3890987 0.750832 0.3830457 0.7567068 0.3544929 0.7239779 0.3920358 0.7469692 0.3890987 0.750832 0.5858758 0.764813 0.5775159 0.7576985 0.615274 0.7280822 0.3692532 0.7088022 0.4039135 0.7331241 0.4010069 0.7368106 0.5733991 0.7544886 0.564828 0.7459825 0.6013837 0.7119377</float_array>
          <technique_common>
            <accessor source="#player-mesh-map-array" count="4074" stride="2">
              <param name="S" type="float"/>
              <param name="T" type="float"/>
            </accessor>
          </technique_common>
        </source>
        <vertices id="player-mesh-vertices">
          <input semantic="POSITION" source="#player-mesh-positions"/>
        </vertices>
        <lines count="4">
          <input semantic="VERTEX" source="#player-mesh-vertices" offset="0"/>
          <p>186 191 188 192 461 466 463 467</p>
        </lines>
        <triangles material="Material_001-material" count="1358">
          <input semantic="VERTEX" source="#player-mesh-vertices" offset="0"/>
          <input semantic="NORMAL" source="#player-mesh-normals" offset="1"/>
          <input semantic="TEXCOORD" source="#player-mesh-map" offset="2" set="0"/>
          <p>56 0 0 3 1 1 8 2 2 50 3 3 1 4 4 17 5 5 11 6 6 21 7 7 35 8 8 26 9 9 1 4 10 16 10 11 29 11 12 115 12 13 131 13 14 3 1 15 24 14 16 14 15 17 14 15 18 25 16 19 15 17 20 79 18 21 16 10 22 78 19 23 129 20 24 27 21 25 133 22 26 27 21 27 132 23 28 133 22 29 80 24 30 131 13 31 140 25 32 35 8 33 87 26 34 96 27 35 4 28 36 94 29 37 89 30 38 94 29 39 34 31 40 95 32 41 139 33 42 58 34 43 123 35 44 2 36 45 33 37 46 4 28 47 13 38 48 34 31 49 33 37 50 77 39 51 35 8 52 82 40 53 0 41 54 36 42 55 21 7 56 124 43 57 37 44 58 20 45 59 19 46 60 38 47 61 36 42 62 119 48 63 39 49 64 37 44 65 17 5 66 38 47 67 18 50 68 121 51 69 39 49 70 120 52 71 1 4 72 40 53 73 17 5 74 115 12 75 41 54 76 121 51 77 44 55 78 0 41 79 11 6 80 47 56 81 19 46 82 44 55 83 50 3 84 18 50 85 47 56 86 2 36 87 42 57 88 13 38 89 42 57 90 12 58 91 13 38 92 83 59 93 11 6 94 77 39 95 9 60 96 42 57 97 10 61 98 45 62 99 43 63 100 42 57 101 84 64 102 44 55 103 83 59 104 8 2 105 45 62 106 9 60 107 45 62 108 49 65 109 46 66 110 84 64 111 50 3 112 47 56 113 3 1 114 48 67 115 8 2 116 14 15 117 49 65 118 48 67 119 85 68 120 16 10 121 50 3 122 52 69 123 2 36 124 4 28 125 54 70 126 10 61 127 52 69 128 54 70 129 8 2 130 9 60 131 100 71 132 4 28 133 89 30 134 100 71 135 54 70 136 52 69 137 102 72 138 54 70 139 101 73 140 102 72 141 7 74 142 56 0 143 92 75 144 79 18 145 25 16 146 75 76 147 103 77 148 111 78 149 90 79 150 60 80 151 86 81 152 68 82 153 204 83 154 206 84 155 69 85 156 105 86 157 110 87 158 138 88 159 62 89 160 126 90 161 220 91 162 65 92 163 137 93 164 137 93 165 66 94 166 138 88 167 200 95 168 70 96 169 109 97 170 109 97 171 69 85 172 110 87 173 667 98 174 222 99 175 672 100 176 82 40 177 74 101 178 90 79 179 95 32 180 75 76 181 111 78 182 32 102 183 139 33 184 118 103 185 34 31 186 90 79 187 75 76 188 176 104 189 110 87 190 177 105 191 167 106 192 111 78 193 178 107 194 75 76 195 86 81 196 59 108 197 96 27 198 74 101 199 35 8 200 49 65 201 78 19 202 85 68 203 46 66 204 85 68 205 84 64 206 46 66 207 83 59 208 43 63 209 43 63 210 77 39 211 12 58 212 12 58 213 82 40 214 34 31 215 132 23 216 80 24 217 140 25 218 25 16 219 78 19 220 15 17 221 205 109 222 68 82 223 206 84 224 202 110 225 109 97 226 176 104 227 67 111 228 108 112 229 68 82 230 219 113 231 67 111 232 218 114 233 68 82 234 106 115 235 64 116 236 110 87 237 174 117 238 177 105 239 111 78 240 172 118 241 178 107 242 159 119 243 88 120 244 102 72 245 159 119 246 101 73 247 158 121 248 157 122 249 101 73 250 100 71 251 157 122 252 89 30 253 164 123 254 22 124 255 99 125 256 40 53 257 40 53 258 98 126 259 38 47 260 36 42 261 98 126 262 97 127 263 21 7 264 97 127 265 87 26 266 74 101 267 104 128 268 60 80 269 166 129 270 95 32 271 167 106 272 89 30 273 166 129 274 164 123 275 168 130 276 87 26 277 152 131 278 113 132 279 26 9 280 79 18 281 24 14 282 92 75 283 25 16 284 7 74 285 91 133 286 24 14 287 93 134 288 22 124 289 26 9 290 32 102 291 124 43 292 20 45 293 5 135 294 116 136 295 30 137 296 30 137 297 117 138 298 31 139 299 5 135 300 134 140 301 114 141 302 53 142 303 134 140 304 51 143 305 53 142 306 136 144 307 135 145 308 55 146 309 129 20 310 136 144 311 130 147 312 57 148 313 76 149 314 71 150 315 125 151 316 61 152 317 199 153 318 127 154 319 72 155 320 132 23 321 163 156 322 155 157 323 31 139 324 130 147 325 76 149 326 72 155 327 128 158 328 71 150 329 118 103 330 162 159 331 168 130 332 160 160 333 138 88 334 161 161 335 220 91 336 160 160 337 221 162 338 138 88 339 175 163 340 161 161 341 165 164 342 121 51 343 171 165 344 171 165 345 120 52 346 170 166 347 169 167 348 120 52 349 119 48 350 152 131 351 119 48 352 124 43 353 162 159 354 123 35 355 173 168 356 140 25 357 154 169 358 163 156 359 156 170 360 132 23 361 155 157 362 153 171 363 133 22 364 156 170 365 131 13 366 165 164 367 154 169 368 145 172 369 62 89 370 146 173 371 143 174 372 142 175 373 144 176 374 125 151 375 144 176 376 61 152 377 234 177 378 146 173 379 235 178 380 142 175 381 147 179 382 148 180 383 141 181 384 181 182 385 179 183 386 151 184 387 64 116 388 106 115 389 207 185 390 63 186 391 204 83 392 180 187 393 106 115 394 175 163 395 181 182 396 125 151 397 174 117 398 180 187 399 126 90 400 145 172 401 105 86 402 181 182 403 174 117 404 154 169 405 81 188 406 93 134 407 88 120 408 156 170 409 91 133 410 91 133 411 155 157 412 92 75 413 163 156 414 93 134 415 113 132 416 112 189 417 173 168 418 104 128 419 87 26 420 169 167 421 152 131 422 97 127 423 170 166 424 169 167 425 99 125 426 170 166 427 98 126 428 81 188 429 171 165 430 99 125 431 108 112 432 175 163 433 106 115 434 221 162 435 107 190 436 219 113 437 107 190 438 161 161 439 108 112 440 168 130 441 112 189 442 96 27 443 155 157 444 113 132 445 92 75 446 118 103 447 152 131 448 124 43 449 164 123 450 116 136 451 114 141 452 116 136 453 167 106 454 117 138 455 114 141 456 157 122 457 164 123 458 135 145 459 157 122 460 134 140 461 135 145 462 159 119 463 158 121 464 136 144 465 153 171 466 159 119 467 178 107 468 122 191 469 130 147 470 177 105 471 125 151 472 128 158 473 201 192 474 176 104 475 127 154 476 117 138 477 178 107 478 130 147 479 127 154 480 177 105 481 128 158 482 585 193 483 141 181 484 179 183 485 179 183 486 583 194 487 585 193 488 580 195 489 234 177 490 578 196 491 287 197 492 183 198 493 189 199 494 151 184 495 586 200 496 584 201 497 149 202 498 584 201 499 582 203 500 283 204 501 208 205 502 288 206 503 282 207 504 182 208 505 184 209 506 63 186 507 179 183 508 105 86 509 222 99 510 214 210 511 223 211 512 671 212 513 195 213 514 209 214 515 673 215 516 193 216 517 674 217 518 675 218 519 196 219 520 620 220 521 669 221 522 193 216 523 196 219 524 668 222 525 203 223 526 195 213 527 622 224 528 202 110 529 201 192 530 619 225 531 201 192 532 199 153 533 623 226 534 200 95 535 202 110 536 621 227 537 198 228 538 200 95 539 671 212 540 197 229 541 667 98 542 288 206 543 186 230 544 284 231 545 149 202 546 204 83 547 64 116 548 205 109 549 69 85 550 70 96 551 206 84 552 63 186 553 69 85 554 216 232 555 224 233 556 227 234 557 194 235 558 210 236 559 193 216 560 196 219 561 210 236 562 213 237 563 196 219 564 624 238 565 620 220 566 197 229 567 215 239 568 214 210 569 195 213 570 212 240 571 216 232 572 195 213 573 215 239 574 209 214 575 625 241 576 228 242 577 628 243 578 222 99 579 211 244 580 194 235 581 173 168 582 219 113 583 104 128 584 123 35 585 221 162 586 173 168 587 104 128 588 218 114 589 60 80 590 672 100 591 194 235 592 673 215 593 123 35 594 217 245 595 220 91 596 225 246 597 627 247 598 626 248 599 213 237 600 226 249 601 225 246 602 625 241 603 227 234 604 627 247 605 213 237 606 626 248 607 624 238 608 233 250 609 628 243 610 230 251 611 223 211 612 229 252 613 211 244 614 214 210 615 232 253 616 231 254 617 216 232 618 232 253 619 215 239 620 223 211 621 231 254 622 230 251 623 211 244 624 228 242 625 210 236 626 578 196 627 147 179 628 581 255 629 147 179 630 235 178 631 148 180 632 182 208 633 237 256 634 184 209 635 244 257 636 243 258 637 190 259 638 183 198 639 190 259 640 243 258 641 192 260 642 240 261 643 182 208 644 187 262 645 244 257 646 239 263 647 185 264 648 239 263 649 238 265 650 192 260 651 242 266 652 241 267 653 184 209 654 190 259 655 236 268 656 208 205 657 238 265 658 245 269 659 183 198 660 244 257 661 189 199 662 191 270 663 245 269 664 242 266 665 654 271 666 247 272 667 655 273 668 653 274 669 246 275 670 649 276 671 650 277 672 251 278 673 248 279 674 651 280 675 249 281 676 250 282 677 657 283 678 250 282 679 629 284 680 656 285 681 247 272 682 249 281 683 653 274 684 248 279 685 252 286 686 654 271 687 246 275 688 253 287 689 289 288 690 256 289 691 282 207 692 592 290 693 262 291 694 258 292 695 590 293 696 254 294 697 256 289 698 591 295 699 262 291 700 596 296 701 257 297 702 285 298 703 283 204 704 259 299 705 287 197 706 285 298 707 595 300 708 255 301 709 261 302 710 281 303 711 263 304 712 289 288 713 286 305 714 258 292 715 284 231 716 286 305 717 254 294 718 260 306 719 218 114 720 266 307 721 271 308 722 205 109 723 267 309 724 270 310 725 86 81 726 264 311 727 265 312 728 618 313 729 268 314 730 630 315 731 59 108 732 265 312 733 268 314 734 198 228 735 267 309 736 70 96 737 205 109 738 266 307 739 67 111 740 218 114 741 264 311 742 60 80 743 271 308 744 272 316 745 277 317 746 270 310 747 273 318 748 276 319 749 265 312 750 278 320 751 279 321 752 630 315 753 274 322 754 631 323 755 268 314 756 279 321 757 274 322 758 269 324 759 273 318 760 267 309 761 270 310 762 272 316 763 266 307 764 271 308 765 278 320 766 264 311 767 188 325 768 280 326 769 286 305 770 188 325 771 284 231 772 186 230 773 183 198 774 289 288 775 236 268 776 285 298 777 189 199 778 187 262 779 283 204 780 187 262 781 185 264 782 236 268 783 282 207 784 184 209 785 258 292 786 288 206 787 284 231 788 256 289 789 280 326 790 282 207 791 262 291 792 283 204 793 288 206 794 261 302 795 281 303 796 287 197 797 277 317 798 290 327 799 295 328 800 276 319 801 291 329 802 294 330 803 279 321 804 296 331 805 297 332 806 631 323 807 292 333 808 632 334 809 274 322 810 297 332 811 292 333 812 275 335 813 291 329 814 273 318 815 276 319 816 290 327 817 272 316 818 277 317 819 296 331 820 278 320 821 253 287 822 304 336 823 247 272 824 252 286 825 298 337 826 246 275 827 248 279 828 301 338 829 299 339 830 250 282 831 305 340 832 300 341 833 629 284 834 300 341 835 633 342 836 247 272 837 305 340 838 249 281 839 252 286 840 299 339 841 302 343 842 246 275 843 303 344 844 253 287 845 346 345 846 309 346 847 311 347 848 343 348 849 307 349 850 320 350 851 324 351 852 315 352 853 331 353 854 307 349 855 328 354 856 320 350 857 394 355 858 29 11 859 410 356 860 309 346 861 326 357 862 311 347 863 318 358 864 327 359 865 326 357 866 320 350 867 359 360 868 358 361 869 408 362 870 27 21 871 6 363 872 411 364 873 27 21 874 412 365 875 410 356 876 80 24 877 419 366 878 366 367 879 331 353 880 375 368 881 373 369 882 310 370 883 368 371 884 373 369 885 330 372 886 329 373 887 418 374 888 58 34 889 73 375 890 329 373 891 308 376 892 310 370 893 330 372 894 317 377 895 329 373 896 331 353 897 357 378 898 361 379 899 306 380 900 332 381 901 323 382 902 403 383 903 37 44 904 398 384 905 323 382 906 333 385 907 322 386 908 398 384 909 39 49 910 399 387 911 333 385 912 321 388 913 322 386 914 39 49 915 400 389 916 399 387 917 334 390 918 307 349 919 321 388 920 41 54 921 394 355 922 400 389 923 306 380 924 337 391 925 315 352 926 323 382 927 340 392 928 337 391 929 322 386 930 343 348 931 340 392 932 308 376 933 335 393 934 314 394 935 316 395 936 335 393 937 317 377 938 315 352 939 362 396 940 357 378 941 335 393 942 313 397 943 314 394 944 336 398 945 338 399 946 335 393 947 337 391 948 363 400 949 362 396 950 338 399 951 312 401 952 313 397 953 338 399 954 342 402 955 341 403 956 363 400 957 343 348 958 364 404 959 341 403 960 309 346 961 312 401 962 342 402 963 318 358 964 341 403 965 364 404 966 320 350 967 358 361 968 308 376 969 344 405 970 310 370 971 314 394 972 345 406 973 344 405 974 345 406 975 312 401 976 346 345 977 310 370 978 379 407 979 368 371 980 379 407 981 345 406 982 380 408 983 345 406 984 381 409 985 380 408 986 381 409 987 311 347 988 367 410 989 359 360 990 371 411 991 327 359 992 382 412 993 356 413 994 390 414 995 369 415 996 348 416 997 355 417 998 478 418 999 352 419 1000 480 420 1001 384 421 1002 353 422 1003 389 423 1004 417 424 1005 62 89 1006 66 94 1007 493 425 1008 65 92 1009 217 245 1010 416 426 1011 66 94 1012 65 92 1013 474 427 1014 354 428 1015 473 429 1016 388 430 1017 353 422 1018 354 428 1019 495 431 1020 676 432 1021 681 433 1022 361 379 1023 355 417 1024 331 353 1025 374 434 1026 356 413 1027 330 372 1028 418 374 1029 32 102 1030 397 435 1031 330 372 1032 369 415 1033 361 379 1034 451 436 1035 389 423 1036 388 430 1037 442 437 1038 390 414 1039 374 434 1040 356 413 1041 365 438 1042 369 415 1043 355 417 1044 375 368 1045 331 353 1046 342 402 1047 358 361 1048 319 439 1049 339 440 1050 364 404 1051 342 402 1052 362 396 1053 339 440 1054 336 398 1055 357 378 1056 336 398 1057 316 395 1058 361 379 1059 316 395 1060 330 372 1061 411 364 1062 80 24 1063 28 441 1064 358 361 1065 327 359 1066 319 439 1067 479 442 1068 352 419 1069 351 443 1070 476 444 1071 388 430 1072 474 427 1073 351 443 1074 387 445 1075 386 446 1076 351 443 1077 492 447 1078 491 448 1079 352 419 1080 385 449 1081 387 445 1082 449 450 1083 389 423 1084 452 451 1085 447 452 1086 390 414 1087 453 453 1088 434 454 1089 367 410 1090 428 455 1091 380 408 1092 434 454 1093 433 456 1094 432 457 1095 380 408 1096 433 456 1097 368 371 1098 432 457 1099 439 458 1100 378 459 1101 325 460 1102 334 390 1103 377 461 1104 334 390 1105 333 385 1106 332 381 1107 377 461 1108 333 385 1109 324 351 1110 376 462 1111 332 381 1112 355 417 1113 383 463 1114 391 464 1115 441 465 1116 374 434 1117 373 369 1118 441 465 1119 368 371 1120 439 458 1121 443 466 1122 366 367 1123 375 368 1124 328 354 1125 392 467 1126 359 360 1127 326 357 1128 371 411 1129 370 468 1130 311 347 1131 370 468 1132 367 410 1133 325 460 1134 372 469 1135 328 354 1136 32 102 1137 403 383 1138 397 435 1139 5 135 1140 395 470 1141 393 471 1142 30 137 1143 396 472 1144 395 470 1145 5 135 1146 413 473 1147 51 143 1148 413 473 1149 53 142 1150 51 143 1151 53 142 1152 415 474 1153 55 146 1154 55 146 1155 408 362 1156 6 363 1157 57 148 1158 409 475 1159 76 149 1160 71 150 1161 404 476 1162 407 477 1163 199 153 1164 406 478 1165 475 479 1166 438 480 1167 411 364 1168 430 481 1169 31 139 1170 409 475 1171 396 472 1172 72 155 1173 407 477 1174 406 478 1175 437 482 1176 397 435 1177 443 466 1178 435 483 1179 417 424 1180 416 426 1181 435 483 1182 493 425 1183 494 484 1184 450 485 1185 417 424 1186 436 486 1187 400 389 1188 440 487 1189 446 488 1190 399 387 1191 446 488 1192 445 489 1193 444 490 1194 399 387 1195 445 489 1196 427 491 1197 398 384 1198 444 490 1199 437 482 1200 402 492 1201 418 374 1202 429 493 1203 419 366 1204 438 480 1205 431 494 1206 411 364 1207 412 365 1208 428 455 1209 412 365 1210 408 362 1211 440 487 1212 410 356 1213 429 493 1214 62 89 1215 422 495 1216 146 173 1217 142 175 1218 421 496 1219 144 176 1220 144 176 1221 404 476 1222 61 152 1223 146 173 1224 507 497 1225 235 178 1226 142 175 1227 423 498 1228 420 499 1229 456 500 1230 420 499 1231 454 501 1232 426 502 1233 350 503 1234 424 504 1235 481 505 1236 349 506 1237 425 507 1238 455 508 1239 385 449 1240 426 502 1241 456 500 1242 404 476 1243 421 496 1244 405 509 1245 455 508 1246 422 495 1247 456 500 1248 384 421 1249 449 450 1250 360 510 1251 429 493 1252 372 469 1253 367 410 1254 431 494 1255 428 455 1256 370 468 1257 430 481 1258 431 494 1259 372 469 1260 438 480 1261 392 467 1262 391 464 1263 448 511 1264 437 482 1265 366 367 1266 444 490 1267 376 462 1268 376 462 1269 445 489 1270 377 461 1271 445 489 1272 378 459 1273 377 461 1274 446 488 1275 360 510 1276 378 459 1277 387 445 1278 450 485 1279 436 486 1280 386 446 1281 494 484 1282 492 447 1283 386 446 1284 436 486 1285 435 483 1286 391 464 1287 443 466 1288 375 368 1289 392 467 1290 430 481 1291 371 411 1292 397 435 1293 427 491 1294 443 466 1295 395 470 1296 439 458 1297 393 471 1298 395 470 1299 442 437 1300 441 465 1301 393 471 1302 432 457 1303 413 473 1304 432 457 1305 414 512 1306 413 473 1307 414 512 1308 434 454 1309 415 474 1310 415 474 1311 428 455 1312 408 362 1313 401 513 1314 453 453 1315 409 475 1316 404 476 1317 452 451 1318 407 477 1319 475 479 1320 451 436 1321 476 444 1322 396 472 1323 453 453 1324 442 437 1325 406 478 1326 452 451 1327 451 436 1328 605 514 1329 420 499 1330 599 515 1331 603 516 1332 454 501 1333 605 514 1334 507 497 1335 600 517 1336 598 518 1337 559 519 1338 458 520 1339 553 521 1340 606 522 1341 426 502 1342 604 523 1343 604 523 1344 424 504 1345 602 524 1346 482 525 1347 555 526 1348 560 527 1349 554 528 1350 457 529 1351 552 530 1352 454 501 1353 349 506 1354 384 421 1355 495 431 1356 488 531 1357 472 532 1358 680 533 1359 470 534 1360 677 535 1361 468 536 1362 682 537 1363 683 538 1364 684 539 1365 471 540 1366 678 541 1367 678 541 1368 468 536 1369 683 538 1370 677 535 1371 477 542 1372 679 543 1373 637 544 1374 476 444 1375 638 545 1376 619 225 1377 475 479 1378 637 544 1379 638 545 1380 474 427 1381 636 546 1382 636 546 1383 473 429 1384 634 547 1385 472 532 1386 680 533 1387 676 432 1388 461 548 1389 560 527 1390 556 549 1391 424 504 1392 478 418 1393 481 505 1394 353 422 1395 479 442 1396 354 428 1397 349 506 1398 480 420 1399 353 422 1400 490 550 1401 497 551 1402 486 552 1403 484 553 1404 469 554 1405 468 536 1406 471 540 1407 484 553 1408 468 536 1409 639 555 1410 471 540 1411 635 556 1412 472 532 1413 489 557 1414 483 558 1415 470 534 1416 486 552 1417 477 542 1418 489 557 1419 470 534 1420 483 558 1421 640 559 1422 501 560 1423 484 553 1424 485 561 1425 495 431 1426 469 554 1427 492 447 1428 448 511 1429 383 463 1430 494 484 1431 402 492 1432 448 511 1433 491 448 1434 383 463 1435 348 416 1436 469 554 1437 681 433 1438 682 537 1439 402 492 1440 217 245 1441 58 34 1442 642 562 1443 498 563 1444 641 564 1445 487 565 1446 499 566 1447 484 553 1448 640 559 1449 500 567 1450 490 550 1451 641 564 1452 487 565 1453 639 555 1454 503 568 1455 502 569 1456 643 570 1457 502 569 1458 496 571 1459 485 561 1460 488 531 1461 505 572 1462 489 557 1463 505 572 1464 490 550 1465 489 557 1466 496 571 1467 504 573 1468 488 531 1469 501 560 1470 485 561 1471 484 553 1472 423 498 1473 598 518 1474 601 574 1475 235 178 1476 423 498 1477 148 180 1478 509 575 1479 457 529 1480 459 576 1481 510 577 1482 513 578 1483 509 575 1484 458 520 1485 465 579 1486 508 580 1487 512 581 1488 467 582 1489 457 529 1490 462 583 1491 516 584 1492 464 585 1493 460 586 1494 511 587 1495 462 583 1496 467 582 1497 514 588 1498 466 589 1499 465 579 1500 459 576 1501 508 580 1502 482 525 1503 510 577 1504 460 586 1505 516 584 1506 458 520 1507 464 585 1508 466 589 1509 517 590 1510 482 525 1511 519 591 1512 663 592 1513 664 593 1514 518 594 1515 662 595 1516 658 596 1517 659 597 1518 523 598 1519 661 599 1520 660 600 1521 521 601 1522 665 602 1523 666 603 1524 522 604 1525 660 600 1526 665 602 1527 519 591 1528 664 593 1529 662 595 1530 520 605 1531 659 597 1532 663 592 1533 518 594 1534 658 596 1535 528 606 1536 561 607 1537 554 528 1538 612 608 1539 534 609 1540 616 610 1541 610 611 1542 526 612 1543 608 613 1544 534 609 1545 611 614 1546 616 610 1547 557 615 1548 529 616 1549 555 526 1550 559 519 1551 531 617 1552 557 615 1553 615 618 1554 527 619 1555 609 620 1556 535 621 1557 553 521 1558 561 607 1559 558 622 1560 530 623 1561 532 624 1562 558 622 1563 526 612 1564 552 530 1565 491 448 1566 538 625 1567 351 443 1568 479 442 1569 539 626 1570 354 428 1571 365 438 1572 536 627 1573 348 416 1574 634 547 1575 540 628 1576 347 629 1577 347 629 1578 537 630 1579 365 438 1580 539 626 1581 473 429 1582 354 428 1583 538 625 1584 479 442 1585 351 443 1586 536 627 1587 491 448 1588 348 416 1589 543 631 1590 544 632 1591 538 625 1592 542 633 1593 545 634 1594 539 626 1595 537 630 1596 550 635 1597 536 627 1598 645 636 1599 546 637 1600 540 628 1601 540 628 1602 551 638 1603 537 630 1604 545 634 1605 541 639 1606 539 626 1607 544 632 1608 542 633 1609 538 625 1610 550 635 1611 543 631 1612 536 627 1613 463 640 1614 552 530 1615 457 529 1616 463 640 1617 556 549 1618 558 622 1619 561 607 1620 458 520 1621 508 580 1622 464 585 1623 557 615 1624 462 583 1625 462 583 1626 555 526 1627 460 586 1628 554 528 1629 508 580 1630 459 576 1631 530 623 1632 560 527 1633 534 609 1634 528 606 1635 552 530 1636 526 612 1637 534 609 1638 555 526 1639 529 616 1640 533 641 1641 553 521 1642 527 619 1643 549 642 1644 562 643 1645 544 632 1646 548 644 1647 563 645 1648 545 634 1649 551 638 1650 568 646 1651 550 635 1652 646 647 1653 564 648 1654 546 637 1655 546 637 1656 569 649 1657 551 638 1658 563 645 1659 547 650 1660 545 634 1661 562 643 1662 548 644 1663 544 632 1664 568 646 1665 549 642 1666 550 635 1667 576 651 1668 525 652 1669 519 591 1670 570 653 1671 524 654 1672 518 594 1673 520 605 1674 573 655 1675 523 598 1676 522 604 1677 577 656 1678 521 601 1679 644 657 1680 572 658 1681 522 604 1682 577 656 1683 519 591 1684 521 601 1685 524 654 1686 571 659 1687 520 605 1688 575 660 1689 518 594 1690 525 652 1691 180 187 1692 580 195 1693 586 200 1694 149 202 1695 587 661 1696 207 185 1697 147 179 1698 579 662 1699 581 255 1700 150 663 1701 587 661 1702 583 194 1703 597 664 1704 581 255 1705 590 293 1706 582 203 1707 593 665 1708 591 295 1709 584 201 1710 595 300 1711 593 665 1712 589 666 1713 578 196 1714 597 664 1715 585 193 1716 592 290 1717 594 667 1718 594 667 1719 579 662 1720 585 193 1721 260 306 1722 588 668 1723 594 667 1724 594 667 1725 258 292 1726 260 306 1727 255 301 1728 597 664 1729 263 304 1730 593 665 1731 261 302 1732 259 299 1733 591 295 1734 259 299 1735 257 297 1736 263 304 1737 590 293 1738 256 289 1739 586 200 1740 589 666 1741 595 300 1742 582 203 1743 596 296 1744 587 661 1745 581 255 1746 588 668 1747 590 293 1748 583 194 1749 596 296 1750 592 290 1751 455 508 1752 600 517 1753 422 495 1754 607 669 1755 424 504 1756 481 505 1757 423 498 1758 599 515 1759 420 499 1760 425 507 1761 607 669 1762 481 505 1763 601 574 1764 617 670 1765 610 611 1766 613 671 1767 602 524 1768 611 614 1769 615 618 1770 604 523 1771 613 671 1772 598 518 1773 609 620 1774 617 670 1775 612 608 1776 605 514 1777 614 672 1778 614 672 1779 599 515 1780 608 613 1781 532 624 1782 608 613 1783 526 612 1784 530 623 1785 614 672 1786 532 624 1787 617 670 1788 527 619 1789 535 621 1790 533 641 1791 613 671 1792 531 617 1793 531 617 1794 611 614 1795 529 616 1796 610 611 1797 535 621 1798 528 606 1799 606 522 1800 609 620 1801 600 517 1802 616 610 1803 602 524 1804 607 669 1805 601 574 1806 608 613 1807 599 515 1808 603 516 1809 616 610 1810 607 669 1811 523 598 1812 648 673 1813 644 657 1814 547 650 1815 647 674 1816 646 647 1817 541 639 1818 646 647 1819 645 636 1820 473 429 1821 645 636 1822 634 547 1823 661 599 1824 644 657 1825 666 603 1826 497 551 1827 639 555 1828 486 552 1829 499 566 1830 640 559 1831 484 553 1832 500 567 1833 641 564 1834 497 551 1835 506 675 1836 640 559 1837 490 550 1838 486 552 1839 635 556 1840 477 542 1841 382 412 1842 634 547 1843 347 629 1844 447 452 1845 636 546 1846 382 412 1847 57 148 1848 637 544 1849 401 513 1850 401 513 1851 638 545 1852 447 452 1853 679 543 1854 635 556 1855 684 539 1856 251 278 1857 633 342 1858 301 338 1859 275 335 1860 632 334 1861 293 676 1862 269 324 1863 631 323 1864 275 335 1865 198 228 1866 630 315 1867 269 324 1868 652 677 1869 629 284 1870 251 278 1871 624 238 1872 224 233 1873 212 240 1874 625 241 1875 226 249 1876 210 236 1877 626 248 1878 227 234 1879 224 233 1880 625 241 1881 233 250 1882 216 232 1883 620 220 1884 212 240 1885 203 223 1886 103 77 1887 618 313 1888 621 227 1889 172 118 1890 621 227 1891 623 226 1892 57 148 1893 622 224 1894 619 225 1895 122 191 1896 623 226 1897 622 224 1898 670 678 1899 620 220 1900 203 223 1901 293 676 1902 657 283 1903 652 677 1904 295 328 1905 649 276 1906 654 271 1907 294 330 1908 650 277 1909 653 274 1910 297 332 1911 655 273 1912 656 285 1913 632 334 1914 651 280 1915 657 283 1916 292 333 1917 656 285 1918 651 280 1919 291 329 1920 652 677 1921 650 277 1922 294 330 1923 649 276 1924 290 327 1925 295 328 1926 655 273 1927 296 331 1928 565 679 1929 666 603 1930 647 674 1931 567 680 1932 658 596 1933 562 643 1934 566 681 1935 659 597 1936 563 645 1937 569 649 1938 664 593 1939 568 646 1940 647 674 1941 660 600 1942 564 648 1943 564 648 1944 665 602 1945 569 649 1946 563 645 1947 661 599 1948 565 679 1949 658 596 1950 566 681 1951 562 643 1952 664 593 1953 567 680 1954 568 646 1955 301 338 1956 675 218 1957 670 678 1958 303 344 1959 673 215 1960 304 336 1961 302 343 1962 667 98 1963 298 337 1964 299 339 1965 670 678 1966 668 222 1967 300 341 1968 674 217 1969 669 221 1970 633 342 1971 669 221 1972 675 218 1973 304 336 1974 674 217 1975 305 340 1976 302 343 1977 668 222 1978 671 212 1979 298 337 1980 672 100 1981 303 344 1982 573 655 1983 684 539 1984 648 673 1985 682 537 1986 575 660 1987 576 651 1988 676 432 1989 574 682 1990 570 653 1991 571 659 1992 679 543 1993 573 655 1994 572 658 1995 683 538 1996 577 656 1997 648 673 1998 678 541 1999 572 658 2000 683 538 2001 576 651 2002 577 656 2003 574 682 2004 677 535 2005 571 659 2006 681 433 2007 570 653 2008 575 660 2009 56 0 2010 7 74 2011 3 1 2012 50 3 2013 16 10 2014 1 4 2015 11 6 2016 0 41 2017 21 7 2018 26 9 2019 22 124 2020 1 4 2021 29 11 2022 23 683 2023 115 12 2024 3 1 2025 7 74 2026 24 14 2027 14 15 2028 24 14 2029 25 16 2030 79 18 2031 26 9 2032 16 10 2033 129 20 2034 6 363 2035 27 21 2036 27 21 2037 28 441 2038 132 23 2039 80 24 2040 29 11 2041 131 13 2042 35 8 2043 21 7 2044 87 26 2045 4 28 2046 33 37 2047 94 29 2048 94 29 2049 33 37 2050 34 31 2051 139 33 2052 73 375 2053 58 34 2054 2 36 2055 13 38 2056 33 37 2057 13 38 2058 12 58 2059 34 31 2060 77 39 2061 11 6 2062 35 8 2063 0 41 2064 19 46 2065 36 42 2066 124 43 2067 119 48 2068 37 44 2069 19 46 2070 18 50 2071 38 47 2072 119 48 2073 120 52 2074 39 49 2075 17 5 2076 40 53 2077 38 47 2078 121 51 2079 41 54 2080 39 49 2081 1 4 2082 22 124 2083 40 53 2084 115 12 2085 23 683 2086 41 54 2087 44 55 2088 19 46 2089 0 41 2090 47 56 2091 18 50 2092 19 46 2093 50 3 2094 17 5 2095 18 50 2096 2 36 2097 10 61 2098 42 57 2099 42 57 2100 43 63 2101 12 58 2102 83 59 2103 44 55 2104 11 6 2105 9 60 2106 45 62 2107 42 57 2108 45 62 2109 46 66 2110 43 63 2111 84 64 2112 47 56 2113 44 55 2114 8 2 2115 48 67 2116 45 62 2117 45 62 2118 48 67 2119 49 65 2120 84 64 2121 85 68 2122 50 3 2123 3 1 2124 14 15 2125 48 67 2126 14 15 2127 15 17 2128 49 65 2129 85 68 2130 78 19 2131 16 10 2132 52 69 2133 10 61 2134 2 36 2135 54 70 2136 9 60 2137 10 61 2138 54 70 2139 56 0 2140 8 2 2141 100 71 2142 52 69 2143 4 28 2144 100 71 2145 101 73 2146 54 70 2147 102 72 2148 56 0 2149 54 70 2150 102 72 2151 88 120 2152 7 74 2153 92 75 2154 113 132 2155 79 18 2156 75 76 2157 59 108 2158 103 77 2159 90 79 2160 74 101 2161 60 80 2162 68 82 2163 64 116 2164 204 83 2165 69 85 2166 63 186 2167 105 86 2168 138 88 2169 66 94 2170 62 89 2171 220 91 2172 217 245 2173 65 92 2174 137 93 2175 65 92 2176 66 94 2177 200 95 2178 198 228 2179 70 96 2180 109 97 2181 70 96 2182 69 85 2183 667 98 2184 197 229 2185 222 99 2186 82 40 2187 35 8 2188 74 101 2189 95 32 2190 34 31 2191 75 76 2192 32 102 2193 73 375 2194 139 33 2195 34 31 2196 82 40 2197 90 79 2198 176 104 2199 109 97 2200 110 87 2201 167 106 2202 95 32 2203 111 78 2204 75 76 2205 90 79 2206 86 81 2207 96 27 2208 112 189 2209 74 101 2210 49 65 2211 15 17 2212 78 19 2213 46 66 2214 49 65 2215 85 68 2216 46 66 2217 84 64 2218 83 59 2219 43 63 2220 83 59 2221 77 39 2222 12 58 2223 77 39 2224 82 40 2225 132 23 2226 28 441 2227 80 24 2228 25 16 2229 79 18 2230 78 19 2231 205 109 2232 67 111 2233 68 82 2234 202 110 2235 200 95 2236 109 97 2237 67 111 2238 107 190 2239 108 112 2240 219 113 2241 107 190 2242 67 111 2243 68 82 2244 108 112 2245 106 115 2246 110 87 2247 105 86 2248 174 117 2249 111 78 2250 103 77 2251 172 118 2252 159 119 2253 153 171 2254 88 120 2255 159 119 2256 102 72 2257 101 73 2258 157 122 2259 158 121 2260 101 73 2261 157 122 2262 100 71 2263 89 30 2264 22 124 2265 81 188 2266 99 125 2267 40 53 2268 99 125 2269 98 126 2270 36 42 2271 38 47 2272 98 126 2273 21 7 2274 36 42 2275 97 127 2276 74 101 2277 112 189 2278 104 128 2279 166 129 2280 94 29 2281 95 32 2282 89 30 2283 94 29 2284 166 129 2285 168 130 2286 96 27 2287 87 26 2288 113 132 2289 93 134 2290 26 9 2291 24 14 2292 91 133 2293 92 75 2294 7 74 2295 88 120 2296 91 133 2297 93 134 2298 81 188 2299 22 124 2300 32 102 2301 118 103 2302 124 43 2303 5 135 2304 114 141 2305 116 136 2306 30 137 2307 116 136 2308 117 138 2309 5 135 2310 51 143 2311 134 140 2312 53 142 2313 135 145 2314 134 140 2315 53 142 2316 55 146 2317 136 144 2318 55 146 2319 6 363 2320 129 20 2321 130 147 2322 122 191 2323 57 148 2324 71 150 2325 128 158 2326 125 151 2327 199 153 2328 201 192 2329 127 154 2330 132 23 2331 140 25 2332 163 156 2333 31 139 2334 117 138 2335 130 147 2336 72 155 2337 127 154 2338 128 158 2339 118 103 2340 139 33 2341 162 159 2342 160 160 2343 137 93 2344 138 88 2345 220 91 2346 137 93 2347 160 160 2348 138 88 2349 126 90 2350 175 163 2351 165 164 2352 115 12 2353 121 51 2354 171 165 2355 121 51 2356 120 52 2357 169 167 2358 170 166 2359 120 52 2360 152 131 2361 169 167 2362 119 48 2363 162 159 2364 139 33 2365 123 35 2366 140 25 2367 131 13 2368 154 169 2369 156 170 2370 133 22 2371 132 23 2372 153 171 2373 129 20 2374 133 22 2375 131 13 2376 115 12 2377 165 164 2378 145 172 2379 126 90 2380 62 89 2381 143 174 2382 141 181 2383 142 175 2384 125 151 2385 143 174 2386 144 176 2387 234 177 2388 145 172 2389 146 173 2390 142 175 2391 141 181 2392 147 179 2393 141 181 2394 143 174 2395 181 182 2396 151 184 2397 149 202 2398 64 116 2399 207 185 2400 150 663 2401 63 186 2402 180 187 2403 151 184 2404 106 115 2405 181 182 2406 143 174 2407 125 151 2408 180 187 2409 175 163 2410 126 90 2411 105 86 2412 179 183 2413 181 182 2414 154 169 2415 165 164 2416 81 188 2417 88 120 2418 153 171 2419 156 170 2420 91 133 2421 156 170 2422 155 157 2423 163 156 2424 154 169 2425 93 134 2426 112 189 2427 162 159 2428 173 168 2429 87 26 2430 97 127 2431 169 167 2432 97 127 2433 98 126 2434 170 166 2435 99 125 2436 171 165 2437 170 166 2438 81 188 2439 165 164 2440 171 165 2441 108 112 2442 161 161 2443 175 163 2444 221 162 2445 160 160 2446 107 190 2447 107 190 2448 160 160 2449 161 161 2450 168 130 2451 162 159 2452 112 189 2453 155 157 2454 163 156 2455 113 132 2456 118 103 2457 168 130 2458 152 131 2459 164 123 2460 166 129 2461 116 136 2462 116 136 2463 166 129 2464 167 106 2465 114 141 2466 134 140 2467 157 122 2468 135 145 2469 158 121 2470 157 122 2471 135 145 2472 136 144 2473 159 119 2474 136 144 2475 129 20 2476 153 171 2477 178 107 2478 172 118 2479 122 191 2480 177 105 2481 174 117 2482 125 151 2483 201 192 2484 202 110 2485 176 104 2486 117 138 2487 167 106 2488 178 107 2489 127 154 2490 176 104 2491 177 105 2492 585 193 2493 579 662 2494 141 181 2495 179 183 2496 150 663 2497 583 194 2498 580 195 2499 145 172 2500 234 177 2501 287 197 2502 281 303 2503 183 198 2504 151 184 2505 180 187 2506 586 200 2507 149 202 2508 151 184 2509 584 201 2510 283 204 2511 185 264 2512 208 205 2513 282 207 2514 280 326 2515 182 208 2516 63 186 2517 150 663 2518 179 183 2519 222 99 2520 197 229 2521 214 210 2522 671 212 2523 668 222 2524 195 213 2525 673 215 2526 194 235 2527 193 216 2528 675 218 2529 669 221 2530 196 219 2531 669 221 2532 674 217 2533 193 216 2534 668 222 2535 670 678 2536 203 223 2537 622 224 2538 623 226 2539 202 110 2540 619 225 2541 622 224 2542 201 192 2543 623 226 2544 621 227 2545 200 95 2546 621 227 2547 618 313 2548 198 228 2549 671 212 2550 209 214 2551 197 229 2552 288 206 2553 208 205 2554 186 230 2555 149 202 2556 207 185 2557 204 83 2558 205 109 2559 206 84 2560 69 85 2561 206 84 2562 204 83 2563 63 186 2564 216 232 2565 212 240 2566 224 233 2567 194 235 2568 211 244 2569 210 236 2570 196 219 2571 193 216 2572 210 236 2573 196 219 2574 213 237 2575 624 238 2576 197 229 2577 209 214 2578 215 239 2579 195 213 2580 203 223 2581 212 240 2582 195 213 2583 216 232 2584 215 239 2585 625 241 2586 210 236 2587 228 242 2588 222 99 2589 223 211 2590 211 244 2591 173 168 2592 221 162 2593 219 113 2594 123 35 2595 220 91 2596 221 162 2597 104 128 2598 219 113 2599 218 114 2600 672 100 2601 222 99 2602 194 235 2603 123 35 2604 58 34 2605 217 245 2606 225 246 2607 226 249 2608 627 247 2609 213 237 2610 210 236 2611 226 249 2612 625 241 2613 216 232 2614 227 234 2615 213 237 2616 225 246 2617 626 248 2618 628 243 2619 228 242 2620 229 252 2621 229 252 2622 230 251 2623 628 243 2624 230 251 2625 231 254 2626 233 250 2627 231 254 2628 232 253 2629 233 250 2630 223 211 2631 230 251 2632 229 252 2633 214 210 2634 215 239 2635 232 253 2636 216 232 2637 233 250 2638 232 253 2639 223 211 2640 214 210 2641 231 254 2642 211 244 2643 229 252 2644 228 242 2645 578 196 2646 234 177 2647 147 179 2648 147 179 2649 234 177 2650 235 178 2651 182 208 2652 240 261 2653 237 256 2654 190 259 2655 237 256 2656 239 263 2657 237 256 2658 240 261 2659 241 267 2660 237 256 2661 241 267 2662 238 265 2663 241 267 2664 242 266 2665 245 269 2666 238 265 2667 241 267 2668 245 269 2669 238 265 2670 239 263 2671 237 256 2672 239 263 2673 244 257 2674 190 259 2675 183 198 2676 236 268 2677 190 259 2678 192 260 2679 241 267 2680 240 261 2681 187 262 2682 189 199 2683 244 257 2684 185 264 2685 187 262 2686 239 263 2687 192 260 2688 191 270 2689 242 266 2690 184 209 2691 237 256 2692 190 259 2693 208 205 2694 185 264 2695 238 265 2696 183 198 2697 243 258 2698 244 257 2699 191 270 2700 208 205 2701 245 269 2702 654 271 2703 253 287 2704 247 272 2705 653 274 2706 252 286 2707 246 275 2708 650 277 2709 652 677 2710 251 278 2711 651 280 2712 656 285 2713 249 281 2714 657 283 2715 651 280 2716 250 282 2717 656 285 2718 655 273 2719 247 272 2720 653 274 2721 650 277 2722 248 279 2723 654 271 2724 649 276 2725 246 275 2726 289 288 2727 263 304 2728 256 289 2729 592 290 2730 596 296 2731 262 291 2732 590 293 2733 588 668 2734 254 294 2735 591 295 2736 257 297 2737 262 291 2738 257 297 2739 259 299 2740 285 298 2741 259 299 2742 261 302 2743 287 197 2744 595 300 2745 589 666 2746 255 301 2747 281 303 2748 255 301 2749 263 304 2750 286 305 2751 260 306 2752 258 292 2753 286 305 2754 280 326 2755 254 294 2756 218 114 2757 67 111 2758 266 307 2759 205 109 2760 70 96 2761 267 309 2762 86 81 2763 60 80 2764 264 311 2765 618 313 2766 59 108 2767 268 314 2768 59 108 2769 86 81 2770 265 312 2771 198 228 2772 269 324 2773 267 309 2774 205 109 2775 270 310 2776 266 307 2777 218 114 2778 271 308 2779 264 311 2780 271 308 2781 266 307 2782 272 316 2783 270 310 2784 267 309 2785 273 318 2786 265 312 2787 264 311 2788 278 320 2789 630 315 2790 268 314 2791 274 322 2792 268 314 2793 265 312 2794 279 321 2795 269 324 2796 275 335 2797 273 318 2798 270 310 2799 276 319 2800 272 316 2801 271 308 2802 277 317 2803 278 320 2804 188 325 2805 182 208 2806 280 326 2807 188 325 2808 286 305 2809 284 231 2810 183 198 2811 281 303 2812 289 288 2813 285 298 2814 287 197 2815 189 199 2816 283 204 2817 285 298 2818 187 262 2819 236 268 2820 289 288 2821 282 207 2822 258 292 2823 262 291 2824 288 206 2825 256 289 2826 254 294 2827 280 326 2828 262 291 2829 257 297 2830 283 204 2831 261 302 2832 255 301 2833 281 303 2834 277 317 2835 272 316 2836 290 327 2837 276 319 2838 273 318 2839 291 329 2840 279 321 2841 278 320 2842 296 331 2843 631 323 2844 274 322 2845 292 333 2846 274 322 2847 279 321 2848 297 332 2849 275 335 2850 293 676 2851 291 329 2852 276 319 2853 294 330 2854 290 327 2855 277 317 2856 295 328 2857 296 331 2858 253 287 2859 303 344 2860 304 336 2861 252 286 2862 302 343 2863 298 337 2864 248 279 2865 251 278 2866 301 338 2867 250 282 2868 249 281 2869 305 340 2870 629 284 2871 250 282 2872 300 341 2873 247 272 2874 304 336 2875 305 340 2876 252 286 2877 248 279 2878 299 339 2879 246 275 2880 298 337 2881 303 344 2882 346 345 2883 312 401 2884 309 346 2885 343 348 2886 321 388 2887 307 349 2888 324 351 2889 306 380 2890 315 352 2891 307 349 2892 325 460 2893 328 354 2894 394 355 2895 23 683 2896 29 11 2897 309 346 2898 318 358 2899 326 357 2900 318 358 2901 319 439 2902 327 359 2903 320 350 2904 328 354 2905 359 360 2906 408 362 2907 412 365 2908 27 21 2909 411 364 2910 28 441 2911 27 21 2912 410 356 2913 29 11 2914 80 24 2915 366 367 2916 324 351 2917 331 353 2918 373 369 2919 329 373 2920 310 370 2921 373 369 2922 374 434 2923 330 372 2924 418 374 2925 402 492 2926 58 34 2927 329 373 2928 317 377 2929 308 376 2930 330 372 2931 316 395 2932 317 377 2933 331 353 2934 315 352 2935 357 378 2936 306 380 2937 324 351 2938 332 381 2939 403 383 2940 20 45 2941 37 44 2942 323 382 2943 332 381 2944 333 385 2945 398 384 2946 37 44 2947 39 49 2948 333 385 2949 334 390 2950 321 388 2951 39 49 2952 41 54 2953 400 389 2954 334 390 2955 325 460 2956 307 349 2957 41 54 2958 23 683 2959 394 355 2960 306 380 2961 323 382 2962 337 391 2963 323 382 2964 322 386 2965 340 392 2966 322 386 2967 321 388 2968 343 348 2969 308 376 2970 317 377 2971 335 393 2972 316 395 2973 336 398 2974 335 393 2975 315 352 2976 337 391 2977 362 396 2978 335 393 2979 338 399 2980 313 397 2981 336 398 2982 339 440 2983 338 399 2984 337 391 2985 340 392 2986 363 400 2987 338 399 2988 341 403 2989 312 401 2990 338 399 2991 339 440 2992 342 402 2993 363 400 2994 340 392 2995 343 348 2996 341 403 2997 318 358 2998 309 346 2999 342 402 3000 319 439 3001 318 358 3002 364 404 3003 343 348 3004 320 350 3005 308 376 3006 314 394 3007 344 405 3008 314 394 3009 313 397 3010 345 406 3011 345 406 3012 313 397 3013 312 401 3014 310 370 3015 344 405 3016 379 407 3017 379 407 3018 344 405 3019 345 406 3020 345 406 3021 346 345 3022 381 409 3023 381 409 3024 346 345 3025 311 347 3026 359 360 3027 392 467 3028 371 411 3029 382 412 3030 347 629 3031 356 413 3032 369 415 3033 365 438 3034 348 416 3035 478 418 3036 350 503 3037 352 419 3038 384 421 3039 349 506 3040 353 422 3041 417 424 3042 405 509 3043 62 89 3044 493 425 3045 416 426 3046 65 92 3047 416 426 3048 417 424 3049 66 94 3050 474 427 3051 388 430 3052 354 428 3053 388 430 3054 389 423 3055 353 422 3056 495 431 3057 472 532 3058 676 432 3059 361 379 3060 369 415 3061 355 417 3062 374 434 3063 390 414 3064 356 413 3065 418 374 3066 73 375 3067 32 102 3068 330 372 3069 356 413 3070 369 415 3071 451 436 3072 452 451 3073 389 423 3074 442 437 3075 453 453 3076 390 414 3077 356 413 3078 347 629 3079 365 438 3080 355 417 3081 391 464 3082 375 368 3083 342 402 3084 364 404 3085 358 361 3086 339 440 3087 363 400 3088 364 404 3089 362 396 3090 363 400 3091 339 440 3092 357 378 3093 362 396 3094 336 398 3095 361 379 3096 357 378 3097 316 395 3098 411 364 3099 419 366 3100 80 24 3101 358 361 3102 359 360 3103 327 359 3104 479 442 3105 480 420 3106 352 419 3107 476 444 3108 451 436 3109 388 430 3110 351 443 3111 352 419 3112 387 445 3113 351 443 3114 386 446 3115 492 447 3116 352 419 3117 350 503 3118 385 449 3119 449 450 3120 384 421 3121 389 423 3122 447 452 3123 382 412 3124 390 414 3125 434 454 3126 381 409 3127 367 410 3128 380 408 3129 381 409 3130 434 454 3131 432 457 3132 379 407 3133 380 408 3134 368 371 3135 379 407 3136 432 457 3137 378 459 3138 360 510 3139 325 460 3140 377 461 3141 378 459 3142 334 390 3143 332 381 3144 376 462 3145 377 461 3146 324 351 3147 366 367 3148 376 462 3149 355 417 3150 348 416 3151 383 463 3152 441 465 3153 442 437 3154 374 434 3155 441 465 3156 373 369 3157 368 371 3158 443 466 3159 427 491 3160 366 367 3161 328 354 3162 372 469 3163 392 467 3164 326 357 3165 327 359 3166 371 411 3167 311 347 3168 326 357 3169 370 468 3170 325 460 3171 360 510 3172 372 469 3173 32 102 3174 20 45 3175 403 383 3176 5 135 3177 30 137 3178 395 470 3179 30 137 3180 31 139 3181 396 472 3182 5 135 3183 393 471 3184 413 473 3185 413 473 3186 414 512 3187 53 142 3188 53 142 3189 414 512 3190 415 474 3191 55 146 3192 415 474 3193 408 362 3194 57 148 3195 401 513 3196 409 475 3197 71 150 3198 61 152 3199 404 476 3200 199 153 3201 72 155 3202 406 478 3203 438 480 3204 419 366 3205 411 364 3206 31 139 3207 76 149 3208 409 475 3209 72 155 3210 71 150 3211 407 477 3212 437 482 3213 418 374 3214 397 435 3215 435 483 3216 436 486 3217 417 424 3218 435 483 3219 416 426 3220 493 425 3221 450 485 3222 405 509 3223 417 424 3224 400 389 3225 394 355 3226 440 487 3227 399 387 3228 400 389 3229 446 488 3230 444 490 3231 398 384 3232 399 387 3233 427 491 3234 403 383 3235 398 384 3236 437 482 3237 448 511 3238 402 492 3239 429 493 3240 410 356 3241 419 366 3242 431 494 3243 430 481 3244 411 364 3245 428 455 3246 431 494 3247 412 365 3248 440 487 3249 394 355 3250 410 356 3251 62 89 3252 405 509 3253 422 495 3254 142 175 3255 420 499 3256 421 496 3257 144 176 3258 421 496 3259 404 476 3260 146 173 3261 422 495 3262 507 497 3263 142 175 3264 148 180 3265 423 498 3266 456 500 3267 421 496 3268 420 499 3269 426 502 3270 385 449 3271 350 503 3272 481 505 3273 478 418 3274 349 506 3275 455 508 3276 450 485 3277 385 449 3278 456 500 3279 449 450 3280 404 476 3281 405 509 3282 450 485 3283 455 508 3284 456 500 3285 454 501 3286 384 421 3287 360 510 3288 440 487 3289 429 493 3290 367 410 3291 370 468 3292 431 494 3293 370 468 3294 371 411 3295 430 481 3296 372 469 3297 429 493 3298 438 480 3299 391 464 3300 383 463 3301 448 511 3302 366 367 3303 427 491 3304 444 490 3305 376 462 3306 444 490 3307 445 489 3308 445 489 3309 446 488 3310 378 459 3311 446 488 3312 440 487 3313 360 510 3314 387 445 3315 385 449 3316 450 485 3317 386 446 3318 435 483 3319 494 484 3320 386 446 3321 387 445 3322 436 486 3323 391 464 3324 437 482 3325 443 466 3326 392 467 3327 438 480 3328 430 481 3329 397 435 3330 403 383 3331 427 491 3332 395 470 3333 441 465 3334 439 458 3335 395 470 3336 396 472 3337 442 437 3338 393 471 3339 439 458 3340 432 457 3341 432 457 3342 433 456 3343 414 512 3344 414 512 3345 433 456 3346 434 454 3347 415 474 3348 434 454 3349 428 455 3350 401 513 3351 447 452 3352 453 453 3353 404 476 3354 449 450 3355 452 451 3356 475 479 3357 406 478 3358 451 436 3359 396 472 3360 409 475 3361 453 453 3362 406 478 3363 407 477 3364 452 451 3365 605 514 3366 454 501 3367 420 499 3368 603 516 3369 425 507 3370 454 501 3371 507 497 3372 422 495 3373 600 517 3374 559 519 3375 464 585 3376 458 520 3377 606 522 3378 455 508 3379 426 502 3380 604 523 3381 426 502 3382 424 504 3383 482 525 3384 460 586 3385 555 526 3386 554 528 3387 459 576 3388 457 529 3389 454 501 3390 425 507 3391 349 506 3392 495 431 3393 496 571 3394 488 531 3395 680 533 3396 483 558 3397 470 534 3398 468 536 3399 469 554 3400 682 537 3401 684 539 3402 635 556 3403 471 540 3404 678 541 3405 471 540 3406 468 536 3407 677 535 3408 470 534 3409 477 542 3410 637 544 3411 475 479 3412 476 444 3413 619 225 3414 199 153 3415 475 479 3416 638 545 3417 476 444 3418 474 427 3419 636 546 3420 474 427 3421 473 429 3422 472 532 3423 483 558 3424 680 533 3425 461 548 3426 482 525 3427 560 527 3428 424 504 3429 350 503 3430 478 418 3431 353 422 3432 480 420 3433 479 442 3434 349 506 3435 478 418 3436 480 420 3437 490 550 3438 500 567 3439 497 551 3440 484 553 3441 485 561 3442 469 554 3443 471 540 3444 487 565 3445 484 553 3446 639 555 3447 487 565 3448 471 540 3449 472 532 3450 488 531 3451 489 557 3452 470 534 3453 490 550 3454 486 552 3455 489 557 3456 490 550 3457 470 534 3458 640 559 3459 643 570 3460 501 560 3461 485 561 3462 496 571 3463 495 431 3464 492 447 3465 494 484 3466 448 511 3467 494 484 3468 493 425 3469 402 492 3470 491 448 3471 492 447 3472 383 463 3473 469 554 3474 495 431 3475 681 433 3476 402 492 3477 493 425 3478 217 245 3479 642 562 3480 499 566 3481 498 563 3482 487 565 3483 498 563 3484 499 566 3485 640 559 3486 642 562 3487 500 567 3488 641 564 3489 498 563 3490 487 565 3491 502 569 3492 501 560 3493 643 570 3494 643 570 3495 506 675 3496 503 568 3497 506 675 3498 505 572 3499 504 573 3500 503 568 3501 506 675 3502 504 573 3503 502 569 3504 503 568 3505 496 571 3506 488 531 3507 504 573 3508 505 572 3509 505 572 3510 506 675 3511 490 550 3512 496 571 3513 503 568 3514 504 573 3515 501 560 3516 502 569 3517 485 561 3518 423 498 3519 507 497 3520 598 518 3521 235 178 3522 507 497 3523 423 498 3524 509 575 3525 512 581 3526 457 529 3527 512 581 3528 509 575 3529 513 578 3530 509 575 3531 465 579 3532 511 587 3533 510 577 3534 509 575 3535 511 587 3536 465 579 3537 515 684 3538 516 584 3539 516 584 3540 511 587 3541 465 579 3542 510 577 3543 517 590 3544 513 578 3545 517 590 3546 514 588 3547 513 578 3548 458 520 3549 515 684 3550 465 579 3551 512 581 3552 513 578 3553 467 582 3554 462 583 3555 511 587 3556 516 584 3557 460 586 3558 510 577 3559 511 587 3560 467 582 3561 513 578 3562 514 588 3563 465 579 3564 509 575 3565 459 576 3566 482 525 3567 517 590 3568 510 577 3569 516 584 3570 515 684 3571 458 520 3572 466 589 3573 514 588 3574 517 590 3575 519 591 3576 525 652 3577 663 592 3578 518 594 3579 524 654 3580 662 595 3581 659 597 3582 520 605 3583 523 598 3584 660 600 3585 522 604 3586 521 601 3587 666 603 3588 644 657 3589 522 604 3590 665 602 3591 521 601 3592 519 591 3593 662 595 3594 524 654 3595 520 605 3596 663 592 3597 525 652 3598 518 594 3599 528 606 3600 535 621 3601 561 607 3602 612 608 3603 530 623 3604 534 609 3605 610 611 3606 528 606 3607 526 612 3608 534 609 3609 529 616 3610 611 614 3611 557 615 3612 531 617 3613 529 616 3614 559 519 3615 533 641 3616 531 617 3617 615 618 3618 533 641 3619 527 619 3620 535 621 3621 527 619 3622 553 521 3623 558 622 3624 556 549 3625 530 623 3626 558 622 3627 532 624 3628 526 612 3629 491 448 3630 543 631 3631 538 625 3632 479 442 3633 542 633 3634 539 626 3635 365 438 3636 537 630 3637 536 627 3638 634 547 3639 645 636 3640 540 628 3641 347 629 3642 540 628 3643 537 630 3644 539 626 3645 541 639 3646 473 429 3647 538 625 3648 542 633 3649 479 442 3650 536 627 3651 543 631 3652 491 448 3653 543 631 3654 549 642 3655 544 632 3656 542 633 3657 548 644 3658 545 634 3659 537 630 3660 551 638 3661 550 635 3662 645 636 3663 646 647 3664 546 637 3665 540 628 3666 546 637 3667 551 638 3668 545 634 3669 547 650 3670 541 639 3671 544 632 3672 548 644 3673 542 633 3674 550 635 3675 549 642 3676 543 631 3677 463 640 3678 558 622 3679 552 530 3680 463 640 3681 461 548 3682 556 549 3683 561 607 3684 553 521 3685 458 520 3686 464 585 3687 559 519 3688 557 615 3689 462 583 3690 557 615 3691 555 526 3692 554 528 3693 561 607 3694 508 580 3695 530 623 3696 556 549 3697 560 527 3698 528 606 3699 554 528 3700 552 530 3701 534 609 3702 560 527 3703 555 526 3704 533 641 3705 559 519 3706 553 521 3707 549 642 3708 567 680 3709 562 643 3710 548 644 3711 566 681 3712 563 645 3713 551 638 3714 569 649 3715 568 646 3716 646 647 3717 647 674 3718 564 648 3719 546 637 3720 564 648 3721 569 649 3722 563 645 3723 565 679 3724 547 650 3725 562 643 3726 566 681 3727 548 644 3728 568 646 3729 567 680 3730 549 642 3731 576 651 3732 575 660 3733 525 652 3734 570 653 3735 574 682 3736 524 654 3737 520 605 3738 571 659 3739 573 655 3740 522 604 3741 572 658 3742 577 656 3743 644 657 3744 648 673 3745 572 658 3746 577 656 3747 576 651 3748 519 591 3749 524 654 3750 574 682 3751 571 659 3752 575 660 3753 570 653 3754 518 594 3755 180 187 3756 145 172 3757 580 195 3758 149 202 3759 582 203 3760 587 661 3761 147 179 3762 141 181 3763 579 662 3764 150 663 3765 207 185 3766 587 661 3767 597 664 3768 578 196 3769 581 255 3770 582 203 3771 584 201 3772 593 665 3773 584 201 3774 586 200 3775 595 300 3776 589 666 3777 580 195 3778 578 196 3779 585 193 3780 583 194 3781 592 290 3782 594 667 3783 588 668 3784 579 662 3785 260 306 3786 254 294 3787 588 668 3788 594 667 3789 592 290 3790 258 292 3791 255 301 3792 589 666 3793 597 664 3794 593 665 3795 595 300 3796 261 302 3797 591 295 3798 593 665 3799 259 299 3800 263 304 3801 597 664 3802 590 293 3803 586 200 3804 580 195 3805 589 666 3806 582 203 3807 591 295 3808 596 296 3809 581 255 3810 579 662 3811 588 668 3812 583 194 3813 587 661 3814 596 296 3815 455 508 3816 606 522 3817 600 517 3818 607 669 3819 602 524 3820 424 504 3821 423 498 3822 601 574 3823 599 515 3824 425 507 3825 603 516 3826 607 669 3827 601 574 3828 598 518 3829 617 670 3830 613 671 3831 604 523 3832 602 524 3833 615 618 3834 606 522 3835 604 523 3836 598 518 3837 600 517 3838 609 620 3839 612 608 3840 603 516 3841 605 514 3842 614 672 3843 605 514 3844 599 515 3845 532 624 3846 614 672 3847 608 613 3848 530 623 3849 612 608 3850 614 672 3851 617 670 3852 609 620 3853 527 619 3854 533 641 3855 615 618 3856 613 671 3857 531 617 3858 613 671 3859 611 614 3860 610 611 3861 617 670 3862 535 621 3863 606 522 3864 615 618 3865 609 620 3866 616 610 3867 611 614 3868 602 524 3869 601 574 3870 610 611 3871 608 613 3872 603 516 3873 612 608 3874 616 610 3875 523 598 3876 573 655 3877 648 673 3878 547 650 3879 565 679 3880 647 674 3881 541 639 3882 547 650 3883 646 647 3884 473 429 3885 541 639 3886 645 636 3887 661 599 3888 523 598 3889 644 657 3890 497 551 3891 641 564 3892 639 555 3893 499 566 3894 642 562 3895 640 559 3896 500 567 3897 642 562 3898 641 564 3899 506 675 3900 643 570 3901 640 559 3902 486 552 3903 639 555 3904 635 556 3905 382 412 3906 636 546 3907 634 547 3908 447 452 3909 638 545 3910 636 546 3911 57 148 3912 619 225 3913 637 544 3914 401 513 3915 637 544 3916 638 545 3917 679 543 3918 477 542 3919 635 556 3920 251 278 3921 629 284 3922 633 342 3923 275 335 3924 631 323 3925 632 334 3926 269 324 3927 630 315 3928 631 323 3929 198 228 3930 618 313 3931 630 315 3932 652 677 3933 657 283 3934 629 284 3935 624 238 3936 626 248 3937 224 233 3938 625 241 3939 627 247 3940 226 249 3941 626 248 3942 627 247 3943 227 234 3944 625 241 3945 628 243 3946 233 250 3947 620 220 3948 624 238 3949 212 240 3950 103 77 3951 59 108 3952 618 313 3953 172 118 3954 103 77 3955 621 227 3956 57 148 3957 122 191 3958 622 224 3959 122 191 3960 172 118 3961 623 226 3962 670 678 3963 675 218 3964 620 220 3965 293 676 3966 632 334 3967 657 283 3968 295 328 3969 290 327 3970 649 276 3971 294 330 3972 291 329 3973 650 277 3974 297 332 3975 296 331 3976 655 273 3977 632 334 3978 292 333 3979 651 280 3980 292 333 3981 297 332 3982 656 285 3983 291 329 3984 293 676 3985 652 677 3986 294 330 3987 653 274 3988 649 276 3989 295 328 3990 654 271 3991 655 273 3992 565 679 3993 661 599 3994 666 603 3995 567 680 3996 663 592 3997 658 596 3998 566 681 3999 662 595 4000 659 597 4001 569 649 4002 665 602 4003 664 593 4004 647 674 4005 666 603 4006 660 600 4007 564 648 4008 660 600 4009 665 602 4010 563 645 4011 659 597 4012 661 599 4013 658 596 4014 662 595 4015 566 681 4016 664 593 4017 663 592 4018 567 680 4019 301 338 4020 633 342 4021 675 218 4022 303 344 4023 672 100 4024 673 215 4025 302 343 4026 671 212 4027 667 98 4028 299 339 4029 301 338 4030 670 678 4031 300 341 4032 305 340 4033 674 217 4034 633 342 4035 300 341 4036 669 221 4037 304 336 4038 673 215 4039 674 217 4040 302 343 4041 299 339 4042 668 222 4043 298 337 4044 667 98 4045 672 100 4046 573 655 4047 679 543 4048 684 539 4049 682 537 4050 681 433 4051 575 660 4052 676 432 4053 680 533 4054 574 682 4055 571 659 4056 677 535 4057 679 543 4058 572 658 4059 678 541 4060 683 538 4061 648 673 4062 684 539 4063 678 541 4064 683 538 4065 682 537 4066 576 651 4067 574 682 4068 680 533 4069 677 535 4070 681 433 4071 676 432 4072 570 653 4073</p>
        </triangles>
      </mesh>
    </geometry>
  </library_geometries>
  <library_controllers>
    <controller id="CustomArmature_kitty_ears-skin" name="CustomArmature">
      <skin source="#kitty_ears-mesh">
        <bind_shape_matrix>1 0 0 0 0 1 0 0 0 0 1 0 0 0 0 1</bind_shape_matrix>
        <source id="CustomArmature_kitty_ears-skin-joints">
          <Name_array id="CustomArmature_kitty_ears-skin-joints-array" count="22">mPelvis mTorso mChest mNeck mHead mSkull mCollarLeft mShoulderLeft mElbowLeft mWristLeft mCollarRight mShoulderRight mElbowRight mWristRight mHipLeft mKneeLeft mAnkleLeft mFootLeft mHipRight mKneeRight mAnkleRight mFootRight</Name_array>
          <technique_common>
            <accessor source="#CustomArmature_kitty_ears-skin-joints-array" count="22" stride="1">
              <param name="JOINT" type="name"/>
            </accessor>
          </technique_common>
        </source>
        <source id="CustomArmature_kitty_ears-skin-bind_poses">
          <float_array id="CustomArmature_kitty_ears-skin-bind_poses-array" count="352">1 0 0 -0.03800487 0 1 0 -0.3193932 0 0 1 -0.3134768 0 0 0 1 1 0 0 -0.03800487 0 1 0 -0.3193933 0 0 1 -0.3433936 0 0 0 1 1 0 0 -0.03279918 0 1 0 -0.3193932 0 0 1 -0.481342 0 0 0 1 1 0 0 -0.02961111 0 1 0 -0.3193932 0 0 1 -0.5476148 0 0 0 1 1 0 0 -0.02953654 0 1 0 -0.3193932 0 0 1 -0.5991239 0 0 0 1 1 0 0 -0.02953654 0 1 0 -0.3193932 0 0 1 -0.6238754 0 0 0 1 1 0 0 -0.01065355 0 1 0 -0.3466742 0 0 1 -0.5744172 0 0 0 1 0.9999999 0 0 -0.02339041 0 1 0 -0.3913502 0 0 0.9999999 -0.5617669 0 0 0 1 1 0 0 -0.01277071 0 1 0 -0.4938538 0 0 1 -0.532828 0 0 0 1 1 0 0 -0.01417982 0 1 0 -0.5938137 0 0 1 -0.5303905 0 0 0 1 1 0 0 -0.01065355 0 1 0 -0.2968926 0 0 1 -0.5744173 0 0 0 1 1 0 0 -0.01994502 0 1 0 -0.2438622 0 0 1 -0.563472 0 0 0 1 1 0 0 -0.01931482 0 1 0 -0.1404937 0 0 1 -0.5348669 0 0 0 1 1 0 0 -0.01417982 0 1 0 -0.04403251 0 0 0.9999999 -0.5308523 0 0 0 1 1 0 0 -0.03056979 0 0.9999962 0 -0.3997997 0 0 0.9999989 -0.2934167 0 0 0 1 0.9999998 0 0 -0.04716157 0 0.9999976 0 -0.4086139 0 0 0.9999977 -0.1329837 0 0 0 1 0.9999971 0 0 -0.0246312 0 0.9999976 0 -0.4142474 0 0 0.9999999 -0.002427458 0 0 0 1 0.9999982 0 0 -0.05885577 0 0.9999964 0 -0.4187222 0 0 0.9999998 8.69679e-4 0 0 0 1 1 0 0 -0.03027153 0 1.000003 0 -0.2457835 0 0 1.000001 -0.2912687 0 0 0 1 1 0 0 -0.04825997 0 1.000003 0 -0.2347028 0 0 1 -0.1329841 0 0 0 1 1.000003 0 0 -0.02463132 0 1.000001 0 -0.2297779 0 0 1 -0.002427458 0 0 0 1 1.000001 0 0 -0.05885589 0 1.000003 0 -0.2253029 0 0 0.9999999 8.69708e-4 0 0 0 1</float_array>
          <technique_common>
            <accessor source="#CustomArmature_kitty_ears-skin-bind_poses-array" count="22" stride="16">
              <param name="TRANSFORM" type="float4x4"/>
            </accessor>
          </technique_common>
        </source>
        <source id="CustomArmature_kitty_ears-skin-weights">
          <float_array id="CustomArmature_kitty_ears-skin-weights-array" count="161">0.9910595 0.008940517 0.9989792 0.001020789 0.9999715 2.85193e-5 0.9999997 4.20856e-7 0.9393084 0.02594882 0.03474277 0.9975273 0.002472758 0.9999991 9.13434e-7 0.9999933 6.7347e-6 0.9993185 6.81467e-4 0.9992033 7.96759e-4 0.9907485 0.003120243 0.006131291 1 0.9884355 0.01156455 0.9999886 1.13972e-5 1 0.954799 0.01412904 0.03107196 0.9988269 0.001173079 0.9994692 5.30767e-4 0.9958465 0.00415349 1 1 1.20867e-7 0.9885522 0.01144778 0.9996373 3.62675e-4 0.9987064 0.001293659 0.9999926 7.38703e-6 0.9999941 5.89422e-6 0.9998586 1.41444e-4 0.9999662 3.37725e-5 0.9997887 2.11426e-4 0.9992487 7.51365e-4 0.999997 2.98181e-6 0.9998645 1.35517e-4 0.9999914 8.58755e-6 0.9999992 7.72514e-7 0.9308713 0.0407043 0.02842432 0.9960867 0.00387609 3.71492e-5 0.9999785 2.14932e-5 0.9926441 0.007355928 0.999651 3.48991e-4 0.9996461 3.5391e-4 0.9670082 0.03299176 0.9989475 0.001052439 0.999962 3.80589e-5 0.9999638 3.61539e-5 0.9401627 0.05983728 0.9892334 0.01076656 0.9996692 3.30833e-4 0.9998161 1.83914e-4 0.9861173 0.01388281 0.9996732 3.26825e-4 0.9603597 0.0396403 1 0.9786769 0.02132308 0.9999346 6.54127e-5 0.9989594 0.001040518 0.9664266 0.03357332 0.9997462 2.53831e-4 0.9999149 8.50801e-5 0.9990009 9.99141e-4 0.9999995 4.68324e-7 0.9999343 6.58289e-5 0.9972161 0.002783954 0.9999901 9.9102e-6 0.9999647 3.54249e-5 0.999982 1.80139e-5 0.9994431 5.56873e-4 0.9999096 9.03575e-5 0.9997924 2.07629e-4 0.9999418 5.81831e-5 0.9999886 1.13802e-5 0.9999126 8.74014e-5 1 0.9999122 8.78361e-5 0.9977533 0.002246618 0.9437466 0.05625337 0.9990521 9.47913e-4 0.9987141 0.001285851 0.9716031 0.02839696 0.9999936 6.44362e-6 0.9987354 1.79792e-4 0.001084864</float_array>
          <technique_common>
            <accessor source="#CustomArmature_kitty_ears-skin-weights-array" count="161" stride="1">
              <param name="WEIGHT" type="float"/>
            </accessor>
          </technique_common>
        </source>
        <joints>
          <input semantic="JOINT" source="#CustomArmature_kitty_ears-skin-joints"/>
          <input semantic="INV_BIND_MATRIX" source="#CustomArmature_kitty_ears-skin-bind_poses"/>
        </joints>
        <vertex_weights count="80">
          <input semantic="JOINT" source="#CustomArmature_kitty_ears-skin-joints" offset="0"/>
          <input semantic="WEIGHT" source="#CustomArmature_kitty_ears-skin-weights" offset="1"/>
          <vcount>2 2 2 2 3 2 2 2 2 2 3 1 2 2 1 3 2 2 2 1 2 2 2 2 2 2 2 2 2 2 2 2 2 2 3 3 2 2 2 2 2 2 2 2 2 2 2 2 2 2 2 1 2 2 2 2 2 2 2 2 2 2 2 2 2 2 2 2 2 2 2 1 2 2 2 2 2 2 2 3 </vcount>
          <v>5 0 8 1 5 2 8 3 5 4 8 5 5 6 8 7 5 8 7 9 8 10 5 11 8 12 5 13 8 14 5 15 8 16 5 17 8 18 5 19 8 20 5 21 7 22 8 23 5 24 5 25 8 26 5 27 8 28 5 29 5 30 7 31 8 32 5 33 8 34 5 35 8 36 5 37 8 38 5 39 5 40 8 41 5 42 8 43 5 44 8 45 5 46 8 47 5 48 8 49 5 50 8 51 5 52 8 53 5 54 8 55 5 56 8 57 5 58 8 59 5 60 8 61 5 62 8 63 5 64 8 65 5 66 8 67 5 68 7 69 8 70 5 71 7 72 8 73 5 74 8 75 5 76 8 77 5 78 8 79 5 80 8 81 5 82 11 83 5 84 11 85 5 86 11 87 5 88 11 89 5 90 11 91 5 92 11 93 5 94 11 95 5 96 11 97 5 98 11 99 5 100 11 101 5 102 11 103 5 104 5 105 11 106 5 107 11 108 5 109 11 110 5 111 11 112 5 113 11 114 5 115 11 116 5 117 11 118 5 119 11 120 5 121 11 122 5 123 11 124 5 125 11 126 5 127 11 128 5 129 11 130 5 131 11 132 5 133 11 134 5 135 11 136 5 137 11 138 5 139 11 140 5 141 11 142 5 143 5 144 11 145 5 146 11 147 5 148 11 149 5 150 11 151 5 152 11 153 5 154 11 155 5 156 11 157 5 158 11 159 13 160</v>
        </vertex_weights>
      </skin>
    </controller>
    <controller id="CustomArmature_player-skin" name="CustomArmature">
      <skin source="#player-mesh">
        <bind_shape_matrix>1 0 0 0 0 1 0 0 0 0 1 0 0 0 0 1</bind_shape_matrix>
        <source id="CustomArmature_player-skin-joints">
          <Name_array id="CustomArmature_player-skin-joints-array" count="22">mPelvis mTorso mChest mNeck mHead mSkull mCollarLeft mShoulderLeft mElbowLeft mWristLeft mCollarRight mShoulderRight mElbowRight mWristRight mHipLeft mKneeLeft mAnkleLeft mFootLeft mHipRight mKneeRight mAnkleRight mFootRight</Name_array>
          <technique_common>
            <accessor source="#CustomArmature_player-skin-joints-array" count="22" stride="1">
              <param name="JOINT" type="name"/>
            </accessor>
          </technique_common>
        </source>
        <source id="CustomArmature_player-skin-bind_poses">
          <float_array id="CustomArmature_player-skin-bind_poses-array" count="352">1 0 0 -0.03800487 0 1 0 -0.3193932 0 0 1 -0.3134768 0 0 0 1 1 0 0 -0.03800487 0 1 0 -0.3193933 0 0 1 -0.3433936 0 0 0 1 1 0 0 -0.03279918 0 1 0 -0.3193932 0 0 1 -0.481342 0 0 0 1 1 0 0 -0.02961111 0 1 0 -0.3193932 0 0 1 -0.5476148 0 0 0 1 1 0 0 -0.02953654 0 1 0 -0.3193932 0 0 1 -0.5991239 0 0 0 1 1 0 0 -0.02953654 0 1 0 -0.3193932 0 0 1 -0.6238754 0 0 0 1 1 0 0 -0.01065355 0 1 0 -0.3466742 0 0 1 -0.5744172 0 0 0 1 0.9999999 0 0 -0.02339041 0 1 0 -0.3913502 0 0 0.9999999 -0.5617669 0 0 0 1 1 0 0 -0.01277071 0 1 0 -0.4938538 0 0 1 -0.532828 0 0 0 1 1 0 0 -0.01417982 0 1 0 -0.5938137 0 0 1 -0.5303905 0 0 0 1 1 0 0 -0.01065355 0 1 0 -0.2968926 0 0 1 -0.5744173 0 0 0 1 1 0 0 -0.01994502 0 1 0 -0.2438622 0 0 1 -0.563472 0 0 0 1 1 0 0 -0.01931482 0 1 0 -0.1404937 0 0 1 -0.5348669 0 0 0 1 1 0 0 -0.01417982 0 1 0 -0.04403251 0 0 0.9999999 -0.5308523 0 0 0 1 1 0 0 -0.03056979 0 0.9999962 0 -0.3997997 0 0 0.9999989 -0.2934167 0 0 0 1 0.9999998 0 0 -0.04716157 0 0.9999976 0 -0.4086139 0 0 0.9999977 -0.1329837 0 0 0 1 0.9999971 0 0 -0.0246312 0 0.9999976 0 -0.4142474 0 0 0.9999999 -0.002427458 0 0 0 1 0.9999982 0 0 -0.05885577 0 0.9999964 0 -0.4187222 0 0 0.9999998 8.69679e-4 0 0 0 1 1 0 0 -0.03027153 0 1.000003 0 -0.2457835 0 0 1.000001 -0.2912687 0 0 0 1 1 0 0 -0.04825997 0 1.000003 0 -0.2347028 0 0 1 -0.1329841 0 0 0 1 1.000003 0 0 -0.02463132 0 1.000001 0 -0.2297779 0 0 1 -0.002427458 0 0 0 1 1.000001 0 0 -0.05885589 0 1.000003 0 -0.2253029 0 0 0.9999999 8.69708e-4 0 0 0 1</float_array>
          <technique_common>
            <accessor source="#CustomArmature_player-skin-bind_poses-array" count="22" stride="16">
              <param name="TRANSFORM" type="float4x4"/>
            </accessor>
          </technique_common>
        </source>
        <source id="CustomArmature_player-skin-weights">
          <float_array id="CustomArmature_player-skin-weights-array" count="1671">0.1374084 0.8625916 1 0.01027494 0.05412942 0.9355956 1 0.02731484 0.05658501 0.9161002 0.0373755 0.05659914 0.9060254 1 1 1 0.005846679 0.9941533 0.02216273 0.9778373 0.1956791 0.8043209 0.02769297 0.1430358 0.8292712 0.02469366 0.07693511 0.8983712 1 1 1 0.01453006 0.9854699 0.04546946 0.9545305 0.07527095 0.9247291 0.1900904 0.8099097 0.1910051 0.8089949 1 1 1 1 1 1 1 1 0.1217868 0.1289255 0.7492877 0.05423009 0.4597757 0.267045 0.2189491 0.1175865 0.7404033 0.09843862 0.03354299 0.0100286 0.073529 0.1091545 0.8173165 0.1727336 0.2726309 0.5313551 0.02328038 0.05625629 0.7902776 0.10272 0.0507462 0.08982038 0.9101796 0.08888006 0.91112 0.04689633 0.9531037 0.04222309 0.9577769 0.01206803 0.987932 0.007869422 0.9921306 0.04674732 0.9532527 0.07577461 0.9242254 0.09005963 0.9099404 0.01465278 0.9853472 0.02947014 0.9705299 0.04314512 0.9568549 1 3.53603e-4 0.9996464 0.008664608 0.9913355 0.01207149 0.9879285 0.01877593 0.981224 1 1 1 1 0.2236216 0.5724236 0.08958941 0.08049041 0.02871531 0.005159676 0.09626382 0.5557208 0.04502201 0.1565433 0.1464501 0.0358659 0.007053852 0.5141322 0.442948 0.9635223 0.03647768 0.1965314 0.6536436 0.00745064 0.07266819 0.06970614 0.6159973 0.1640509 0.1287183 0.09123349 0.001868486 0.2380993 0.7600322 0.05836105 0.1264392 0.8151997 0.05276286 0.890519 0.03476881 0.02194941 0.02309554 0.963723 0.0131815 0.07199096 0.3024907 0.3738031 0.2517151 0.006766617 0.7042992 0.01986581 0.0501092 0.02063906 0.1983201 0.721416 0.06591892 0.009729146 0.2029359 0.07204306 0.4619877 0.1930258 0.2729434 0.06143701 0.8100881 0.08393806 0.02459293 0.01994395 0.3318202 0.6167778 0.008069097 0.02908098 0.01425176 0.001146376 0.5585997 0.1996533 0.002151489 0.1334595 0.1049895 0.2936626 0.1676986 0.5386388 0.06138849 0.483507 0.1342652 0.1411949 0.127845 0.05179935 0.1220209 0.5914211 0.1455138 0.1286733 0.01237088 0.004749894 0.201254 0.7939961 1 1 1 1 0.1244269 0.7136359 0.1305823 0.0313549 0.08910405 0.9108959 0.04024201 0.9597581 0.005896747 0.9941032 0.8712823 0.1287177 0.1986197 0.8013803 1 0.0320822 0.05714678 0.9107709 0.6793412 0.1381156 0.02532088 0.1572223 1 1 1 0.08813256 0.1195999 0.7922675 0.01325267 0.2485831 0.3657694 0.345294 0.02710086 0.07476353 0.7919018 0.07564109 0.0576936 0.09167873 0.9083213 0.04646742 0.9535326 0.01086121 0.9891387 0.01651877 0.9834812 1 1 0.1161925 0.19087 0.04169344 0.04265534 0.395152 0.2134367 1 0.1055585 0.5799942 0.002296268 0.312151 0.1633179 0.1421807 0.6945013 0.07121151 0.5296103 0.2519716 0.1472066 0.04141813 0.7882658 0.03071129 0.01787948 0.1217253 0.1848775 0.6250131 0.08549553 0.1046139 0.03681075 0.7866193 0.08212673 0.09444332 0.08748966 0.526892 0.1516875 0.1449088 0.08902209 0.443092 0.1876233 0.3692847 1 0.03582882 0.05718338 0.9069877 1 0.1081629 0.1299905 0.7618465 0.04026305 0.3337087 0.377 0.2443589 0.004669249 0.09977358 0.7828639 0.0724557 0.04490679 0.09144836 0.9085516 0.04489541 0.9551046 0.009408414 0.9905916 0.1927958 0.4245852 0.08597534 0.07731574 0.1575393 0.06178861 0.04090416 0.9590958 0.1984681 0.8015319 0.1890585 0.6477773 0.006743252 0.03664171 0.1197793 0.55142 0.1643145 0.05595189 0.2283135 0.3909147 0.5403485 0.005679845 0.02861267 0.03444433 0.0574395 0.8033229 0.0824874 0.05675005 1 0.1105599 0.5723767 0.1595646 0.1387228 0.01877599 1 1 1 0.01417082 0.9858291 1 1 0.06193161 0.769636 0.1148686 0.05356383 0.05298149 0.8698751 0.03263622 0.04450702 0.5525637 0.1946614 0.05571728 0.1970574 1 0.07938438 2.928e-4 0.9203228 0.5761131 0.07134848 0.1780743 0.1744642 0.4861317 0.2433608 0.05384689 0.2166606 0.5850105 0.2363869 0.09105288 0.08754974 0.4601147 0.02071964 0.09377306 0.4253925 0.5781136 0.02547627 0.2131262 0.183284 0.2033239 0.1225507 0.6741254 0.3845002 0.3148156 0.3006842 1 0.06508326 0.9349167 0.0418803 0.005257248 0.9528625 0.1996858 0.8003142 1 1 1 1 0.0153197 0.9846804 1 1 0.0672264 0.6670123 0.1745091 0.0912522 0.05125653 0.8326846 0.03451156 0.08154731 0.5066078 0.1930476 0.01348149 0.286863 1 0.03420543 0.05725079 0.9085438 1 0.09843224 0.1261978 0.77537 0.02743518 0.2880347 0.3832716 0.2832636 0.01799494 0.08604836 0.7895978 0.0699386 0.05441516 0.09187632 0.9081237 0.04582804 0.954172 0.01014649 0.9898535 0.1558464 0.2899094 0.06878161 0.06520724 0.2938727 0.1263825 1 0.1606069 0.6181336 0.004783689 0.2164758 0.4497178 0.16828 0.01351821 0.368484 0.2601109 0.6090844 0.002710223 0.06001591 0.06807851 0.05157846 0.7926608 0.08298933 0.07277137 0.0996471 0.5426496 0.1563283 0.1408067 0.06056821 0.05879324 0.07908773 0.862119 0.1625967 0.01820749 0.001343846 0.8178519 0.3633685 0.2592635 0.0142216 0.3631463 0.8879169 0.1120831 0.987468 0.01253193 0.9464424 0.05355757 0.9304269 0.0695731 0.9207367 0.07926332 0.9884876 0.01151239 0.9401508 0.0598492 0.9848257 0.01517421 0.8330521 0.1669479 0.4688095 0.4619209 0.06926959 0.3593065 0.5155239 0.1251696 0.8906816 0.1093184 0.4288643 0.5711357 0.6181258 0.3818742 0.5636788 0.4363213 0.4130402 0.5869598 0.01051759 0.2184371 0.01492071 0.3774326 0.378692 0.1161491 0.6568902 0.1259676 0.04935187 0.03622156 0.0154196 0.06206923 0.488586 0.07935529 0.2084261 0.1615634 0.102802 0.6328708 0.1151648 0.08872473 0.06043761 0.08084303 0.577486 0.1014036 0.1402663 0.100001 0.5737793 0.4262207 9.27057e-4 0.1576476 0.8414254 0.09461808 0.1652678 0.4221548 0.3179593 0.6792856 0.02407795 0.0493645 0.01822608 0.2290458 0.04972678 0.9502732 0.8847604 0.1152396 0.435168 0.564832 0.03473418 0.9652658 0.0491991 0.950801 0.117774 0.882226 0.07059323 0.9294068 0.07611906 0.9238809 0.1912875 0.8087125 0.02120769 0.9787923 0.7562564 0.07644987 0.09010291 0.07719081 0.1395436 0.5181359 0.3423205 0.3068858 0.5426663 0.1504478 0.6713068 8.71412e-4 0.002650797 0.2916338 0.03353714 0.5118894 0.4043469 0.08376371 0.3655611 0.6344389 0.06069225 0.9393078 1 1 1 1 1 1 1 1 1 1 0.3604905 0.1169235 0.522586 0.4778197 0.2818636 0.2403167 1 0.4255982 0.4459335 0.1284683 0.2440713 0.6363703 0.1195585 0.5736797 0.4263203 0.2269669 0.5605341 0.212499 0.05181878 0.2780231 0.6701581 0.06688028 0.7223191 0.2108006 0.6767588 0.3232412 0.6199948 0.3800052 0.1102427 0.6490844 0.2406728 0.5145825 0.4854175 0.8199483 0.1800518 0.5094093 0.4905907 0.8391413 0.1608587 0.7638482 0.2361518 0.5527884 0.4472116 0.2806074 0.7193926 0.7930085 0.2069915 0.9324784 0.06752163 0.8852598 0.1147402 0.8455346 0.1544654 0.9138895 0.08611053 0.9348473 0.0651527 0.8955179 0.1044821 0.9626953 0.03730475 0.8772862 0.1227138 0.9282137 0.07178628 0.8648928 0.1351072 0.1205856 0.8794144 0.1582154 0.8417846 0.04219031 0.1805524 0.2598178 0.5174395 0.041157 0.2454833 0.1724941 0.5408656 0.007084906 0.2299847 0.7629304 0.1250274 0.2019821 0.6729905 0.05274254 0.09818673 0.2406148 0.6084559 0.07591116 0.2391721 0.6849168 0.003893256 0.09984678 0.1606902 0.7355697 0.001544952 0.1192823 0.1199134 0.7592594 0.07902282 0.9209772 0.06324374 0.09629702 0.8404592 0.003259003 0.05861121 0.1308352 0.8072946 0.0229994 0.09760212 0.8793985 1 1 0.07568383 0.9243162 0.184222 0.815778 0.1312652 0.8687348 0.1098425 0.8901575 0.07741761 0.9225824 0.1313973 0.8686027 0.0848962 0.9151039 0.1597515 0.8402485 0.0894066 0.9105934 0.1631511 0.8368489 0.01426589 0.9686442 0.0170899 0.9834794 0.0165205 1 1 0.9097837 0.09021633 1 1 1 0.09543311 0.9045669 0.06479537 0.9352046 0.07320773 0.9267923 0.05921608 0.9407839 0.05342257 0.9465774 0.07350039 0.9264996 0.08540302 0.914597 0.07842373 0.9215763 0.09057867 0.9094213 1 0.01207906 0.04306167 0.9448593 1 0.02839213 0.05277979 0.9188281 1 1 1 0.01172339 0.9882766 0.1106973 0.8893027 0.03194785 0.1016816 0.8663706 0.02749019 0.06350141 0.9090083 1 1 1 0.002344131 0.9976559 0.02306842 0.9769315 0.05446004 0.9455399 0.1377351 0.8622649 1 1 1 1 0.07500034 0.09800016 0.8269996 0.1744066 0.2346512 0.5614006 0.02728211 0.002259433 0.06021219 0.3414576 0.5291883 0.06914186 0.07189196 0.9281081 0.03267192 0.9673281 0.005351126 0.9946488 0.02739942 0.9726006 0.05370032 0.9462997 0.05816447 0.9418355 1 0.008027076 0.9919729 0.01637595 0.983624 1 1 1 0.01377189 0.9862281 1 1 0.1334817 0.8665183 0.8277301 0.1722699 0.2237401 0.7762599 0.01655477 0.1192563 0.8641889 0.06788903 0.2546374 0.3914502 0.2860234 0.6777119 0.01018345 0.06076908 0.0292834 0.2220522 0.68835 0.0548405 0.03366094 0.008740246 0.2144083 0.06491512 0.1784521 0.435492 0.3211408 0.2080461 0.1142181 0.08118969 0.5965461 0.04765039 0.4468197 0.1271359 0.1583549 0.1011686 0.1188704 0.0096367 0.1279627 0.8624007 1 1 1 0.1304793 0.5254396 0.2885285 0.0555526 0.05901241 0.9409876 0.01420783 0.9857921 1 0.08247643 0.9175235 0.1595914 0.8404086 1 0.03284806 0.05445063 0.9127013 0.5649507 0.1231955 0.08522701 0.1643998 0.06222701 1 1 1 0.08932381 0.1104332 0.800243 0.006883859 0.2497736 0.3375367 0.3706176 0.03518813 0.06769281 0.5497444 0.2964851 0.08607769 0.07790791 0.9220921 0.03608995 0.96391 0.006145536 0.9938545 0.01313954 0.9868604 1 1 0.06928741 0.1696034 0.0342471 0.05149763 0.2556816 0.4196826 1 0.1054893 0.5698732 0.3246375 0.09222924 0.1348291 0.7729417 0.07051336 0.4784569 0.274176 0.1768537 0.01615196 0.7681288 0.02740269 0.03120613 0.004244506 0.1528659 0.1833963 0.4971368 0.1781697 0.1412973 0.0379526 0.7842952 0.07398974 2.27311e-4 0.1035352 0.07151621 0.5009738 0.147899 0.1628077 0.1163551 4.48181e-4 0.2709484 0.1617559 0.05341076 0.5138849 1 0.03621131 0.05580979 0.9079789 1 0.1087647 0.1248416 0.7663937 0.03405374 0.3298146 0.3575103 0.254454 0.02416747 0.09179311 0.6826287 0.1548028 0.07077538 0.08414351 0.9158564 0.03951156 0.9604884 0.00702697 0.992973 0.1518927 0.3936747 0.08375346 0.08411538 0.1537339 0.1328297 0.02853238 0.9714676 0.1791096 0.8208904 0.1894778 0.6463698 0.005041062 0.1254366 0.03367477 0.4542434 0.1652066 0.3476276 0.03292226 0.3730891 0.4787635 0.003932356 0.07911527 0.06509977 0.05804491 0.8019095 0.07868707 0.06135857 1 0.09755212 0.5386035 0.1529846 0.1447594 0.06610041 1 1 1 0.01254606 0.9874539 1 1 0.06348103 0.732014 0.1347851 0.06971997 0.04026395 0.8549483 0.03470534 0.07008242 0.4794966 0.1881256 0.02269387 0.267924 0.04175996 1 0.07713848 0.9228615 0.4818782 0.2435141 0.2224614 0.05214625 0.408976 0.02091974 0.4889919 0.08111238 0.1887334 0.6959105 0.1153561 1 0.05841064 0.9415894 0.01365411 0.001391589 0.9849544 0.1702811 0.829719 1 1 1 1 0.01282852 0.9871714 1 1 0.06817424 0.6188831 0.1985241 0.1144185 0.02785021 0.8190538 0.03448647 0.007300734 0.1113088 0.3836441 0.1789184 0.03745907 0.3954244 0.004554033 1 0.03478115 0.05520856 0.9100103 1 0.09934282 0.1188364 0.7818208 0.02055317 0.2867287 0.3588321 0.300796 0.03308993 0.0776779 0.6291925 0.2115349 0.0815947 0.08116883 0.9188312 0.03787565 0.9621244 0.006588757 0.9934113 0.1044653 0.2635213 0.06489855 0.07109522 0.2399778 0.2560418 1 0.1606968 0.6110934 8.85767e-4 0.227324 0.251787 0.1655922 0.5826207 0.2577396 0.5256484 0.1195365 0.09707534 0.05278337 0.7908835 0.0769999 0.07933324 0.08445656 0.5151582 0.1518623 0.1538075 0.09471541 0.05566889 0.07505756 0.8692736 0.12494 0.01650196 0.8585581 0.3571677 0.2581822 0.3721519 0.01249819 0.8864449 0.1135551 0.9825168 0.01748323 0.9433794 0.05662065 0.9289919 0.07100808 0.9191792 0.08082085 0.9876958 0.0123043 0.9389409 0.06105911 0.9814125 0.01858747 0.7855423 0.2144577 0.4669423 0.4668369 0.06622081 0.358197 0.5189699 0.1228331 0.1746772 0.8253228 0.2230859 0.7769141 0.13002 0.86998 0.1870459 0.8129541 0.2262375 0.7737625 0.07763516 0.3195711 0.6027937 0.05348944 0.2358551 0.06270635 0.3083158 0.3396332 0.1009321 0.5416664 0.109298 0.1273324 0.1207711 0.07738512 0.4217748 0.09159195 0.2040067 0.2052415 0.193333 0.806667 0.1445668 0.8554332 0.08619469 0.09040296 0.4910846 0.3323177 0.6525915 0.01804095 0.05775111 0.02543205 0.2461842 0.03850775 0.9614923 0.8828681 0.1171319 0.1340903 0.8659098 1 0.01145672 0.9885432 0.02137202 0.978628 1 0.01243668 0.9875633 0.04981964 0.9501803 1 0.09503889 0.3051766 0.5997845 0.2177619 0.5335155 0.2487226 0.5759955 0.001803398 0.3494614 0.07273966 0.3563044 0.505159 0.1385366 0.1481223 0.8518778 0.003244102 0.9967558 1 1 1 1 1 1 1 1 1 1 0.2566706 0.641727 0.1016024 0.9915866 0.008413434 0.4166832 0.455513 0.1278038 0.2399429 0.6483691 0.111688 0.5702369 0.4297631 0.2284886 0.5614824 0.210029 0.05042964 0.2855961 0.6639743 0.05654573 0.7596513 0.183803 0.6565156 0.3434844 0.5988621 0.4011379 0.1048278 0.6672286 0.2279435 0.2108771 0.7891228 0.2927119 0.7072882 0.2325788 0.7674213 0.3336251 0.6663749 0.3366958 0.6633042 0.2846304 0.7153696 0.1080289 0.8919711 0.145296 0.854704 0.9325793 0.06742072 0.8905154 0.1094846 0.8514768 0.1485232 0.9169671 0.0830329 0.9330951 0.0669049 0.9001848 0.09981524 0.9587584 0.04124158 0.8824077 0.1175923 0.9275992 0.0724008 0.8706165 0.1293835 0.1436986 0.8563014 0.008630633 0.9913694 0.03406095 0.1434248 0.2577427 0.5647715 0.02958309 0.0959711 0.2747406 0.5997052 0.06550496 0.9344951 0.03761649 0.1663037 0.7960798 0.04146826 0.05019676 0.2701199 0.6382151 0.04757374 0.1431607 0.8092656 0.07261264 0.1502239 0.7771635 0.04064327 0.1526291 0.8067275 0.009307205 0.9906928 0.0838961 0.916104 0.004270374 0.140363 0.8428381 0.01252853 0.05793029 0.9420697 1 1 0.07736063 0.9226394 0.179181 0.820819 0.1269012 0.8730988 0.1085328 0.8914672 0.08300924 0.9169908 0.1272826 0.8727174 0.09053659 0.9094634 0.1544656 0.8455344 0.09364038 0.9063596 0.1582772 0.8417228 7.41032e-4 0.9318197 0.06743925 2.00795e-4 0.9269337 0.07286548 0.9756405 0.02435952 0.9427967 0.05720335 0.8531064 0.1468936 1 1 1 0.008555769 0.9914442 0.01576179 0.9842382 0.04276996 0.9572301 0.02853643 0.9714635 0.9787064 0.02129364 1 0.006859838 0.9931401 0.03578919 0.9642108 0.2171532 0.07575315 0.7070937 0.03554165 0.9644584 0.2868204 0.06632524 0.6468544 0.1204236 0.07002025 0.8095561 1 0.02194905 0.978051 0.01409351 0.9859064 0.02238988 0.0310682 0.9465419 0.1089302 0.8910698 0.00629431 0.9937058 1 0.1752154 0.04140901 0.7833756 0.08023291 0.0325424 0.8872247 1 1 1 1 0.07635986 0.9236401 1 0.1408946 0.04940599 0.8096994 0.1736093 0.7545982 0.07179254 0.04024481 0.9597553 0.2661617 0.6722486 0.06158965 0.1219086 0.806042 0.07204937 1 0.0201078 0.9798922 1 0.02332258 0.0347172 0.9419602 0.09254842 0.9074516 0.003733873 0.9962661 5.24285e-4 0.9994757 0.1632582 0.7982844 0.03845751 0.08116531 0.8814966 0.03733819 1 1 1 1 0.06889438 0.9311056 1 0.1225984 0.828827 0.0485745 0.1037423 0.02656501 0.4771012 0.3925915 0.05673563 0.5375339 0.2565187 0.0322259 0.02516561 0.04668033 0.02562868 0.0195111 0.553391 0.446609 0.01168727 0.2848452 0.1304661 0.005068838 0.003634452 0.3741099 0.1901881 0.04432857 0.4922248 0.2200767 0.03294295 0.02553868 0.1217945 0.06309378 0.02894699 0.4169079 0.1800867 0.0240302 0.0192185 0.2173142 0.1134955 0.08881545 0.9111846 1 1 1 1 0.737623 0.262377 0.0625649 0.2147793 0.7226558 0.01534664 0.08514088 0.8995125 1 0.06200075 0.9379993 0.03234261 0.008758664 0.1609238 0.797975 0.1863136 0.8136864 0.1372627 0.1032953 5.6924e-4 0.3244584 0.4344144 0.04289352 0.402651 0.2078459 0.03120166 0.0309484 0.1498667 0.1345927 0.02328228 0.2490282 0.1629742 0.01899105 0.02298015 0.2759228 0.2468211 0.008467257 0.9915328 1 1 1 1 0.3108666 0.6891334 0.09372127 0.9062787 0.04268896 0.9573111 0.9579525 0.0420475 0.03564226 0.9643577 0.7599416 0.2400584 0.8063133 0.1936867 0.9283947 0.07160526 0.8620961 0.1379039 0.5303073 0.4696927 0.9325488 0.06745111 0.9670168 0.0329833 0.9801374 0.01986265 0.9104695 0.08953052 0.4763739 0.5236261 0.4890087 0.5109913 0.7012553 0.2987447 0.6415804 0.3584197 0.2212324 0.7787676 0.8878163 0.1121837 0.8099261 0.1900739 0.7709097 0.2290903 0.6807085 0.3192915 0.842481 0.1575191 0.8690588 0.1309412 0.9494745 0.05052542 0.9120465 0.0879535 0.8388595 0.1611405 0.873783 0.126217 0.8930337 0.1069663 1 0.9357228 0.06427717 0.5240196 0.4759804 0.2298987 0.7701013 0.5165538 0.4834462 0.4386526 0.5613474 0.2781137 0.7218863 0.3077396 0.6922604 0.6444244 0.3555756 0.8999496 0.1000504 0.4779875 0.5220126</float_array>
          <technique_common>
            <accessor source="#CustomArmature_player-skin-weights-array" count="1671" stride="1">
              <param name="WEIGHT" type="float"/>
            </accessor>
          </technique_common>
        </source>
        <joints>
          <input semantic="JOINT" source="#CustomArmature_player-skin-joints"/>
          <input semantic="INV_BIND_MATRIX" source="#CustomArmature_player-skin-bind_poses"/>
        </joints>
        <vertex_weights count="685">
          <input semantic="JOINT" source="#CustomArmature_player-skin-joints" offset="0"/>
          <input semantic="WEIGHT" source="#CustomArmature_player-skin-weights" offset="1"/>
          <vcount>2 1 3 1 3 3 1 1 1 2 2 2 3 3 1 1 1 2 2 2 2 2 1 1 1 1 1 1 1 1 3 4 5 3 4 4 2 2 2 2 2 2 2 2 2 2 2 2 1 2 2 2 2 1 1 1 1 6 5 4 2 5 4 3 3 4 3 4 6 4 4 5 5 6 3 6 5 3 1 1 1 1 4 2 2 2 2 2 1 3 4 1 1 1 3 5 4 2 2 2 2 1 1 6 1 4 3 4 5 4 4 5 3 1 3 1 3 5 4 2 2 2 6 2 2 5 4 5 4 1 5 1 1 1 2 1 1 4 4 4 1 3 4 4 4 4 4 3 3 1 2 3 2 1 1 1 1 2 1 1 4 4 4 1 3 1 3 5 4 2 2 2 6 1 4 4 5 4 5 3 4 4 2 2 2 2 2 2 2 2 2 3 3 2 2 2 2 2 5 6 5 5 5 2 3 4 5 2 2 2 2 2 2 2 2 2 2 4 3 3 5 3 2 2 1 1 1 1 1 1 1 1 1 1 3 3 1 3 3 2 3 3 3 2 2 3 2 2 2 2 2 2 2 2 2 2 2 2 2 2 2 2 2 2 2 2 4 4 3 3 4 3 4 4 2 3 4 3 1 1 2 2 2 2 2 2 2 2 2 2 3 2 1 1 2 1 1 1 2 2 2 2 2 2 2 2 2 1 3 1 3 1 1 1 2 2 3 3 1 1 1 2 2 2 2 1 1 1 1 3 5 4 2 2 2 2 2 2 1 2 2 1 1 1 2 1 1 2 2 2 3 4 5 5 4 4 6 3 1 1 1 4 2 2 1 2 2 1 3 5 1 1 1 3 5 4 2 2 2 2 1 1 6 1 3 3 4 6 4 5 6 4 1 3 1 3 5 4 2 2 2 6 2 2 5 4 5 4 1 5 1 1 1 2 1 1 4 4 5 1 2 4 4 3 1 2 3 2 1 1 1 1 2 1 1 4 5 5 1 3 1 3 5 4 2 2 2 6 1 4 3 4 4 5 3 3 4 2 2 2 2 2 2 2 2 2 3 3 2 2 2 2 2 3 5 5 5 2 2 4 5 2 2 2 1 2 2 1 2 2 1 3 3 4 3 2 2 1 1 1 1 1 1 1 1 1 1 3 2 3 3 2 3 3 3 2 2 3 2 2 2 2 2 2 2 2 2 2 2 2 2 2 2 2 2 2 2 2 4 4 2 3 4 3 3 3 2 2 4 2 1 1 2 2 2 2 2 2 2 2 2 2 3 3 2 2 2 1 1 1 2 2 2 2 2 1 2 2 3 2 3 3 1 2 2 3 2 2 1 3 3 1 1 1 1 2 1 3 3 2 3 3 1 2 1 3 2 2 2 3 3 1 1 1 1 2 1 3 4 8 2 7 7 7 2 1 1 1 1 2 3 3 1 2 4 2 5 7 7 2 1 1 1 1 2 2 2 2 2 2 2 2 2 2 2 2 2 2 2 2 2 2 2 2 2 2 2 2 2 2 2 2 2 2 1 2 2 2 2 2 2 2 2 2 2 </vcount>
          <v>4 0 5 1 5 2 3 3 4 4 5 5 5 6 3 7 4 8 5 9 3 10 4 11 5 12 5 13 5 14 5 15 4 16 5 17 4 18 5 19 4 20 5 21 3 22 4 23 5 24 3 25 4 26 5 27 5 28 5 29 5 30 4 31 5 32 4 33 5 34 4 35 5 36 4 37 5 38 4 39 5 40 5 41 5 42 5 43 5 44 5 45 5 46 5 47 5 48 3 49 4 50 5 51 2 52 3 53 4 54 5 55 3 56 4 57 5 58 6 59 10 60 3 61 4 62 5 63 3 64 4 65 5 66 10 67 3 68 4 69 5 70 10 71 4 72 5 73 4 74 5 75 4 76 5 77 4 78 5 79 4 80 5 81 4 82 5 83 4 84 5 85 4 86 5 87 4 88 5 89 4 90 5 91 4 92 5 93 4 94 5 95 5 96 4 97 5 98 4 99 5 100 4 101 5 102 4 103 5 104 5 105 5 106 5 107 5 108 2 109 3 110 4 111 5 112 6 113 10 114 2 115 3 116 4 117 6 118 10 119 2 120 3 121 10 122 11 123 10 124 11 125 0 126 1 127 2 128 14 129 18 130 0 131 1 132 14 133 18 134 0 135 1 136 18 137 0 138 1 139 18 140 1 141 2 142 6 143 10 144 0 145 1 146 2 147 1 148 2 149 10 150 11 151 0 152 1 153 2 154 10 155 11 156 18 157 1 158 2 159 10 160 18 161 1 162 2 163 10 164 11 165 0 166 1 167 2 168 14 169 18 170 1 171 2 172 3 173 6 174 7 175 2 176 3 177 4 178 5 179 6 180 10 181 3 182 4 183 10 184 2 185 3 186 4 187 5 188 10 189 11 190 2 191 3 192 4 193 5 194 6 195 3 196 4 197 5 198 5 199 5 200 5 201 5 202 3 203 4 204 5 205 10 206 4 207 5 208 4 209 5 210 4 211 5 212 10 213 11 214 4 215 5 216 5 217 3 218 4 219 5 220 3 221 4 222 5 223 10 224 5 225 5 226 5 227 3 228 4 229 5 230 2 231 3 232 4 233 5 234 10 235 3 236 4 237 5 238 10 239 4 240 5 241 4 242 5 243 4 244 5 245 4 246 5 247 5 248 5 249 2 250 3 251 4 252 5 253 10 254 11 255 10 256 0 257 1 258 2 259 18 260 0 261 1 262 18 263 1 264 2 265 10 266 11 267 0 268 1 269 2 270 10 271 18 272 1 273 2 274 10 275 11 276 0 277 1 278 2 279 18 280 2 281 3 282 4 283 5 284 10 285 3 286 4 287 10 288 5 289 3 290 4 291 5 292 5 293 3 294 4 295 5 296 2 297 3 298 4 299 5 300 10 301 3 302 4 303 5 304 10 305 4 306 5 307 4 308 5 309 4 310 5 311 2 312 3 313 4 314 5 315 10 316 11 317 3 318 10 319 4 320 5 321 0 322 1 323 2 324 14 325 18 326 0 327 1 328 14 329 18 330 1 331 2 332 3 333 10 334 11 335 0 336 1 337 2 338 18 339 5 340 2 341 3 342 4 343 5 344 10 345 5 346 5 347 5 348 4 349 5 350 5 351 5 352 1 353 2 354 10 355 11 356 0 357 1 358 2 359 18 360 3 361 4 362 6 363 10 364 5 365 0 366 1 367 18 368 0 369 1 370 14 371 18 372 0 373 1 374 14 375 18 376 0 377 1 378 14 379 18 380 0 381 1 382 14 383 18 384 0 385 1 386 14 387 18 388 0 389 14 390 18 391 0 392 14 393 18 394 18 395 1 396 18 397 0 398 1 399 18 400 4 401 5 402 5 403 5 404 5 405 5 406 4 407 5 408 5 409 5 410 1 411 2 412 10 413 11 414 0 415 1 416 2 417 18 418 3 419 4 420 6 421 10 422 5 423 3 424 4 425 5 426 5 427 3 428 4 429 5 430 2 431 3 432 4 433 5 434 10 435 3 436 4 437 5 438 10 439 4 440 5 441 4 442 5 443 4 444 5 445 2 446 3 447 4 448 5 449 10 450 11 451 10 452 0 453 1 454 2 455 18 456 0 457 1 458 14 459 18 460 1 461 2 462 3 463 10 464 11 465 0 466 1 467 2 468 18 469 2 470 3 471 4 472 5 473 10 474 0 475 1 476 18 477 0 478 1 479 14 480 18 481 0 482 1 483 14 484 18 485 19 486 20 487 19 488 20 489 19 490 20 491 19 492 20 493 19 494 20 495 19 496 20 497 19 498 20 499 19 500 20 501 19 502 20 503 19 504 20 505 21 506 19 507 20 508 21 509 12 510 13 511 12 512 13 513 12 514 13 515 12 516 13 517 12 518 13 519 1 520 2 521 3 522 10 523 11 524 1 525 2 526 3 527 6 528 7 529 10 530 1 531 2 532 3 533 10 534 11 535 1 536 2 537 3 538 10 539 11 540 1 541 2 542 3 543 10 544 11 545 12 546 13 547 0 548 1 549 18 550 1 551 2 552 10 553 11 554 1 555 2 556 10 557 11 558 18 559 1 560 18 561 19 562 20 563 12 564 13 565 12 566 13 567 12 568 13 569 12 570 13 571 12 572 13 573 12 574 13 575 12 576 13 577 12 578 13 579 2 580 3 581 6 582 10 583 2 584 10 585 11 586 2 587 10 588 11 589 2 590 3 591 6 592 10 593 11 594 2 595 10 596 11 597 12 598 13 599 12 600 13 601 13 602 13 603 13 604 13 605 13 606 13 607 13 608 13 609 13 610 13 611 0 612 14 613 18 614 0 615 14 616 18 617 19 618 19 619 20 620 21 621 19 622 20 623 21 624 19 625 20 626 19 627 20 628 21 629 19 630 20 631 21 632 19 633 20 634 21 635 19 636 20 637 19 638 20 639 19 640 20 641 21 642 11 643 12 644 11 645 12 646 11 647 12 648 11 649 12 650 11 651 12 652 11 653 12 654 11 655 12 656 11 657 12 658 18 659 19 660 18 661 19 662 18 663 19 664 18 665 19 666 18 667 19 668 18 669 19 670 18 671 19 672 18 673 19 674 18 675 19 676 18 677 19 678 10 679 11 680 10 681 11 682 1 683 2 684 10 685 11 686 1 687 2 688 10 689 11 690 2 691 10 692 11 693 2 694 10 695 11 696 1 697 2 698 10 699 11 700 2 701 10 702 11 703 1 704 2 705 10 706 11 707 1 708 2 709 10 710 11 711 10 712 11 713 2 714 10 715 11 716 1 717 2 718 10 719 11 720 2 721 10 722 11 723 11 724 11 725 18 726 19 727 18 728 19 729 18 730 19 731 18 732 19 733 18 734 19 735 18 736 19 737 18 738 19 739 18 740 19 741 18 742 19 743 18 744 19 745 10 746 11 747 12 748 11 749 12 750 11 751 11 752 11 753 12 754 11 755 11 756 11 757 11 758 12 759 11 760 12 761 11 762 12 763 11 764 12 765 11 766 12 767 11 768 12 769 11 770 12 771 11 772 12 773 4 774 5 775 5 776 3 777 4 778 5 779 5 780 3 781 4 782 5 783 5 784 5 785 5 786 4 787 5 788 4 789 5 790 3 791 4 792 5 793 3 794 4 795 5 796 5 797 5 798 5 799 4 800 5 801 4 802 5 803 4 804 5 805 4 806 5 807 5 808 5 809 5 810 5 811 3 812 4 813 5 814 3 815 4 816 5 817 6 818 7 819 3 820 4 821 5 822 6 823 4 824 5 825 4 826 5 827 4 828 5 829 4 830 5 831 4 832 5 833 4 834 5 835 5 836 4 837 5 838 4 839 5 840 5 841 5 842 5 843 4 844 5 845 5 846 5 847 6 848 7 849 6 850 7 851 1 852 14 853 0 854 1 855 14 856 1 857 2 858 6 859 7 860 1 861 2 862 6 863 7 864 14 865 1 866 2 867 6 868 7 869 14 870 1 871 2 872 6 873 7 874 3 875 4 876 5 877 6 878 2 879 3 880 4 881 5 882 6 883 7 884 3 885 4 886 5 887 5 888 5 889 5 890 3 891 4 892 5 893 6 894 4 895 5 896 4 897 5 898 5 899 6 900 7 901 4 902 5 903 5 904 3 905 4 906 5 907 3 908 4 909 5 910 6 911 7 912 5 913 5 914 5 915 3 916 4 917 5 918 2 919 3 920 4 921 5 922 6 923 3 924 4 925 5 926 6 927 4 928 5 929 4 930 5 931 4 932 5 933 4 934 5 935 5 936 5 937 2 938 3 939 4 940 5 941 6 942 7 943 6 944 0 945 1 946 14 947 0 948 1 949 14 950 1 951 2 952 6 953 7 954 0 955 1 956 2 957 6 958 7 959 14 960 1 961 2 962 6 963 7 964 0 965 1 966 2 967 6 968 14 969 2 970 3 971 4 972 5 973 6 974 7 975 3 976 4 977 5 978 6 979 5 980 3 981 4 982 5 983 5 984 3 985 4 986 5 987 2 988 3 989 4 990 5 991 6 992 3 993 4 994 5 995 6 996 4 997 5 998 4 999 5 1000 4 1001 5 1002 2 1003 3 1004 4 1005 5 1006 6 1007 7 1008 3 1009 6 1010 4 1011 5 1012 0 1013 1 1014 2 1015 14 1016 18 1017 0 1018 1 1019 14 1020 18 1021 1 1022 2 1023 3 1024 6 1025 7 1026 0 1027 1 1028 2 1029 14 1030 5 1031 2 1032 3 1033 4 1034 5 1035 6 1036 5 1037 5 1038 5 1039 4 1040 5 1041 5 1042 5 1043 1 1044 2 1045 6 1046 7 1047 0 1048 1 1049 2 1050 14 1051 3 1052 4 1053 5 1054 6 1055 10 1056 5 1057 0 1058 14 1059 0 1060 1 1061 14 1062 18 1063 0 1064 1 1065 14 1066 18 1067 0 1068 14 1069 18 1070 14 1071 1 1072 14 1073 0 1074 1 1075 14 1076 4 1077 5 1078 5 1079 5 1080 5 1081 5 1082 4 1083 5 1084 5 1085 5 1086 1 1087 2 1088 6 1089 7 1090 0 1091 1 1092 2 1093 6 1094 14 1095 3 1096 4 1097 5 1098 6 1099 10 1100 5 1101 3 1102 4 1103 5 1104 5 1105 3 1106 4 1107 5 1108 2 1109 3 1110 4 1111 5 1112 6 1113 3 1114 4 1115 5 1116 6 1117 4 1118 5 1119 4 1120 5 1121 4 1122 5 1123 2 1124 3 1125 4 1126 5 1127 6 1128 7 1129 6 1130 0 1131 1 1132 2 1133 14 1134 0 1135 1 1136 14 1137 1 1138 2 1139 6 1140 7 1141 0 1142 1 1143 2 1144 14 1145 2 1146 3 1147 4 1148 5 1149 6 1150 0 1151 1 1152 14 1153 0 1154 1 1155 14 1156 0 1157 1 1158 14 1159 18 1160 15 1161 16 1162 15 1163 16 1164 15 1165 16 1166 15 1167 16 1168 15 1169 16 1170 15 1171 16 1172 15 1173 16 1174 15 1175 16 1176 15 1177 16 1178 15 1179 16 1180 17 1181 15 1182 16 1183 17 1184 8 1185 9 1186 8 1187 9 1188 8 1189 9 1190 8 1191 9 1192 8 1193 9 1194 2 1195 6 1196 7 1197 1 1198 2 1199 3 1200 6 1201 7 1202 1 1203 2 1204 3 1205 6 1206 7 1207 1 1208 2 1209 3 1210 6 1211 7 1212 8 1213 9 1214 1 1215 14 1216 1 1217 2 1218 6 1219 7 1220 1 1221 2 1222 6 1223 7 1224 14 1225 1 1226 14 1227 15 1228 16 1229 8 1230 9 1231 9 1232 8 1233 9 1234 8 1235 9 1236 9 1237 8 1238 9 1239 8 1240 9 1241 9 1242 2 1243 6 1244 7 1245 2 1246 6 1247 7 1248 2 1249 3 1250 6 1251 7 1252 2 1253 6 1254 7 1255 8 1256 9 1257 8 1258 9 1259 9 1260 9 1261 9 1262 9 1263 9 1264 9 1265 9 1266 9 1267 9 1268 9 1269 0 1270 14 1271 18 1272 15 1273 16 1274 15 1275 16 1276 17 1277 15 1278 16 1279 17 1280 15 1281 16 1282 15 1283 16 1284 17 1285 15 1286 16 1287 17 1288 15 1289 16 1290 17 1291 15 1292 16 1293 15 1294 16 1295 15 1296 16 1297 17 1298 7 1299 8 1300 7 1301 8 1302 7 1303 8 1304 7 1305 8 1306 7 1307 8 1308 7 1309 8 1310 7 1311 8 1312 7 1313 8 1314 14 1315 15 1316 14 1317 15 1318 14 1319 15 1320 14 1321 15 1322 14 1323 15 1324 14 1325 15 1326 14 1327 15 1328 14 1329 15 1330 14 1331 15 1332 14 1333 15 1334 6 1335 7 1336 6 1337 7 1338 1 1339 2 1340 6 1341 7 1342 1 1343 2 1344 6 1345 7 1346 6 1347 7 1348 2 1349 6 1350 7 1351 1 1352 2 1353 6 1354 7 1355 2 1356 6 1357 7 1358 2 1359 6 1360 7 1361 2 1362 6 1363 7 1364 6 1365 7 1366 6 1367 7 1368 2 1369 6 1370 7 1371 8 1372 6 1373 7 1374 7 1375 7 1376 14 1377 15 1378 14 1379 15 1380 14 1381 15 1382 14 1383 15 1384 14 1385 15 1386 14 1387 15 1388 14 1389 15 1390 14 1391 15 1392 14 1393 15 1394 14 1395 15 1396 6 1397 7 1398 8 1399 6 1400 7 1401 8 1402 7 1403 8 1404 7 1405 8 1406 7 1407 8 1408 7 1409 7 1410 7 1411 7 1412 8 1413 7 1414 8 1415 7 1416 8 1417 7 1418 8 1419 8 1420 9 1421 8 1422 7 1423 8 1424 7 1425 8 1426 0 1427 14 1428 18 1429 0 1430 18 1431 0 1432 14 1433 18 1434 0 1435 14 1436 18 1437 18 1438 1 1439 18 1440 0 1441 18 1442 0 1443 1 1444 18 1445 0 1446 18 1447 1 1448 18 1449 18 1450 0 1451 14 1452 18 1453 0 1454 14 1455 18 1456 18 1457 18 1458 18 1459 18 1460 0 1461 18 1462 18 1463 0 1464 14 1465 18 1466 0 1467 14 1468 18 1469 0 1470 14 1471 0 1472 14 1473 18 1474 0 1475 14 1476 18 1477 14 1478 1 1479 14 1480 14 1481 0 1482 1 1483 14 1484 0 1485 14 1486 1 1487 14 1488 0 1489 14 1490 0 1491 14 1492 18 1493 0 1494 14 1495 18 1496 14 1497 14 1498 14 1499 14 1500 0 1501 14 1502 14 1503 0 1504 14 1505 18 1506 2 1507 3 1508 10 1509 11 1510 1 1511 2 1512 3 1513 4 1514 5 1515 6 1516 7 1517 10 1518 12 1519 13 1520 1 1521 2 1522 3 1523 4 1524 5 1525 10 1526 11 1527 1 1528 2 1529 3 1530 4 1531 5 1532 10 1533 11 1534 1 1535 2 1536 3 1537 4 1538 5 1539 10 1540 11 1541 12 1542 13 1543 13 1544 13 1545 13 1546 13 1547 11 1548 12 1549 2 1550 10 1551 11 1552 2 1553 10 1554 11 1555 11 1556 11 1557 12 1558 2 1559 3 1560 6 1561 7 1562 8 1563 9 1564 2 1565 3 1566 5 1567 6 1568 7 1569 1 1570 2 1571 3 1572 4 1573 5 1574 6 1575 7 1576 1 1577 2 1578 3 1579 4 1580 5 1581 6 1582 7 1583 8 1584 9 1585 9 1586 9 1587 9 1588 9 1589 7 1590 8 1591 6 1592 7 1593 6 1594 7 1595 7 1596 8 1597 7 1598 8 1599 11 1600 12 1601 11 1602 12 1603 11 1604 12 1605 11 1606 12 1607 11 1608 12 1609 11 1610 12 1611 11 1612 12 1613 11 1614 12 1615 11 1616 12 1617 7 1618 8 1619 7 1620 8 1621 7 1622 8 1623 7 1624 8 1625 7 1626 8 1627 7 1628 8 1629 7 1630 8 1631 7 1632 8 1633 7 1634 8 1635 12 1636 13 1637 12 1638 13 1639 12 1640 13 1641 12 1642 13 1643 12 1644 13 1645 12 1646 13 1647 12 1648 13 1649 12 1650 12 1651 13 1652 8 1653 9 1654 8 1655 9 1656 8 1657 9 1658 8 1659 9 1660 8 1661 9 1662 8 1663 9 1664 8 1665 9 1666 8 1667 9 1668 8 1669 9 1670</v>
        </vertex_weights>
      </skin>
    </controller>
  </library_controllers>
  <library_visual_scenes>
    <visual_scene id="Scene" name="Scene">
      <node id="CustomArmature" name="CustomArmature" type="NODE">
        <matrix sid="transform">1 0 0 0 0 1 0 0 0 0 1 0 0 0 0 1</matrix>
        <node id="CustomArmature_mPelvis" name="mPelvis" sid="mPelvis" type="JOINT">
          <matrix sid="transform">1 0 0 0.03800492 0 1 0 0.3193932 0 0 1 0.3134768 0 0 0 1</matrix>
          <node id="CustomArmature_mTorso" name="mTorso" sid="mTorso" type="JOINT">
            <matrix sid="transform">1 -4.71739e-9 -2.92493e-9 0 9.92095e-10 1 1.16415e-10 0 4.46016e-9 -1.16415e-10 1 0.0299167 0 0 0 1</matrix>
            <node id="CustomArmature_mChest" name="mChest" sid="mChest" type="JOINT">
              <matrix sid="transform">1 0 -2.99042e-9 -0.005205685 0 1 0 -1.40317e-10 7.31234e-10 0 1 0.1379485 0 0 0 1</matrix>
              <node id="CustomArmature_mNeck" name="mNeck" sid="mNeck" type="JOINT">
                <matrix sid="transform">1 3.72529e-9 1.06957e-9 -0.003188133 0 1 -2.32831e-10 -1.80933e-10 1.05501e-9 0 1 0.06627283 0 0 0 1</matrix>
                <node id="CustomArmature_mHead" name="mHead" sid="mHead" type="JOINT">
                  <matrix sid="transform">1 0 4.20131e-12 -7.45468e-5 0 1 0 -2.69561e-12 4.74598e-12 0 1 0.05150908 0 0 0 1</matrix>
                  <node id="CustomArmature_mSkull" name="mSkull" sid="mSkull" type="JOINT">
                    <matrix sid="transform">1 0 0 -2.77747e-12 0 1 0 -5.62785e-15 0 0 1 0.02475154 0 0 0 1</matrix>
                    <extra>
                      <technique profile="blender">
                        <connect sid="connect" type="bool">1</connect>
                        <roll sid="roll" type="float">-1.570796</roll>
                        <tip_x sid="tip_x" type="float">0</tip_x>
                        <tip_y sid="tip_y" type="float">0</tip_y>
                        <tip_z sid="tip_z" type="float">0.01034152</tip_z>
                      </technique>
                    </extra>
                  </node>
                  <extra>
                    <technique profile="blender">
                      <connect sid="connect" type="bool">1</connect>
                      <roll sid="roll" type="float">-1.570796</roll>
                    </technique>
                  </extra>
                </node>
                <extra>
                  <technique profile="blender">
                    <connect sid="connect" type="bool">1</connect>
                    <roll sid="roll" type="float">-1.569349</roll>
                  </technique>
                </extra>
              </node>
              <node id="CustomArmature_mCollarLeft" name="mCollarLeft" sid="mCollarLeft" type="JOINT">
                <matrix sid="transform">1 -4.47035e-8 -1.09139e-10 -0.02214563 -1.86265e-8 1 2.42144e-8 0.02728089 8.54925e-9 5.75092e-8 1 0.09307522 0 0 0 1</matrix>
                <node id="CustomArmature_mShoulderLeft" name="mShoulderLeft" sid="mShoulderLeft" type="JOINT">
                  <matrix sid="transform">0.9999999 4.65661e-9 0 0.01273681 1.30385e-8 0.9999999 0 0.04467604 7.45058e-9 2.98023e-8 1 -0.0126503 0 0 0 1</matrix>
                  <node id="CustomArmature_mElbowLeft" name="mElbowLeft" sid="mElbowLeft" type="JOINT">
                    <matrix sid="transform">1 8.14907e-9 9.31323e-10 -0.01061967 5.3551e-9 1 0 0.1025036 0 0 1 -0.02893894 0 0 0 1</matrix>
                    <node id="CustomArmature_mWristLeft" name="mWristLeft" sid="mWristLeft" type="JOINT">
                      <matrix sid="transform">0.9999999 1.7154e-8 1.60071e-9 0.001409124 -2.96177e-9 1 7.45058e-9 0.09995995 -1.45519e-11 7.45058e-9 0.9999999 -0.002437467 0 0 0 1</matrix>
                      <extra>
                        <technique profile="blender">
                          <connect sid="connect" type="bool">1</connect>
                          <roll sid="roll" type="float">-0.05201733</roll>
                          <tip_x sid="tip_x" type="float">-0.01754707</tip_x>
                          <tip_y sid="tip_y" type="float">0.0650984</tip_y>
                          <tip_z sid="tip_z" type="float">0.003906905</tip_z>
                        </technique>
                      </extra>
                    </node>
                    <extra>
                      <technique profile="blender">
                        <connect sid="connect" type="bool">1</connect>
                        <roll sid="roll" type="float">0.0245518</roll>
                      </technique>
                    </extra>
                  </node>
                  <extra>
                    <technique profile="blender">
                      <connect sid="connect" type="bool">1</connect>
                      <roll sid="roll" type="float">0.2613899</roll>
                    </technique>
                  </extra>
                </node>
                <extra>
                  <technique profile="blender">
                    <roll sid="roll" type="float">0.3133258</roll>
                  </technique>
                </extra>
              </node>
              <node id="CustomArmature_mCollarRight" name="mCollarRight" sid="mCollarRight" type="JOINT">
                <matrix sid="transform">0.9999999 0 -9.85165e-9 -0.02214563 2.23517e-8 0.9999999 -6.28643e-9 -0.0225006 -1.01718e-8 -1.14087e-8 0.9999999 0.09307522 0 0 0 1</matrix>
                <node id="CustomArmature_mShoulderRight" name="mShoulderRight" sid="mShoulderRight" type="JOINT">
                  <matrix sid="transform">1 1.49012e-8 0 0.009291464 2.98023e-8 0.9999998 -3.72529e-8 -0.05303049 0 -5.40167e-8 1 -0.01094518 0 0 0 1</matrix>
                  <node id="CustomArmature_mElbowRight" name="mElbowRight" sid="mElbowRight" type="JOINT">
                    <matrix sid="transform">1 -6.51926e-9 -7.45058e-9 -6.30183e-4 -8.3819e-9 0.9999999 2.98023e-8 -0.1033685 -7.45058e-9 -2.98023e-8 0.9999999 -0.02860514 0 0 0 1</matrix>
                    <node id="CustomArmature_mWristRight" name="mWristRight" sid="mWristRight" type="JOINT">
                      <matrix sid="transform">1 1.49012e-8 -5.96046e-8 -0.005135055 -7.45058e-9 1 1.58325e-8 -0.09646119 -2.98023e-8 -1.30385e-8 1 -0.004014649 0 0 0 1</matrix>
                      <extra>
                        <technique profile="blender">
                          <connect sid="connect" type="bool">1</connect>
                          <roll sid="roll" type="float">-0.4263628</roll>
                          <tip_x sid="tip_x" type="float">-0.0215997</tip_x>
                          <tip_y sid="tip_y" type="float">-0.06542313</tip_y>
                          <tip_z sid="tip_z" type="float">0.005474627</tip_z>
                        </technique>
                      </extra>
                    </node>
                    <extra>
                      <technique profile="blender">
                        <connect sid="connect" type="bool">1</connect>
                        <roll sid="roll" type="float">1.286587</roll>
                      </technique>
                    </extra>
                  </node>
                  <extra>
                    <technique profile="blender">
                      <connect sid="connect" type="bool">1</connect>
                      <roll sid="roll" type="float">2.828363</roll>
                    </technique>
                  </extra>
                </node>
                <extra>
                  <technique profile="blender">
                    <roll sid="roll" type="float">-1.954811</roll>
                  </technique>
                </extra>
              </node>
              <extra>
                <technique profile="blender">
                  <connect sid="connect" type="bool">1</connect>
                  <roll sid="roll" type="float">-1.522727</roll>
                </technique>
              </extra>
            </node>
            <extra>
              <technique profile="blender">
                <connect sid="connect" type="bool">1</connect>
                <roll sid="roll" type="float">-1.533078</roll>
              </technique>
            </extra>
          </node>
          <node id="CustomArmature_mHipLeft" name="mHipLeft" sid="mHipLeft" type="JOINT">
            <matrix sid="transform">1 -9.92092e-10 -2.32831e-9 -0.007435126 -6.45849e-9 1 7.45058e-9 0.08040795 1.44355e-8 7.45058e-9 1 -0.02005979 0 0 0 1</matrix>
            <node id="CustomArmature_mKneeLeft" name="mKneeLeft" sid="mKneeLeft" type="JOINT">
              <matrix sid="transform">1 0 -7.45058e-9 0.01659184 -7.45058e-9 1 -7.45058e-9 0.008813679 2.79397e-8 1.49012e-8 1 -0.160433 0 0 0 1</matrix>
              <node id="CustomArmature_mAnkleLeft" name="mAnkleLeft" sid="mAnkleLeft" type="JOINT">
                <matrix sid="transform">0.9999999 0 3.72529e-9 -0.02253035 -2.98023e-8 1 -7.45058e-9 0.005633505 1.39698e-8 2.98023e-8 1 -0.1305566 0 0 0 1</matrix>
                <node id="CustomArmature_mFootLeft" name="mFootLeft" sid="mFootLeft" type="JOINT">
                  <matrix sid="transform">1 -2.79397e-9 0 0.0342246 -1.86265e-8 1 0 0.004475354 0 7.45058e-9 1 -0.003297167 0 0 0 1</matrix>
                  <extra>
                    <technique profile="blender">
                      <connect sid="connect" type="bool">1</connect>
                      <roll sid="roll" type="float">-2.60397e-6</roll>
                      <tip_x sid="tip_x" type="float">0</tip_x>
                      <tip_y sid="tip_y" type="float">0.02475154</tip_y>
                      <tip_z sid="tip_z" type="float">0</tip_z>
                    </technique>
                  </extra>
                </node>
                <extra>
                  <technique profile="blender">
                    <connect sid="connect" type="bool">1</connect>
                    <roll sid="roll" type="float">1.180104</roll>
                  </technique>
                </extra>
              </node>
              <extra>
                <technique profile="blender">
                  <connect sid="connect" type="bool">1</connect>
                  <roll sid="roll" type="float">1.364109</roll>
                </technique>
              </extra>
            </node>
            <extra>
              <technique profile="blender">
                <roll sid="roll" type="float">1.613317</roll>
              </technique>
            </extra>
          </node>
          <node id="CustomArmature_mHipRight" name="mHipRight" sid="mHipRight" type="JOINT">
            <matrix sid="transform">0.9999999 -8.44268e-9 -5.12227e-9 -0.007733387 8.44268e-9 0.9999999 2.23902e-16 -0.07361042 -3.72529e-9 7.45058e-9 1 -0.02220848 0 0 0 1</matrix>
            <node id="CustomArmature_mKneeRight" name="mKneeRight" sid="mKneeRight" type="JOINT">
              <matrix sid="transform">1 7.45058e-9 -9.31323e-10 0.01798843 1.49012e-8 1 0 -0.01108074 2.6077e-8 1.11759e-8 1 -0.1582842 0 0 0 1</matrix>
              <node id="CustomArmature_mAnkleRight" name="mAnkleRight" sid="mAnkleRight" type="JOINT">
                <matrix sid="transform">1 -2.98023e-8 -1.0361e-8 -0.02362873 -4.47035e-8 1 -5.58794e-9 -0.004924466 1.05356e-8 1.39698e-9 1 -0.1305567 0 0 0 1</matrix>
                <node id="CustomArmature_mFootRight" name="mFootRight" sid="mFootRight" type="JOINT">
                  <matrix sid="transform">1 4.65661e-9 0 0.03422463 -5.58794e-9 1 -7.45058e-9 -0.004475383 7.45058e-9 0 1 -0.003297212 0 0 0 1</matrix>
                  <extra>
                    <technique profile="blender">
                      <connect sid="connect" type="bool">1</connect>
                      <roll sid="roll" type="float">-2.22773e-6</roll>
                      <tip_x sid="tip_x" type="float">0</tip_x>
                      <tip_y sid="tip_y" type="float">0.02475148</tip_y>
                      <tip_z sid="tip_z" type="float">0</tip_z>
                    </technique>
                  </extra>
                </node>
                <extra>
                  <technique profile="blender">
                    <connect sid="connect" type="bool">1</connect>
                    <roll sid="roll" type="float">-1.372209</roll>
                  </technique>
                </extra>
              </node>
              <extra>
                <technique profile="blender">
                  <connect sid="connect" type="bool">1</connect>
                  <roll sid="roll" type="float">1.422729</roll>
                </technique>
              </extra>
            </node>
            <extra>
              <technique profile="blender">
                <roll sid="roll" type="float">1.761724</roll>
              </technique>
            </extra>
          </node>
          <extra>
            <technique profile="blender">
              <roll sid="roll" type="float">-1.570796</roll>
            </technique>
          </extra>
        </node>
        <node id="player" name="player" type="NODE">
          <matrix sid="transform">1 0 0 0 0 1 0 0 0 0 1 0 0 0 0 1</matrix>
          <instance_controller url="#CustomArmature_player-skin">
            <skeleton>#CustomArmature_mPelvis</skeleton>
            <bind_material>
              <technique_common>
                <instance_material symbol="Material_001-material" target="#Material_001-material"/>
              </technique_common>
            </bind_material>
          </instance_controller>
        </node>
        <node id="kitty_ears" name="kitty ears" type="NODE">
          <matrix sid="transform">1 0 0 0 0 1 0 0 0 0 1 0 0 0 0 1</matrix>
          <instance_controller url="#CustomArmature_kitty_ears-skin">
            <skeleton>#CustomArmature_mPelvis</skeleton>
            <bind_material>
              <technique_common>
                <instance_material symbol="Material_004-material" target="#Material_004-material"/>
              </technique_common>
            </bind_material>
          </instance_controller>
        </node>
        <extra>
          <technique profile="blender">
            <collections sid="collections" type="string">Fingers
Simple Face
Full Face
Tail
Wings
Hinds
Groin
Physics
Spine</collections>
          </technique>
        </extra>
      </node>
    </visual_scene>
  </library_visual_scenes>
  <scene>
    <instance_visual_scene url="#Scene"/>
  </scene>
</COLLADA>