HIERARCHY
ROOT mPelvis
{
	OFFSET 0.377160 0.370174 0.044879
	CHANNELS 6 Xposition Yposition Zposition Xrotation Yrotation Zrotation
	JOINT BUTT
	{
		OFFSET 0.000000 0.052534 -0.022000
		CHANNELS 3 Xrotation Yrotation Zrotation
		End Site
		{
			OFFSET 0.000000 0.000000 -0.040000
		}
	}
	JOINT PELVIS
	{
		OFFSET 0.000000 0.084536 -0.003333
		CHANNELS 3 Xrotation Yrotation Zrotation
		End Site
		{
			OFFSET 0.000000 0.035960 0.016933
		}
	}
	JOINT mSpine1
	{
		OFFSET 0.000000 0.126128 -0.000000
		CHANNELS 3 Xrotation Yrotation Zrotation
		JOINT mSpine2
		{
			OFFSET 0.000000 -0.033600 0.000000
			CHANNELS 3 Xrotation Yrotation Zrotation
			End Site
			{
				OFFSET 0.000000 0.033600 -0.000000
			}
		}
	}
	JOINT mTorso
	{
		OFFSET 0.000000 0.035328 -0.000000
		CHANNELS 3 Xrotation Yrotation Zrotation
		JOINT LOWER_BACK
		{
			OFFSET 0.000000 0.098819 -0.000000
			CHANNELS 3 Xrotation Yrotation Zrotation
			End Site
			{
				OFFSET 0.000000 0.000000 -0.040000
			}
		}
		JOINT BELLY
		{
			OFFSET 0.000000 0.105619 0.011200
			CHANNELS 3 Xrotation Yrotation Zrotation
			End Site
			{
				OFFSET 0.000000 0.035676 0.016324
			}
		}
		JOINT LEFT_HANDLE
		{
			OFFSET 0.040000 0.112819 0.000000
			CHANNELS 3 Xrotation Yrotation Zrotation
			End Site
			{
				OFFSET 0.040000 0.000000 0.000000
			}
		}
		JOINT RIGHT_HANDLE
		{
			OFFSET -0.040000 0.112819 -0.000000
			CHANNELS 3 Xrotation Yrotation Zrotation
			End Site
			{
				OFFSET -0.040000 0.000000 0.000000
			}
		}
		JOINT mSpine3
		{
			OFFSET 0.000000 0.171583 -0.006000
			CHANNELS 3 Xrotation Yrotation Zrotation
			JOINT mSpine4
			{
				OFFSET 0.000000 -0.082000 0.006000
				CHANNELS 3 Xrotation Yrotation Zrotation
				End Site
				{
					OFFSET 0.000000 0.082000 -0.006000
				}
			}
		}
		JOINT mChest
		{
			OFFSET 0.000000 0.162898 -0.006147
			CHANNELS 3 Xrotation Yrotation Zrotation
			JOINT UPPER_BACK
			{
				OFFSET 0.000000 0.015469 0.000000
				CHANNELS 3 Xrotation Yrotation Zrotation
				End Site
				{
					OFFSET 0.000000 0.000000 -0.040000
				}
			}
			JOINT CHEST
			{
				OFFSET 0.000000 0.036669 0.011088
				CHANNELS 3 Xrotation Yrotation Zrotation
				End Site
				{
					OFFSET 0.000000 0.053212 -0.048374
				}
			}
			JOINT LEFT_PEC
			{
				OFFSET 0.031488 0.025473 0.047124
				CHANNELS 3 Xrotation Yrotation Zrotation
				End Site
				{
					OFFSET 0.000000 -0.004788 0.031731
				}
			}
			JOINT RIGHT_PEC
			{
				OFFSET -0.031488 0.025473 0.047124
				CHANNELS 3 Xrotation Yrotation Zrotation
				End Site
				{
					OFFSET 0.000000 -0.004788 0.031731
				}
			}
			JOINT mWingsRoot
			{
				OFFSET 0.000000 0.008669 -0.005544
				CHANNELS 3 Xrotation Yrotation Zrotation
				End Site
				{
					OFFSET 0.000000 0.000000 -0.024400
				}
			}
			JOINT mNeck
			{
				OFFSET 0.000000 0.078259 -0.003765
				CHANNELS 3 Xrotation Yrotation Zrotation
				JOINT NECK
				{
					OFFSET 0.000000 0.038853 0.000000
					CHANNELS 3 Xrotation Yrotation Zrotation
					End Site
					{
						OFFSET 0.000000 0.032000 0.000000
					}
				}
				JOINT mHead
				{
					OFFSET 0.000000 0.060825 -0.000088
					CHANNELS 3 Xrotation Yrotation Zrotation
					JOINT HEAD
					{
						OFFSET 0.000000 0.025896 0.007400
						CHANNELS 3 Xrotation Yrotation Zrotation
						End Site
						{
							OFFSET 0.000000 0.040000 0.000000
						}
					}
					JOINT mSkull
					{
						OFFSET 0.000000 0.029228 -0.000000
						CHANNELS 3 Xrotation Yrotation Zrotation
						End Site
						{
							OFFSET 0.000000 0.012212 0.000000
						}
					}
					JOINT mFaceRoot
					{
						OFFSET 0.000000 0.017204 0.009250
						CHANNELS 3 Xrotation Yrotation Zrotation
						JOINT mFaceForeheadCenter
						{
							OFFSET 0.000000 0.023392 0.025641
							CHANNELS 3 Xrotation Yrotation Zrotation
							End Site
							{
								OFFSET 0.000000 0.000000 0.013320
							}
						}
						JOINT mFaceNoseBridge
						{
							OFFSET 0.000000 0.007232 0.033670
							CHANNELS 3 Xrotation Yrotation Zrotation
							End Site
							{
								OFFSET 0.000000 0.002960 0.005550
							}
						}
						JOINT mFaceNoseCenter
						{
							OFFSET 0.000000 -0.000544 0.037740
							CHANNELS 3 Xrotation Yrotation Zrotation
							End Site
							{
								OFFSET 0.000000 0.000000 0.008827
							}
						}
						JOINT mFaceNoseBase
						{
							OFFSET 0.000000 -0.007160 0.034780
							CHANNELS 3 Xrotation Yrotation Zrotation
							End Site
							{
								OFFSET 0.000000 0.000000 0.005180
							}
						}
						JOINT mFaceForeheadLeft
						{
							OFFSET 0.013244 0.031096 0.023680
							CHANNELS 3 Xrotation Yrotation Zrotation
							End Site
							{
								OFFSET 0.001480 0.006228 0.008880
							}
						}
						JOINT mFaceEyebrowOuterLeft
						{
							OFFSET 0.019475 0.017564 0.023680
							CHANNELS 3 Xrotation Yrotation Zrotation
							End Site
							{
								OFFSET 0.004810 0.000000 0.008510
							}
						}
						JOINT mFaceEyebrowCenterLeft
						{
							OFFSET 0.016978 0.021808 0.025900
							CHANNELS 3 Xrotation Yrotation Zrotation
							End Site
							{
								OFFSET 0.000000 0.000000 0.009990
							}
						}
						JOINT mFaceEyebrowInnerLeft
						{
							OFFSET 0.009204 0.018872 0.027750
							CHANNELS 3 Xrotation Yrotation Zrotation
							End Site
							{
								OFFSET 0.000000 0.000000 0.009620
							}
						}
						JOINT mFaceEyecornerInnerLeft
						{
							OFFSET 0.007249 0.011300 0.027750
							CHANNELS 3 Xrotation Yrotation Zrotation
							End Site
							{
								OFFSET 0.000000 0.000000 0.005920
							}
						}
						JOINT mFaceEyeLidUpperLeft
						{
							OFFSET 0.014383 0.012076 0.027010
							CHANNELS 3 Xrotation Yrotation Zrotation
							End Site
							{
								OFFSET 0.000000 0.001848 0.009990
							}
						}
						JOINT mFaceEyeLidLowerLeft
						{
							OFFSET 0.014383 0.012020 0.027010
							CHANNELS 3 Xrotation Yrotation Zrotation
							End Site
							{
								OFFSET 0.000000 -0.002588 0.008880
							}
						}
						JOINT mFaceCheekUpperLeft
						{
							OFFSET 0.012866 -0.002352 0.025900
							CHANNELS 3 Xrotation Yrotation Zrotation
							End Site
							{
								OFFSET 0.005550 0.000000 0.008140
							}
						}
						JOINT mFaceNoseLeft
						{
							OFFSET 0.005676 -0.001992 0.031820
							CHANNELS 3 Xrotation Yrotation Zrotation
							End Site
							{
								OFFSET 0.001480 0.000000 0.005550
							}
						}
						JOINT mFaceCheekLowerLeft
						{
							OFFSET 0.012866 -0.012132 0.018500
							CHANNELS 3 Xrotation Yrotation Zrotation
							End Site
							{
								OFFSET 0.011100 0.000000 0.004810
							}
						}
						JOINT mFaceForeheadRight
						{
							OFFSET -0.013244 0.031096 0.023680
							CHANNELS 3 Xrotation Yrotation Zrotation
							End Site
							{
								OFFSET -0.001480 0.006228 0.008880
							}
						}
						JOINT mFaceEyebrowOuterRight
						{
							OFFSET -0.019475 0.017564 0.023680
							CHANNELS 3 Xrotation Yrotation Zrotation
							End Site
							{
								OFFSET -0.004810 0.000000 0.008510
							}
						}
						JOINT mFaceEyebrowCenterRight
						{
							OFFSET -0.016978 0.021808 0.025900
							CHANNELS 3 Xrotation Yrotation Zrotation
							End Site
							{
								OFFSET 0.000000 0.000000 0.009990
							}
						}
						JOINT mFaceEyebrowInnerRight
						{
							OFFSET -0.009204 0.018872 0.027750
							CHANNELS 3 Xrotation Yrotation Zrotation
							End Site
							{
								OFFSET 0.000000 0.000000 0.009620
							}
						}
						JOINT mFaceEyecornerInnerRight
						{
							OFFSET -0.007249 0.011300 0.027750
							CHANNELS 3 Xrotation Yrotation Zrotation
							End Site
							{
								OFFSET 0.000000 0.000000 0.005920
							}
						}
						JOINT mFaceCheekUpperRight
						{
							OFFSET -0.012866 -0.002352 0.025900
							CHANNELS 3 Xrotation Yrotation Zrotation
							End Site
							{
								OFFSET -0.005550 0.000000 0.008140
							}
						}
						JOINT mFaceNoseRight
						{
							OFFSET -0.005676 -0.001992 0.031820
							CHANNELS 3 Xrotation Yrotation Zrotation
							End Site
							{
								OFFSET -0.001480 0.000000 0.005550
							}
						}
						JOINT mFaceCheekLowerRight
						{
							OFFSET -0.012866 -0.012132 0.018500
							CHANNELS 3 Xrotation Yrotation Zrotation
							End Site
							{
								OFFSET -0.011100 0.000000 0.004810
							}
						}
						JOINT mFaceJaw
						{
							OFFSET 0.000000 -0.005424 -0.000370
							CHANNELS 3 Xrotation Yrotation Zrotation
							JOINT mFaceChin
							{
								OFFSET 0.000000 -0.020536 0.025715
								CHANNELS 3 Xrotation Yrotation Zrotation
								End Site
								{
									OFFSET 0.000000 -0.006660 0.007770
								}
							}
							JOINT mFaceTeethLower
							{
								OFFSET 0.000000 -0.015108 0.007770
								CHANNELS 3 Xrotation Yrotation Zrotation
								JOINT mFaceLipLowerCenter
								{
									OFFSET 0.000000 0.000000 0.016650
									CHANNELS 3 Xrotation Yrotation Zrotation
									End Site
									{
										OFFSET 0.000000 0.000740 0.014800
									}
								}
								JOINT mFaceLipLowerLeft
								{
									OFFSET 0.000000 0.000000 0.016650
									CHANNELS 3 Xrotation Yrotation Zrotation
									End Site
									{
										OFFSET 0.006290 0.001848 0.012580
									}
								}
								JOINT mFaceLipLowerRight
								{
									OFFSET 0.000000 0.000000 0.016650
									CHANNELS 3 Xrotation Yrotation Zrotation
									End Site
									{
										OFFSET -0.006290 0.001848 0.012580
									}
								}
							}
						}
						JOINT mFaceJawShaper
						{
							OFFSET 0.000000 0.000000 0.000000
							CHANNELS 3 Xrotation Yrotation Zrotation
							End Site
							{
								OFFSET 0.000000 0.000000 -0.006290
							}
						}
						JOINT mFaceTeethUpper
						{
							OFFSET 0.000000 -0.011664 0.007400
							CHANNELS 3 Xrotation Yrotation Zrotation
							JOINT mFaceLipUpperCenter
							{
								OFFSET 0.000000 -0.000980 0.016650
								CHANNELS 3 Xrotation Yrotation Zrotation
								End Site
								{
									OFFSET 0.000000 0.000768 0.015910
								}
							}
							JOINT mFaceLipUpperLeft
							{
								OFFSET 0.000000 -0.001500 0.016650
								CHANNELS 3 Xrotation Yrotation Zrotation
								End Site
								{
									OFFSET 0.005550 0.000000 0.015170
								}
							}
							JOINT mFaceLipCornerLeft
							{
								OFFSET -0.007030 -0.003700 0.010360
								CHANNELS 3 Xrotation Yrotation Zrotation
								End Site
								{
									OFFSET 0.018870 0.000000 0.016650
								}
							}
							JOINT mFaceLipUpperRight
							{
								OFFSET 0.000000 -0.001500 0.016650
								CHANNELS 3 Xrotation Yrotation Zrotation
								End Site
								{
									OFFSET -0.005550 0.000000 0.015170
								}
							}
							JOINT mFaceLipCornerRight
							{
								OFFSET 0.007030 -0.003700 0.010360
								CHANNELS 3 Xrotation Yrotation Zrotation
								End Site
								{
									OFFSET -0.018870 0.000000 0.016650
								}
							}
						}
						JOINT mFaceEyeAltLeft
						{
							OFFSET 0.014383 0.012024 0.027180
							CHANNELS 3 Xrotation Yrotation Zrotation
							End Site
							{
								OFFSET 0.000000 0.000000 0.009250
							}
						}
						JOINT mFaceEyeAltRight
						{
							OFFSET -0.014383 0.012024 0.027180
							CHANNELS 3 Xrotation Yrotation Zrotation
							End Site
							{
								OFFSET 0.000000 0.000000 0.009250
							}
						}
						JOINT mFaceEyeLidUpperRight
						{
							OFFSET -0.014383 0.012076 0.027010
							CHANNELS 3 Xrotation Yrotation Zrotation
							End Site
							{
								OFFSET 0.000000 0.001848 0.009990
							}
						}
						JOINT mFaceEyeLidLowerRight
						{
							OFFSET -0.014383 0.012020 0.027010
							CHANNELS 3 Xrotation Yrotation Zrotation
							End Site
							{
								OFFSET 0.000000 -0.002588 0.008880
							}
						}
					}
					JOINT mEyeLeft
					{
						OFFSET 0.014430 0.029228 0.036432
						CHANNELS 3 Xrotation Yrotation Zrotation
						End Site
						{
							OFFSET 0.000000 0.000000 0.009250
						}
					}
					JOINT mEyeRight
					{
						OFFSET -0.014430 0.029228 0.036432
						CHANNELS 3 Xrotation Yrotation Zrotation
						End Site
						{
							OFFSET 0.000000 0.000000 0.009250
						}
					}
				}
			}
			JOINT mCollarLeft
			{
				OFFSET 0.032215 0.109909 -0.026151
				CHANNELS 3 Xrotation Yrotation Zrotation
				JOINT L_CLAVICLE
				{
					OFFSET -0.003544 -0.027081 0.025864
					CHANNELS 3 Xrotation Yrotation Zrotation
					End Site
					{
						OFFSET 0.040000 0.000000 0.000000
					}
				}
				JOINT mShoulderLeft
				{
					OFFSET 0.052756 -0.014938 0.015040
					CHANNELS 3 Xrotation Yrotation Zrotation
					JOINT L_UPPER_ARM
					{
						OFFSET 0.000785 -0.016142 0.005074
						CHANNELS 3 Xrotation Yrotation Zrotation
						End Site
						{
							OFFSET 0.051698 -0.005728 0.000000
						}
					}
					JOINT mElbowLeft
					{
						OFFSET 0.121043 -0.034173 -0.012540
						CHANNELS 3 Xrotation Yrotation Zrotation
						JOINT L_LOWER_ARM
						{
							OFFSET -0.015714 0.014031 0.016159
							CHANNELS 3 Xrotation Yrotation Zrotation
							End Site
							{
								OFFSET 0.039924 -0.002492 0.000000
							}
						}
						JOINT mWristLeft
						{
							OFFSET 0.118039 -0.002878 0.001664
							CHANNELS 3 Xrotation Yrotation Zrotation
							JOINT L_HAND
							{
								OFFSET -0.064265 0.016909 0.018495
								CHANNELS 3 Xrotation Yrotation Zrotation
								End Site
								{
									OFFSET 0.018908 -0.001424 0.005365
								}
							}
						}
					}
				}
			}
			JOINT mCollarRight
			{
				OFFSET -0.026570 0.109909 -0.026151
				CHANNELS 3 Xrotation Yrotation Zrotation
				JOINT R_CLAVICLE
				{
					OFFSET -0.002101 -0.027081 0.025864
					CHANNELS 3 Xrotation Yrotation Zrotation
					End Site
					{
						OFFSET -0.040000 0.000000 0.000000
					}
				}
				JOINT mShoulderRight
				{
					OFFSET -0.062622 -0.012925 0.010972
					CHANNELS 3 Xrotation Yrotation Zrotation
					JOINT R_UPPER_ARM
					{
						OFFSET -0.001800 -0.018156 0.009142
						CHANNELS 3 Xrotation Yrotation Zrotation
						End Site
						{
							OFFSET -0.051698 -0.005728 -0.000000
						}
					}
					JOINT mElbowRight
					{
						OFFSET -0.122064 -0.033779 -0.000744
						CHANNELS 3 Xrotation Yrotation Zrotation
						JOINT R_LOWER_ARM
						{
							OFFSET 0.015720 0.011623 0.008431
							CHANNELS 3 Xrotation Yrotation Zrotation
							End Site
							{
								OFFSET -0.039924 -0.002492 0.000000
							}
						}
						JOINT mWristRight
						{
							OFFSET -0.113908 -0.004741 -0.006064
							CHANNELS 3 Xrotation Yrotation Zrotation
							JOINT R_HAND
							{
								OFFSET 0.060140 0.016364 0.018495
								CHANNELS 3 Xrotation Yrotation Zrotation
								End Site
								{
									OFFSET -0.018908 -0.001424 0.005365
								}
							}
						}
					}
				}
			}
		}
	}
	JOINT mGroin
	{
		OFFSET 0.000000 0.053734 0.025600
		CHANNELS 3 Xrotation Yrotation Zrotation
		End Site
		{
			OFFSET 0.000000 -0.026400 0.001600
		}
	}
	JOINT mHindLimbsRoot
	{
		OFFSET 0.000000 0.126136 -0.080000
		CHANNELS 3 Xrotation Yrotation Zrotation
		End Site
		{
			OFFSET 0.000000 0.000000 -0.081600
		}
	}
	JOINT mHipLeft
	{
		OFFSET 0.094951 -0.023688 -0.008780
		CHANNELS 3 Xrotation Yrotation Zrotation
		JOINT L_UPPER_LEG
		{
			OFFSET -0.064245 0.011823 0.014283
			CHANNELS 3 Xrotation Yrotation Zrotation
			End Site
			{
				OFFSET 0.000000 -0.080000 0.000000
			}
		}
		JOINT mKneeLeft
		{
			OFFSET 0.010408 -0.189450 0.019593
			CHANNELS 3 Xrotation Yrotation Zrotation
			JOINT L_LOWER_LEG
			{
				OFFSET -0.073501 0.022549 -0.000157
				CHANNELS 3 Xrotation Yrotation Zrotation
				End Site
				{
					OFFSET 0.000000 -0.060000 -0.004000
				}
			}
			JOINT mAnkleLeft
			{
				OFFSET 0.006652 -0.154170 -0.026605
				CHANNELS 3 Xrotation Yrotation Zrotation
				JOINT L_FOOT
				{
					OFFSET -0.077425 0.056304 0.058865
					CHANNELS 3 Xrotation Yrotation Zrotation
					End Site
					{
						OFFSET 0.000000 -0.016424 0.033253
					}
				}
				JOINT mFootLeft
				{
					OFFSET 0.005285 -0.003894 0.040415
					CHANNELS 3 Xrotation Yrotation Zrotation
					JOINT mToeLeft
					{
						OFFSET 0.000263 0.001121 0.042336
						CHANNELS 3 Xrotation Yrotation Zrotation
						End Site
						{
							OFFSET 0.000000 0.000000 0.012000
						}
					}
				}
			}
		}
	}
	JOINT mHipRight
	{
		OFFSET -0.086924 -0.026225 -0.009132
		CHANNELS 3 Xrotation Yrotation Zrotation
		JOINT R_UPPER_LEG
		{
			OFFSET 0.056218 0.014360 0.014635
			CHANNELS 3 Xrotation Yrotation Zrotation
			End Site
			{
				OFFSET 0.000000 -0.080000 0.000000
			}
		}
		JOINT mKneeRight
		{
			OFFSET -0.013085 -0.186912 0.021242
			CHANNELS 3 Xrotation Yrotation Zrotation
			JOINT R_LOWER_LEG
			{
				OFFSET 0.068151 0.022549 -0.001454
				CHANNELS 3 Xrotation Yrotation Zrotation
				End Site
				{
					OFFSET 0.000000 -0.060000 -0.004000
				}
			}
			JOINT mAnkleRight
			{
				OFFSET -0.005815 -0.154170 -0.027902
				CHANNELS 3 Xrotation Yrotation Zrotation
				JOINT R_FOOT
				{
					OFFSET 0.071238 0.056304 0.058865
					CHANNELS 3 Xrotation Yrotation Zrotation
					End Site
					{
						OFFSET 0.000000 -0.016424 0.033253
					}
				}
				JOINT mFootRight
				{
					OFFSET -0.005285 -0.003894 0.040415
					CHANNELS 3 Xrotation Yrotation Zrotation
					JOINT mToeRight
					{
						OFFSET -0.000263 0.001121 0.042336
						CHANNELS 3 Xrotation Yrotation Zrotation
						End Site
						{
							OFFSET 0.000000 0.000000 0.012000
						}
					}
				}
			}
		}
	}
	JOINT mWing1Right
	{
		OFFSET 0.000000 0.035328 -0.000000
		CHANNELS 3 Xrotation Yrotation Zrotation
		End Site
		{
			OFFSET -0.067600 0.026800 -0.067200
		}
	}
	JOINT mWing1Left
	{
		OFFSET 0.000000 0.035328 -0.000000
		CHANNELS 3 Xrotation Yrotation Zrotation
		End Site
		{
			OFFSET 0.067600 0.026800 -0.067200
		}
	}
	JOINT mWing2Left
	{
		OFFSET 0.000000 0.035328 -0.000000
		CHANNELS 3 Xrotation Yrotation Zrotation
		End Site
		{
			OFFSET 0.073200 -0.000000 -0.072400
		}
	}
	JOINT mWing3Left
	{
		OFFSET 0.000000 0.035328 -0.000000
		CHANNELS 3 Xrotation Yrotation Zrotation
		End Site
		{
			OFFSET 0.069200 -0.000000 -0.068400
		}
	}
	JOINT mWing4Left
	{
		OFFSET 0.000000 0.035328 -0.000000
		CHANNELS 3 Xrotation Yrotation Zrotation
		End Site
		{
			OFFSET 0.052800 -0.000000 -0.058400
		}
	}
	JOINT mWing4FanLeft
	{
		OFFSET 0.000000 0.035328 -0.000000
		CHANNELS 3 Xrotation Yrotation Zrotation
		End Site
		{
			OFFSET 0.024800 -0.063600 -0.027200
		}
	}
	JOINT mWing2Right
	{
		OFFSET 0.000000 0.035328 -0.000000
		CHANNELS 3 Xrotation Yrotation Zrotation
		End Site
		{
			OFFSET -0.073200 -0.000000 -0.072400
		}
	}
	JOINT mWing3Right
	{
		OFFSET 0.000000 0.035328 -0.000000
		CHANNELS 3 Xrotation Yrotation Zrotation
		End Site
		{
			OFFSET -0.069200 -0.000000 -0.068400
		}
	}
	JOINT mWing4Right
	{
		OFFSET 0.000000 0.035328 -0.000000
		CHANNELS 3 Xrotation Yrotation Zrotation
		End Site
		{
			OFFSET -0.052800 -0.000000 -0.058400
		}
	}
	JOINT mWing4FanRight
	{
		OFFSET 0.000000 0.035328 -0.000000
		CHANNELS 3 Xrotation Yrotation Zrotation
		End Site
		{
			OFFSET -0.024800 -0.063600 -0.027200
		}
	}
	JOINT mFaceTongueBase
	{
		OFFSET 0.000000 0.035328 -0.000000
		CHANNELS 3 Xrotation Yrotation Zrotation
		End Site
		{
			OFFSET 0.000000 0.002592 0.008140
		}
	}
	JOINT mFaceTongueTip
	{
		OFFSET 0.000000 0.035328 -0.000000
		CHANNELS 3 Xrotation Yrotation Zrotation
		End Site
		{
			OFFSET 0.000000 -0.000000 0.003700
		}
	}
	JOINT mFaceEar1Left
	{
		OFFSET 0.000000 0.035328 -0.000000
		CHANNELS 3 Xrotation Yrotation Zrotation
		End Site
		{
			OFFSET 0.007200 0.010000 -0.007600
		}
	}
	JOINT mFaceEar2Left
	{
		OFFSET 0.000000 0.035328 -0.000000
		CHANNELS 3 Xrotation Yrotation Zrotation
		End Site
		{
			OFFSET 0.000000 0.013200 0.000000
		}
	}
	JOINT mFaceEar1Right
	{
		OFFSET 0.000000 0.035328 -0.000000
		CHANNELS 3 Xrotation Yrotation Zrotation
		End Site
		{
			OFFSET -0.007200 0.010000 -0.007600
		}
	}
	JOINT mFaceEar2Right
	{
		OFFSET 0.000000 0.035328 -0.000000
		CHANNELS 3 Xrotation Yrotation Zrotation
		End Site
		{
			OFFSET 0.000000 0.013200 0.000000
		}
	}
	JOINT mHandThumb1Left
	{
		OFFSET 0.000000 0.035328 -0.000000
		CHANNELS 3 Xrotation Yrotation Zrotation
		End Site
		{
			OFFSET 0.012800 -0.000400 0.011200
		}
	}
	JOINT mHandThumb2Left
	{
		OFFSET 0.000000 0.035328 -0.000000
		CHANNELS 3 Xrotation Yrotation Zrotation
		End Site
		{
			OFFSET 0.012400 -0.000400 0.009200
		}
	}
	JOINT mHandThumb3Left
	{
		OFFSET 0.000000 0.035328 -0.000000
		CHANNELS 3 Xrotation Yrotation Zrotation
		End Site
		{
			OFFSET 0.010000 -0.000000 0.006000
		}
	}
	JOINT mHandIndex1Left
	{
		OFFSET 0.000000 0.035328 -0.000000
		CHANNELS 3 Xrotation Yrotation Zrotation
		End Site
		{
			OFFSET 0.014400 -0.002400 0.006800
		}
	}
	JOINT mHandIndex2Left
	{
		OFFSET 0.000000 0.035328 -0.000000
		CHANNELS 3 Xrotation Yrotation Zrotation
		End Site
		{
			OFFSET 0.012800 -0.002400 0.005600
		}
	}
	JOINT mHandIndex3Left
	{
		OFFSET 0.000000 0.035328 -0.000000
		CHANNELS 3 Xrotation Yrotation Zrotation
		End Site
		{
			OFFSET 0.010000 -0.001600 0.004400
		}
	}
	JOINT mHandMiddle1Left
	{
		OFFSET 0.000000 0.035328 -0.000000
		CHANNELS 3 Xrotation Yrotation Zrotation
		End Site
		{
			OFFSET 0.016000 -0.002400 -0.000400
		}
	}
	JOINT mHandMiddle2Left
	{
		OFFSET 0.000000 0.035328 -0.000000
		CHANNELS 3 Xrotation Yrotation Zrotation
		End Site
		{
			OFFSET 0.019600 -0.003200 -0.000400
		}
	}
	JOINT mHandMiddle3Left
	{
		OFFSET 0.000000 0.035328 -0.000000
		CHANNELS 3 Xrotation Yrotation Zrotation
		End Site
		{
			OFFSET 0.013200 -0.002400 -0.000800
		}
	}
	JOINT mHandRing1Left
	{
		OFFSET 0.000000 0.035328 -0.000000
		CHANNELS 3 Xrotation Yrotation Zrotation
		End Site
		{
			OFFSET 0.015200 -0.003200 -0.005200
		}
	}
	JOINT mHandRing2Left
	{
		OFFSET 0.000000 0.035328 -0.000000
		CHANNELS 3 Xrotation Yrotation Zrotation
		End Site
		{
			OFFSET 0.016000 -0.003600 -0.005200
		}
	}
	JOINT mHandRing3Left
	{
		OFFSET 0.000000 0.035328 -0.000000
		CHANNELS 3 Xrotation Yrotation Zrotation
		End Site
		{
			OFFSET 0.011200 -0.002400 -0.004000
		}
	}
	JOINT mHandPinky1Left
	{
		OFFSET 0.000000 0.035328 -0.000000
		CHANNELS 3 Xrotation Yrotation Zrotation
		End Site
		{
			OFFSET 0.010000 -0.002400 -0.009600
		}
	}
	JOINT mHandPinky2Left
	{
		OFFSET 0.000000 0.035328 -0.000000
		CHANNELS 3 Xrotation Yrotation Zrotation
		End Site
		{
			OFFSET 0.007200 -0.001600 -0.006000
		}
	}
	JOINT mHandPinky3Left
	{
		OFFSET 0.000000 0.035328 -0.000000
		CHANNELS 3 Xrotation Yrotation Zrotation
		End Site
		{
			OFFSET 0.006400 -0.001600 -0.005200
		}
	}
	JOINT mHandThumb1Right
	{
		OFFSET 0.000000 0.035328 -0.000000
		CHANNELS 3 Xrotation Yrotation Zrotation
		End Site
		{
			OFFSET -0.012800 -0.000400 0.011200
		}
	}
	JOINT mHandThumb2Right
	{
		OFFSET 0.000000 0.035328 -0.000000
		CHANNELS 3 Xrotation Yrotation Zrotation
		JOINT mHandThumb3Right
		{
			OFFSET -0.012400 -0.000400 0.009200
			CHANNELS 3 Xrotation Yrotation Zrotation
			End Site
			{
				OFFSET -0.010000 0.000000 0.006000
			}
		}
	}
	JOINT mHandIndex1Right
	{
		OFFSET 0.000000 0.035328 -0.000000
		CHANNELS 3 Xrotation Yrotation Zrotation
		End Site
		{
			OFFSET -0.014400 -0.002400 0.006800
		}
	}
	JOINT mHandIndex2Right
	{
		OFFSET 0.000000 0.035328 -0.000000
		CHANNELS 3 Xrotation Yrotation Zrotation
		End Site
		{
			OFFSET -0.012800 -0.002400 0.005600
		}
	}
	JOINT mHandIndex3Right
	{
		OFFSET 0.000000 0.035328 -0.000000
		CHANNELS 3 Xrotation Yrotation Zrotation
		End Site
		{
			OFFSET -0.010000 -0.001600 0.004400
		}
	}
	JOINT mHandMiddle1Right
	{
		OFFSET 0.000000 0.035328 -0.000000
		CHANNELS 3 Xrotation Yrotation Zrotation
		End Site
		{
			OFFSET -0.016000 -0.002400 -0.000400
		}
	}
	JOINT mHandMiddle2Right
	{
		OFFSET 0.000000 0.035328 -0.000000
		CHANNELS 3 Xrotation Yrotation Zrotation
		End Site
		{
			OFFSET -0.019600 -0.003200 -0.000400
		}
	}
	JOINT mHandMiddle3Right
	{
		OFFSET 0.000000 0.035328 -0.000000
		CHANNELS 3 Xrotation Yrotation Zrotation
		End Site
		{
			OFFSET -0.013200 -0.002400 -0.000800
		}
	}
	JOINT mHandRing1Right
	{
		OFFSET 0.000000 0.035328 -0.000000
		CHANNELS 3 Xrotation Yrotation Zrotation
		End Site
		{
			OFFSET -0.015200 -0.003200 -0.005200
		}
	}
	JOINT mHandRing2Right
	{
		OFFSET 0.000000 0.035328 -0.000000
		CHANNELS 3 Xrotation Yrotation Zrotation
		End Site
		{
			OFFSET -0.016000 -0.003600 -0.005200
		}
	}
	JOINT mHandRing3Right
	{
		OFFSET 0.000000 0.035328 -0.000000
		CHANNELS 3 Xrotation Yrotation Zrotation
		End Site
		{
			OFFSET -0.011200 -0.002400 -0.004000
		}
	}
	JOINT mHandPinky1Right
	{
		OFFSET 0.000000 0.035328 -0.000000
		CHANNELS 3 Xrotation Yrotation Zrotation
		End Site
		{
			OFFSET -0.010000 -0.002400 -0.009600
		}
	}
	JOINT mHandPinky2Right
	{
		OFFSET 0.000000 0.035328 -0.000000
		CHANNELS 3 Xrotation Yrotation Zrotation
		End Site
		{
			OFFSET -0.007200 -0.001600 -0.006000
		}
	}
	JOINT mHandPinky3Right
	{
		OFFSET 0.000000 0.035328 -0.000000
		CHANNELS 3 Xrotation Yrotation Zrotation
		End Site
		{
			OFFSET -0.006400 -0.001600 -0.005200
		}
	}
	JOINT mHindLimb1Left
	{
		OFFSET 0.000000 0.035328 -0.000000
		CHANNELS 3 Xrotation Yrotation Zrotation
		End Site
		{
			OFFSET -0.018400 -0.196402 0.000800
		}
	}
	JOINT mHindLimb2Left
	{
		OFFSET 0.000000 0.035328 -0.000000
		CHANNELS 3 Xrotation Yrotation Zrotation
		End Site
		{
			OFFSET -0.001200 -0.187200 -0.012000
		}
	}
	JOINT mHindLimb3Left
	{
		OFFSET 0.000000 0.035328 -0.000000
		CHANNELS 3 Xrotation Yrotation Zrotation
		End Site
		{
			OFFSET 0.000000 -0.024400 0.044800
		}
	}
	JOINT mHindLimb4Left
	{
		OFFSET 0.000000 0.035328 -0.000000
		CHANNELS 3 Xrotation Yrotation Zrotation
		End Site
		{
			OFFSET 0.003200 -0.000000 0.042000
		}
	}
	JOINT mHindLimb1Right
	{
		OFFSET 0.000000 0.035328 -0.000000
		CHANNELS 3 Xrotation Yrotation Zrotation
		End Site
		{
			OFFSET 0.018400 -0.196402 0.000800
		}
	}
	JOINT mHindLimb2Right
	{
		OFFSET 0.000000 0.035328 -0.000000
		CHANNELS 3 Xrotation Yrotation Zrotation
		End Site
		{
			OFFSET 0.001200 -0.187200 -0.012000
		}
	}
	JOINT mHindLimb3Right
	{
		OFFSET 0.000000 0.035328 -0.000000
		CHANNELS 3 Xrotation Yrotation Zrotation
		End Site
		{
			OFFSET 0.000000 -0.024400 0.044800
		}
	}
	JOINT mHindLimb4Right
	{
		OFFSET 0.000000 0.035328 -0.000000
		CHANNELS 3 Xrotation Yrotation Zrotation
		End Site
		{
			OFFSET -0.003200 -0.000000 0.042000
		}
	}
	JOINT mTail1
	{
		OFFSET 0.000000 0.035328 -0.000000
		CHANNELS 3 Xrotation Yrotation Zrotation
		End Site
		{
			OFFSET 0.000000 -0.000000 -0.078800
		}
	}
	JOINT mTail2
	{
		OFFSET 0.000000 0.035328 -0.000000
		CHANNELS 3 Xrotation Yrotation Zrotation
		End Site
		{
			OFFSET 0.000000 -0.000000 -0.067200
		}
	}
	JOINT mTail3
	{
		OFFSET 0.000000 0.035328 -0.000000
		CHANNELS 3 Xrotation Yrotation Zrotation
		End Site
		{
			OFFSET 0.000000 -0.000000 -0.056800
		}
	}
	JOINT mTail4
	{
		OFFSET 0.000000 0.035328 -0.000000
		CHANNELS 3 Xrotation Yrotation Zrotation
		End Site
		{
			OFFSET 0.000000 -0.000000 -0.044800
		}
	}
	JOINT mTail5
	{
		OFFSET 0.000000 0.035328 -0.000000
		CHANNELS 3 Xrotation Yrotation Zrotation
		End Site
		{
			OFFSET 0.000000 -0.000000 -0.037600
		}
	}
	JOINT mTail6
	{
		OFFSET 0.000000 0.035328 -0.000000
		CHANNELS 3 Xrotation Yrotation Zrotation
		End Site
		{
			OFFSET 0.000000 -0.000000 -0.035600
		}
	}
}
MOTION
Frames: 41
Frame Time: 0.041667
0.400927 0.341507 0.203168 -0.000000 0.000000 -0.000000 -0.000000 0.000000 -0.000000 -0.000000 0.000000 -0.000000 -0.000000 0.000000 0.000000 -0.000000 0.000000 0.000000 -0.005302 -0.132296 -4.589840 -0.000000 -0.000000 -0.000000 -0.000002 -0.000000 0.000000 -0.000000 -0.000000 0.000000 -0.000000 -0.000000 0.000000 0.000000 -0.000000 0.000000 -0.000000 -0.000000 -0.000000 -0.000000 0.000000 0.000000 -0.000000 0.000000 0.000001 -0.000000 0.000000 0.000000 -0.000001 -0.000000 0.000001 -0.000001 -0.000000 0.000001 -0.000000 0.000000 0.000001 -0.000000 0.000000 0.000000 0.000000 -0.000000 0.000000 -0.012513 0.203019 7.053738 0.000000 -0.000000 -0.000000 0.000000 -0.000000 -0.000000 -0.000000 -0.000000 0.000000 -0.000000 -0.000000 -0.000000 -0.000000 0.000000 0.000000 -0.000000 -0.000000 -0.000000 -0.000000 -0.000000 -0.000000 -0.000002 0.000002 0.000003 0.000000 0.000002 -0.000000 -0.000000 -0.000000 -0.000000 -0.000000 -0.000000 -0.000000 -0.000000 -0.000000 -0.000000 -0.000001 -0.000000 0.000000 -0.000000 0.000000 -0.000000 0.000000 0.000002 0.000000 0.000000 0.000001 0.000000 0.000000 -0.000000 0.000000 -0.000002 0.000001 0.000005 0.000000 -0.000002 -0.000000 -0.000000 -0.000000 -0.000000 -0.000000 -0.000000 -0.000000 -0.000000 -0.000000 -0.000000 -0.000000 0.000000 0.000000 -0.000000 -0.000001 -0.000000 0.000000 0.000000 0.000000 -0.000000 -0.000000 -0.000000 -0.000002 -0.000000 -0.000000 -0.000003 0.000000 -0.000000 -0.000000 0.000000 -0.000000 0.000001 -0.000001 0.000001 0.000000 0.000002 -0.000000 -0.000000 -0.000000 -0.000000 -0.000000 -0.000000 -0.000000 -0.000000 -0.000000 -0.000000 0.000000 -0.000000 0.000000 -0.000000 -0.000005 0.000000 0.000000 0.000002 0.000000 0.000000 0.000002 0.000000 -0.000000 -0.000000 -0.000000 -0.000000 -0.000000 -0.000000 -0.000001 -0.000000 0.000000 -0.000000 0.000000 -0.000000 0.000000 -0.000000 0.000000 0.000000 -0.000000 0.000000 0.000001 -0.000002 -0.000002 0.000001 -0.000000 -0.000002 -19.368808 2.550101 -56.915106 -0.000003 -0.000001 0.000001 -0.000001 0.000002 -0.000002 0.000002 -0.000000 0.000002 0.000002 -0.000002 0.000002 0.000001 -0.000000 0.000001 -0.000001 0.000002 5.247693 0.000001 -0.000000 -0.000001 -21.635336 13.519431 47.420146 0.000001 -0.000002 0.000000 -0.000001 0.000000 -0.000002 -0.000000 -0.000001 0.000005 -0.000001 -0.000001 -0.000000 -0.000001 -0.000001 0.000001 0.000000 0.000000 -0.000000 -0.000000 0.000000 -0.000000 6.210054 2.290756 1.180201 -0.000001 0.000000 0.000000 -15.349257 -0.896873 0.537036 0.000000 0.000000 -0.000001 11.928178 0.520977 -1.582703 -0.000002 0.000001 -0.000000 0.000001 0.000000 0.000004 0.000000 0.000000 0.000001 -0.406479 1.660755 14.062991 0.000000 0.000001 0.000002 -3.605592 0.210985 -1.400078 0.000001 -0.000000 -0.000000 -1.304662 1.061572 -2.219898 -0.000000 0.000001 0.000001 14.652800 0.112180 0.059648 0.000000 0.000000 -0.000000 27.033708 -2.656986 -24.906543 27.161074 3.106031 24.968025 29.192710 4.941874 28.276527 30.251321 5.426698 29.251313 36.414091 7.685424 30.877841 46.161690 16.745657 37.980780 28.983935 -4.543076 -28.301679 30.051026 -5.024190 -29.292895 36.242148 -7.272905 -31.017221 46.121173 -16.854605 -37.759014 -65.309668 0.474954 -0.346336 -91.632349 1.077330 -0.072696 34.343550 6.426504 28.706926 4.749600 -0.031794 -0.032815 34.351251 -6.290516 -28.768415 4.749600 -0.031794 -0.032815 -42.660539 -27.091766 52.991982 -37.083549 -26.861283 59.784113 -32.243629 -29.333234 63.920476 -23.842013 -25.370748 76.237130 -21.839274 -24.997145 80.500179 -22.479099 -26.216614 80.954503 5.768303 -2.493135 89.532790 5.351868 -3.310341 87.012847 7.852002 0.473619 93.403937 23.900881 15.046403 86.902696 22.868834 14.125869 87.504497 25.674218 20.509617 88.242445 57.215754 29.863038 60.645878 52.757126 31.195561 67.393640 54.647551 34.406695 65.893963 -42.652790 27.028853 -53.118009 -37.075226 26.838327 -59.915034 -0.000007 0.000002 0.000000 -23.858763 25.411647 -76.321818 -21.838169 25.099323 -80.634106 -22.014094 25.467687 -81.950590 5.736328 2.816501 -89.640352 5.320731 3.602574 -87.068922 7.795972 0.053453 -93.646347 23.802647 -14.554071 -87.196142 22.782472 -13.646665 -87.767063 24.949902 -17.925422 -89.719869 56.663400 -29.370975 -61.721749 52.656237 -31.975998 -67.688145 54.138938 -35.482150 -66.835546 7.775823 -0.922022 -2.522669 10.232830 -0.056912 0.164386 -67.326869 0.024196 0.084995 -56.443314 -2.366666 3.408852 7.788771 0.986136 3.296634 10.234065 0.086170 0.601377 -67.326903 0.024195 0.084996 -56.435971 2.287591 -3.515892 51.129550 0.160410 -0.189028 55.802926 0.158575 -0.188595 60.687078 0.155537 -0.220951 67.254742 0.149208 -0.302390 71.709466 0.142392 -0.336489 73.015371 0.139876 -0.394914 
0.402173 0.341507 0.203168 -0.000000 0.000000 -0.000000 -0.000000 0.000000 -0.000000 -0.000000 0.000000 -0.000000 -0.000000 0.000000 0.000000 -0.000000 0.000000 0.000000 0.007313 -0.128536 -4.420055 -0.000000 0.000000 -0.000000 -0.000002 0.000000 0.000000 -0.000000 0.000000 0.000000 -0.000000 0.000000 0.000000 -0.000000 0.000000 -0.000000 -0.000001 -0.000000 -0.000000 -0.005705 0.000505 -0.000015 -0.000000 -0.000000 0.000000 -0.000003 -0.000000 0.000000 -0.000001 -0.000000 0.000000 -0.000001 -0.000000 0.000000 -0.000000 -0.000000 -0.000000 -0.000000 0.000000 -0.000000 0.000000 -0.000000 -0.000000 -0.011688 0.193380 6.773855 0.000000 -0.000000 0.000000 0.000000 -0.000000 0.000000 0.000000 -0.000000 0.000000 0.000000 -0.000000 0.000000 -0.000002 0.000000 0.000000 0.000000 -0.000000 0.000000 0.000000 -0.000000 0.000000 -0.000002 0.000000 -0.000000 0.000000 0.000002 -0.000000 0.000000 -0.000000 0.000000 0.000000 -0.000000 0.000000 0.000000 -0.000000 0.000000 0.000001 -0.000000 -0.000000 -0.000000 -0.000000 0.000000 0.000000 -0.000000 0.000000 -0.000000 -0.000000 0.000000 -0.000000 -0.000000 0.000000 0.000001 -0.000000 0.000003 0.000000 0.000000 -0.000000 0.000000 -0.000000 0.000000 0.000000 -0.000000 0.000000 0.000000 -0.000000 0.000000 0.000000 0.000002 0.000000 0.000000 -0.000001 -0.000000 0.000000 0.000002 0.000000 -0.000000 0.000000 0.000000 -0.000002 0.000000 0.000000 0.000001 -0.000000 0.000000 -0.000000 -0.000000 0.000000 0.000002 -0.000002 0.000001 0.000000 0.000003 -0.000002 0.000000 -0.000000 0.000000 0.000000 -0.000000 0.000000 -0.000000 0.000000 0.000000 -0.000000 0.000002 0.000000 0.000000 -0.000000 -0.000000 0.000000 0.000000 0.000000 -0.000000 -0.000002 0.000000 0.000000 -0.000000 0.000000 0.000000 -0.000000 0.000000 0.000001 -0.000000 -0.000000 -0.000000 -0.000000 0.000000 0.000000 -0.000000 0.000000 0.000000 -0.000000 0.000000 0.000002 0.000003 0.000002 0.000003 0.000000 0.000002 -19.372756 2.521854 -56.824814 -0.000002 0.000001 -0.000001 -0.000002 0.000000 0.000002 -0.000000 0.000000 0.000001 0.000001 -0.000000 -0.000000 0.000000 0.000002 0.000001 0.000000 0.000004 5.247693 0.000001 -0.000001 -0.000000 -21.680503 13.450921 47.617077 0.000000 0.000001 0.000002 -0.000000 0.000003 0.000002 0.000002 0.000000 -0.000002 0.000001 -0.000002 -0.000004 -0.000001 0.000004 -0.000001 0.000000 0.000000 -0.000000 -0.000000 0.000000 -0.000000 6.219478 2.257972 0.942761 0.000000 -0.000000 -0.000000 -15.349255 -0.896872 0.537035 0.000000 -0.000000 0.000000 11.928180 0.520977 -1.582705 -0.000002 0.000001 -0.000000 0.000000 -0.000000 0.000000 0.000000 0.000000 0.000002 -0.396562 1.653267 13.719983 0.000000 0.000000 0.000001 -3.605591 0.210985 -1.400077 0.000000 -0.000000 -0.000000 -1.304661 1.061573 -2.219896 -0.000002 0.000000 0.000001 14.652800 0.112180 0.059648 -0.000002 0.000000 0.000003 27.033708 -2.656986 -24.906543 27.161074 3.106031 24.968025 29.192710 4.941874 28.276527 30.251321 5.426698 29.251313 36.414091 7.685424 30.877841 46.161690 16.745657 37.980780 28.983935 -4.543076 -28.301679 30.051026 -5.024190 -29.292895 36.242148 -7.272905 -31.017221 46.121173 -16.854605 -37.759014 -65.309668 0.474954 -0.346336 -91.632349 1.077330 -0.072696 34.343550 6.426504 28.706926 4.749600 -0.031794 -0.032815 34.351251 -6.290516 -28.768415 4.749600 -0.031794 -0.032815 -42.660539 -27.091766 52.991982 -37.083549 -26.861283 59.784113 -32.243629 -29.333234 63.920476 -23.842013 -25.370748 76.237130 -21.839274 -24.997145 80.500179 -22.479099 -26.216614 80.954503 5.768303 -2.493135 89.532790 5.351868 -3.310341 87.012847 7.852002 0.473619 93.403937 23.900881 15.046403 86.902696 22.868834 14.125869 87.504497 25.674218 20.509617 88.242445 57.215754 29.863038 60.645878 52.757126 31.195561 67.393640 54.647551 34.406695 65.893963 -42.652790 27.028853 -53.118009 -37.075226 26.838327 -59.915034 -0.000007 0.000002 0.000000 -23.858763 25.411647 -76.321818 -21.838169 25.099323 -80.634106 -22.014094 25.467687 -81.950590 5.736328 2.816501 -89.640352 5.320731 3.602574 -87.068922 7.795972 0.053453 -93.646347 23.802647 -14.554071 -87.196142 22.782472 -13.646665 -87.767063 24.949902 -17.925422 -89.719869 56.663400 -29.370975 -61.721749 52.656237 -31.975998 -67.688145 54.138938 -35.482150 -66.835546 7.775823 -0.922022 -2.522669 10.232830 -0.056912 0.164386 -67.326869 0.024196 0.084995 -56.443314 -2.366666 3.408852 7.788771 0.986136 3.296634 10.234065 0.086170 0.601377 -67.326903 0.024195 0.084996 -56.435971 2.287591 -3.515892 51.129550 0.160410 -0.189028 55.802926 0.158575 -0.188595 60.687078 0.155537 -0.220951 67.254742 0.149208 -0.302390 71.709466 0.142392 -0.336489 73.015371 0.139876 -0.394914 
0.405616 0.341507 0.203168 -0.000000 0.000000 -0.000000 -0.000000 0.000000 -0.000000 -0.000000 0.000000 -0.000000 -0.000000 0.000000 0.000000 -0.000000 0.000000 0.000000 0.042137 -0.117944 -3.950561 0.000000 0.000000 0.000000 0.000000 -0.000000 0.000000 -0.000000 0.000000 0.000000 -0.000000 0.000000 0.000000 0.000000 -0.000000 0.000000 -0.000000 -0.000000 -0.000000 -0.021477 0.001901 -0.000054 -0.000000 -0.000000 0.000000 -0.000000 -0.000000 0.000000 -0.000002 -0.000000 -0.000000 -0.000002 -0.000000 -0.000000 -0.000000 0.000000 0.000000 -0.000000 -0.000000 -0.000000 0.000000 0.000000 0.000000 -0.009652 0.166696 5.999643 -0.000000 -0.000000 0.000000 -0.000000 -0.000000 0.000000 -0.000000 -0.000000 0.000000 0.000000 -0.000000 -0.000000 -0.000000 0.000000 -0.000000 0.000000 -0.000000 -0.000000 0.000000 -0.000000 -0.000000 -0.000003 0.000002 0.000004 0.000000 -0.000000 -0.000000 0.000000 -0.000000 -0.000000 0.000000 -0.000000 -0.000000 0.000000 -0.000000 -0.000000 0.000000 0.000000 0.000000 -0.000002 0.000000 -0.000000 0.000000 0.000002 -0.000000 0.000000 0.000001 -0.000000 0.000000 -0.000000 0.000000 -0.000002 -0.000002 0.000002 0.000000 0.000002 -0.000000 0.000000 -0.000000 -0.000000 0.000000 -0.000000 -0.000000 0.000000 -0.000000 -0.000000 0.000000 -0.000003 0.000000 -0.000000 -0.000002 -0.000000 -0.000000 0.000000 0.000000 0.000002 0.000000 0.000000 0.000002 0.000000 -0.000000 0.000005 0.000000 0.000000 -0.000000 0.000000 -0.000000 -0.000000 0.000000 -0.000004 -0.000000 0.000000 -0.000002 0.000000 -0.000000 -0.000000 0.000000 -0.000000 -0.000000 -0.000000 0.000000 0.000000 0.000000 0.000005 -0.000000 -0.000000 -0.000000 -0.000000 0.000000 0.000002 -0.000000 0.000000 0.000002 0.000000 0.000000 -0.000000 -0.000000 0.000000 -0.000000 -0.000000 0.000000 0.000000 0.000000 -0.000002 0.000000 -0.000000 -0.000000 -0.000000 0.000000 -0.000000 -0.000000 0.000000 0.000005 -0.000001 0.000001 0.000001 0.000000 -0.000001 -19.383433 2.443734 -56.575205 -0.000002 0.000003 -0.000001 -0.000002 0.000002 -0.000003 -0.000000 -0.000000 0.000001 -0.000002 -0.000000 0.000002 -0.000001 -0.000002 -0.000001 0.000001 0.000001 5.247692 0.000000 0.000001 0.000001 -21.804115 13.260678 48.161122 -0.000000 -0.000002 -0.000002 -0.000001 -0.000000 -0.000001 0.000001 -0.000000 -0.000002 0.000003 -0.000001 -0.000002 0.000000 0.000000 -0.000000 0.000000 0.000000 -0.000000 -0.000000 0.000000 -0.000000 6.244833 2.167097 0.286105 0.000000 0.000000 -0.000000 -15.349257 -0.896873 0.537035 0.000001 -0.000000 -0.000000 11.928180 0.520977 -1.582705 -0.000002 0.000001 -0.000002 -0.000001 0.000000 -0.000001 0.000000 0.000000 0.000001 -0.369357 1.632238 12.770919 0.000000 -0.000001 -0.000000 -3.605591 0.210984 -1.400077 0.000000 -0.000000 0.000001 -1.304661 1.061572 -2.219894 0.000002 0.000001 -0.000001 14.652801 0.112179 0.059645 -0.000000 0.000000 0.000001 27.033708 -2.656986 -24.906543 27.161074 3.106031 24.968025 29.192710 4.941874 28.276527 30.251321 5.426698 29.251313 36.414091 7.685424 30.877841 46.161690 16.745657 37.980780 28.983935 -4.543076 -28.301679 30.051026 -5.024190 -29.292895 36.242148 -7.272905 -31.017221 46.121173 -16.854605 -37.759014 -65.309668 0.474954 -0.346336 -91.632349 1.077330 -0.072696 34.343550 6.426504 28.706926 4.749600 -0.031794 -0.032815 34.351251 -6.290516 -28.768415 4.749600 -0.031794 -0.032815 -42.660539 -27.091766 52.991982 -37.083549 -26.861283 59.784113 -32.243629 -29.333234 63.920476 -23.842013 -25.370748 76.237130 -21.839274 -24.997145 80.500179 -22.479099 -26.216614 80.954503 5.768303 -2.493135 89.532790 5.351868 -3.310341 87.012847 7.852002 0.473619 93.403937 23.900881 15.046403 86.902696 22.868834 14.125869 87.504497 25.674218 20.509617 88.242445 57.215754 29.863038 60.645878 52.757126 31.195561 67.393640 54.647551 34.406695 65.893963 -42.652790 27.028853 -53.118009 -37.075226 26.838327 -59.915034 -0.000007 0.000002 0.000000 -23.858763 25.411647 -76.321818 -21.838169 25.099323 -80.634106 -22.014094 25.467687 -81.950590 5.736328 2.816501 -89.640352 5.320731 3.602574 -87.068922 7.795972 0.053453 -93.646347 23.802647 -14.554071 -87.196142 22.782472 -13.646665 -87.767063 24.949902 -17.925422 -89.719869 56.663400 -29.370975 -61.721749 52.656237 -31.975998 -67.688145 54.138938 -35.482150 -66.835546 7.775823 -0.922022 -2.522669 10.232830 -0.056912 0.164386 -67.326869 0.024196 0.084995 -56.443314 -2.366666 3.408852 7.788771 0.986136 3.296634 10.234065 0.086170 0.601377 -67.326903 0.024195 0.084996 -56.435971 2.287591 -3.515892 51.129550 0.160410 -0.189028 55.802926 0.158575 -0.188595 60.687078 0.155537 -0.220951 67.254742 0.149208 -0.302390 71.709466 0.142392 -0.336489 73.015371 0.139876 -0.394914 
0.410819 0.341507 0.203168 -0.000000 0.000000 -0.000000 -0.000000 0.000000 -0.000000 -0.000000 0.000000 -0.000000 -0.000000 0.000000 0.000000 -0.000000 0.000000 0.000000 0.094592 -0.101396 -3.241108 -0.000000 0.000000 0.000000 0.000000 -0.000000 0.000000 -0.000000 0.000000 0.000000 -0.000000 0.000000 0.000000 -0.000000 0.000000 0.000000 -0.000000 -0.000000 -0.000000 -0.045303 0.004010 -0.000114 -0.000000 -0.000000 0.000000 -0.000000 0.000000 0.000000 -0.000001 -0.000000 0.000000 -0.000001 -0.000000 0.000000 -0.000000 -0.000000 0.000000 -0.000000 -0.000000 0.000000 0.000000 0.000000 -0.000000 -0.007260 0.126306 4.829060 -0.000000 0.000000 -0.000000 -0.000000 0.000000 -0.000000 -0.000000 0.000000 -0.000000 0.000000 -0.000000 -0.000000 0.000002 -0.000000 -0.000000 0.000000 0.000000 -0.000000 0.000000 -0.000000 -0.000000 -0.000001 0.000003 0.000003 0.000000 0.000002 0.000000 0.000000 0.000000 -0.000000 0.000000 0.000000 -0.000000 0.000000 0.000000 -0.000000 0.000000 0.000000 -0.000000 -0.000000 -0.000000 -0.000000 -0.000000 -0.000000 -0.000000 0.000000 -0.000000 -0.000000 -0.000000 -0.000000 -0.000000 -0.000004 0.000000 0.000003 -0.000000 0.000000 0.000000 0.000000 0.000000 -0.000000 0.000000 0.000000 -0.000000 0.000000 0.000000 -0.000000 -0.000000 -0.000002 0.000000 -0.000000 -0.000001 -0.000000 0.000000 0.000002 -0.000000 -0.000000 0.000000 -0.000000 0.000002 0.000000 0.000000 0.000002 0.000000 0.000000 -0.000000 -0.000000 0.000000 0.000003 0.000000 -0.000004 0.000003 0.000002 -0.000000 0.000000 0.000000 -0.000000 0.000000 -0.000000 -0.000000 0.000000 -0.000000 0.000000 0.000000 0.000002 0.000000 -0.000000 -0.000003 0.000000 0.000000 0.000000 0.000000 -0.000000 0.000000 0.000000 0.000000 0.000000 -0.000000 0.000000 0.000000 -0.000000 0.000000 0.000000 -0.000000 -0.000000 -0.000000 -0.000000 -0.000000 0.000000 -0.000000 -0.000000 0.000000 -0.000000 0.000003 0.000000 0.000002 0.000000 -0.000001 -0.000001 -19.398927 2.325624 -56.198137 -0.000001 0.000001 -0.000000 0.000000 0.000001 0.000001 0.000002 0.000001 -0.000003 0.000001 -0.000002 -0.000002 0.000000 -0.000000 0.000001 0.000001 0.000002 5.247693 0.000000 0.000000 0.000001 -21.987207 12.971009 48.981742 0.000002 -0.000002 0.000002 0.000001 -0.000001 -0.000001 0.000003 0.000001 -0.000001 0.000002 0.000001 -0.000002 -0.000002 0.000002 0.000001 0.000000 0.000000 -0.000000 -0.000000 0.000000 -0.000000 6.281175 2.029192 -0.706354 -0.000001 0.000000 0.000000 -15.349255 -0.896873 0.537035 0.000000 -0.000000 -0.000000 11.928181 0.520977 -1.582703 0.000002 0.000000 -0.000001 -0.000001 -0.000001 -0.000001 0.000000 -0.000000 0.000002 -0.328878 1.599579 11.335357 0.000001 0.000000 0.000000 -3.605592 0.210985 -1.400079 0.000000 -0.000001 -0.000000 -1.304662 1.061572 -2.219899 0.000002 -0.000001 0.000001 14.652800 0.112177 0.059645 -0.000000 0.000001 -0.000000 27.033708 -2.656986 -24.906543 27.161074 3.106031 24.968025 29.192710 4.941874 28.276527 30.251321 5.426698 29.251313 36.414091 7.685424 30.877841 46.161690 16.745657 37.980780 28.983935 -4.543076 -28.301679 30.051026 -5.024190 -29.292895 36.242148 -7.272905 -31.017221 46.121173 -16.854605 -37.759014 -65.309668 0.474954 -0.346336 -91.632349 1.077330 -0.072696 34.343550 6.426504 28.706926 4.749600 -0.031794 -0.032815 34.351251 -6.290516 -28.768415 4.749600 -0.031794 -0.032815 -42.660539 -27.091766 52.991982 -37.083549 -26.861283 59.784113 -32.243629 -29.333234 63.920476 -23.842013 -25.370748 76.237130 -21.839274 -24.997145 80.500179 -22.479099 -26.216614 80.954503 5.768303 -2.493135 89.532790 5.351868 -3.310341 87.012847 7.852002 0.473619 93.403937 23.900881 15.046403 86.902696 22.868834 14.125869 87.504497 25.674218 20.509617 88.242445 57.215754 29.863038 60.645878 52.757126 31.195561 67.393640 54.647551 34.406695 65.893963 -42.652790 27.028853 -53.118009 -37.075226 26.838327 -59.915034 -0.000007 0.000002 0.000000 -23.858763 25.411647 -76.321818 -21.838169 25.099323 -80.634106 -22.014094 25.467687 -81.950590 5.736328 2.816501 -89.640352 5.320731 3.602574 -87.068922 7.795972 0.053453 -93.646347 23.802647 -14.554071 -87.196142 22.782472 -13.646665 -87.767063 24.949902 -17.925422 -89.719869 56.663400 -29.370975 -61.721749 52.656237 -31.975998 -67.688145 54.138938 -35.482150 -66.835546 7.775823 -0.922022 -2.522669 10.232830 -0.056912 0.164386 -67.326869 0.024196 0.084995 -56.443314 -2.366666 3.408852 7.788771 0.986136 3.296634 10.234065 0.086170 0.601377 -67.326903 0.024195 0.084996 -56.435971 2.287591 -3.515892 51.129550 0.160410 -0.189028 55.802926 0.158575 -0.188595 60.687078 0.155537 -0.220951 67.254742 0.149208 -0.302390 71.709466 0.142392 -0.336489 73.015371 0.139876 -0.394914 
0.417339 0.341507 0.203168 -0.000000 0.000000 -0.000000 -0.000000 0.000000 -0.000000 -0.000000 0.000000 -0.000000 -0.000000 0.000000 0.000000 -0.000000 0.000000 0.000000 0.160074 -0.079731 -2.351499 -0.000000 -0.000000 -0.000000 -0.000002 0.000000 0.000000 -0.000000 0.000000 -0.000000 -0.000000 0.000000 -0.000000 -0.000001 0.000000 0.000000 -0.000000 0.000000 0.000000 -0.075170 0.006653 -0.000188 0.000000 -0.000000 -0.000000 -0.000003 -0.000000 -0.000000 -0.000000 -0.000000 -0.000000 -0.000000 -0.000000 -0.000000 -0.000000 -0.000000 -0.000000 0.000000 -0.000000 0.000000 0.000000 0.000000 0.000000 -0.005426 0.075572 3.360295 0.000000 -0.000000 -0.000000 0.000000 0.000000 -0.000000 0.000000 -0.000000 -0.000000 0.000000 0.000000 -0.000000 -0.000002 0.000000 -0.000000 0.000000 0.000000 -0.000000 0.000000 0.000000 -0.000000 -0.000000 0.000002 0.000001 -0.000000 -0.000003 -0.000000 0.000000 0.000000 -0.000000 0.000000 0.000000 -0.000000 0.000000 0.000000 -0.000000 -0.000001 0.000000 0.000000 -0.000000 -0.000000 0.000000 -0.000000 -0.000002 -0.000000 -0.000000 -0.000000 -0.000000 0.000000 -0.000000 -0.000000 -0.000007 0.000000 0.000005 -0.000000 0.000000 -0.000000 0.000000 0.000000 -0.000000 0.000000 0.000000 -0.000000 0.000000 0.000000 -0.000000 -0.000000 0.000002 -0.000000 -0.000000 -0.000001 -0.000000 -0.000000 0.000000 -0.000000 -0.000000 0.000000 -0.000000 -0.000000 0.000000 0.000000 -0.000001 -0.000000 0.000000 -0.000000 -0.000000 -0.000000 0.000000 -0.000000 -0.000003 0.000002 0.000004 -0.000002 0.000000 0.000000 -0.000000 0.000000 0.000000 -0.000000 0.000000 -0.000000 0.000000 0.000000 -0.000000 -0.000000 -0.000000 -0.000002 -0.000000 0.000000 0.000000 -0.000000 0.000000 0.000000 -0.000000 0.000000 0.000000 -0.000000 0.000000 0.000000 -0.000000 -0.000001 0.000000 0.000000 -0.000000 -0.000000 0.000000 0.000000 -0.000000 -0.000000 0.000000 -0.000000 -0.000000 0.000003 -0.000001 -0.000000 0.000001 -0.000001 0.000003 -19.417236 2.177414 -55.725509 -0.000003 0.000001 -0.000000 -0.000001 0.000001 0.000003 0.000000 0.000000 0.000000 -0.000000 -0.000000 -0.000000 0.000002 -0.000000 -0.000003 0.000002 0.000002 5.247692 0.000001 -0.000000 -0.000002 -22.210495 12.604166 50.008261 -0.000000 0.000004 -0.000003 0.000002 0.000004 -0.000005 0.000001 -0.000002 -0.000001 0.000002 -0.000002 0.000001 -0.000001 -0.000001 0.000005 0.000000 0.000000 -0.000000 -0.000000 0.000000 -0.000000 6.323370 1.855349 -1.951063 -0.000000 0.000000 -0.000000 -15.349257 -0.896872 0.537035 -0.000000 0.000000 0.000000 11.928179 0.520978 -1.582705 -0.000002 0.000000 -0.000002 0.000001 -0.000001 -0.000001 -0.000000 0.000000 0.000003 -0.279242 1.557164 9.533301 0.000000 -0.000000 -0.000000 -3.605592 0.210984 -1.400078 0.000000 -0.000000 0.000001 -1.304661 1.061571 -2.219898 0.000002 0.000000 -0.000001 14.652800 0.112178 0.059650 0.000000 0.000000 0.000002 27.033708 -2.656986 -24.906543 27.161074 3.106031 24.968025 29.192710 4.941874 28.276527 30.251321 5.426698 29.251313 36.414091 7.685424 30.877841 46.161690 16.745657 37.980780 28.983935 -4.543076 -28.301679 30.051026 -5.024190 -29.292895 36.242148 -7.272905 -31.017221 46.121173 -16.854605 -37.759014 -65.309668 0.474954 -0.346336 -91.632349 1.077330 -0.072696 34.343550 6.426504 28.706926 4.749600 -0.031794 -0.032815 34.351251 -6.290516 -28.768415 4.749600 -0.031794 -0.032815 -42.660539 -27.091766 52.991982 -37.083549 -26.861283 59.784113 -32.243629 -29.333234 63.920476 -23.842013 -25.370748 76.237130 -21.839274 -24.997145 80.500179 -22.479099 -26.216614 80.954503 5.768303 -2.493135 89.532790 5.351868 -3.310341 87.012847 7.852002 0.473619 93.403937 23.900881 15.046403 86.902696 22.868834 14.125869 87.504497 25.674218 20.509617 88.242445 57.215754 29.863038 60.645878 52.757126 31.195561 67.393640 54.647551 34.406695 65.893963 -42.652790 27.028853 -53.118009 -37.075226 26.838327 -59.915034 -0.000007 0.000002 0.000000 -23.858763 25.411647 -76.321818 -21.838169 25.099323 -80.634106 -22.014094 25.467687 -81.950590 5.736328 2.816501 -89.640352 5.320731 3.602574 -87.068922 7.795972 0.053453 -93.646347 23.802647 -14.554071 -87.196142 22.782472 -13.646665 -87.767063 24.949902 -17.925422 -89.719869 56.663400 -29.370975 -61.721749 52.656237 -31.975998 -67.688145 54.138938 -35.482150 -66.835546 7.775823 -0.922022 -2.522669 10.232830 -0.056912 0.164386 -67.326869 0.024196 0.084995 -56.443314 -2.366666 3.408852 7.788771 0.986136 3.296634 10.234065 0.086170 0.601377 -67.326903 0.024195 0.084996 -56.435971 2.287591 -3.515892 51.129550 0.160410 -0.189028 55.802926 0.158575 -0.188595 60.687078 0.155537 -0.220951 67.254742 0.149208 -0.302390 71.709466 0.142392 -0.336489 73.015371 0.139876 -0.394914 
0.424740 0.341507 0.203168 -0.000000 0.000000 -0.000000 -0.000000 0.000000 -0.000000 -0.000000 0.000000 -0.000000 -0.000000 0.000000 0.000000 -0.000000 0.000000 0.000000 0.233988 -0.053908 -1.341673 0.000000 0.000000 -0.000000 -0.000002 0.000000 -0.000000 -0.000000 0.000000 -0.000000 -0.000000 0.000000 -0.000000 -0.000000 -0.000000 0.000000 -0.000000 0.000000 0.000000 -0.109063 0.009653 -0.000270 0.000000 0.000000 -0.000000 -0.000000 -0.000000 -0.000000 -0.000001 -0.000000 -0.000000 -0.000001 -0.000000 -0.000000 0.000000 0.000000 -0.000000 0.000000 -0.000000 -0.000000 -0.000000 0.000000 -0.000000 -0.004920 0.017916 1.692153 0.000000 0.000000 -0.000000 0.000000 0.000000 -0.000000 0.000000 0.000000 -0.000000 0.000000 0.000000 -0.000000 -0.000002 0.000000 0.000000 0.000000 0.000000 -0.000000 0.000000 0.000000 -0.000000 -0.000002 0.000002 0.000003 -0.000000 -0.000003 -0.000000 0.000000 0.000000 -0.000000 0.000000 0.000000 -0.000000 0.000000 0.000000 -0.000000 0.000001 0.000000 -0.000000 -0.000000 0.000000 0.000000 0.000000 0.000002 -0.000000 0.000000 -0.000000 -0.000000 0.000000 -0.000002 -0.000000 -0.000003 0.000001 0.000005 -0.000000 0.000000 -0.000000 0.000000 0.000000 -0.000000 0.000000 0.000000 -0.000000 0.000000 0.000000 -0.000000 -0.000000 -0.000002 -0.000000 0.000000 -0.000002 -0.000000 -0.000000 0.000000 -0.000000 -0.000000 0.000000 0.000000 -0.000003 0.000000 0.000000 -0.000000 0.000000 -0.000000 -0.000000 0.000000 -0.000000 -0.000002 -0.000002 -0.000003 0.000001 0.000002 0.000002 0.000000 0.000000 -0.000000 0.000000 0.000000 -0.000000 -0.000000 -0.000000 -0.000000 0.000000 -0.000000 -0.000000 0.000000 -0.000000 -0.000000 -0.000000 -0.000002 -0.000000 -0.000000 0.000000 -0.000000 0.000000 0.000000 -0.000000 0.000000 0.000000 -0.000000 0.000001 0.000000 -0.000000 -0.000000 0.000000 0.000000 0.000000 0.000000 -0.000000 0.000000 0.000000 -0.000000 0.000003 0.000000 -0.000000 -0.000001 -0.000000 -0.000002 -19.436538 2.009031 -55.189240 -0.000001 0.000001 -0.000000 -0.000003 -0.000002 -0.000000 -0.000000 0.000001 -0.000000 0.000001 -0.000000 -0.000003 0.000001 0.000005 -0.000001 0.000001 0.000002 5.247693 -0.000001 0.000000 -0.000001 -22.455425 12.183033 51.170131 -0.000001 0.000003 -0.000003 -0.000000 0.000001 -0.000004 -0.000002 0.000003 -0.000001 0.000001 -0.000001 -0.000001 -0.000001 -0.000001 0.000000 0.000000 0.000000 -0.000000 -0.000000 0.000000 -0.000000 6.366686 1.656893 -3.364135 -0.000000 0.000000 0.000000 -15.349254 -0.896873 0.537036 -0.000001 0.000000 -0.000000 11.928179 0.520976 -1.582705 -0.000003 0.000000 -0.000003 -0.000001 0.000000 -0.000001 0.000000 -0.000000 0.000005 -0.224500 1.507105 7.485875 0.000000 0.000000 0.000001 -3.605592 0.210985 -1.400078 0.000000 -0.000000 -0.000001 -1.304661 1.061572 -2.219898 -0.000000 0.000001 0.000001 14.652801 0.112179 0.059648 -0.000000 0.000000 -0.000000 27.033708 -2.656986 -24.906543 27.161074 3.106031 24.968025 29.192710 4.941874 28.276527 30.251321 5.426698 29.251313 36.414091 7.685424 30.877841 46.161690 16.745657 37.980780 28.983935 -4.543076 -28.301679 30.051026 -5.024190 -29.292895 36.242148 -7.272905 -31.017221 46.121173 -16.854605 -37.759014 -65.309668 0.474954 -0.346336 -91.632349 1.077330 -0.072696 34.343550 6.426504 28.706926 4.749600 -0.031794 -0.032815 34.351251 -6.290516 -28.768415 4.749600 -0.031794 -0.032815 -42.660539 -27.091766 52.991982 -37.083549 -26.861283 59.784113 -32.243629 -29.333234 63.920476 -23.842013 -25.370748 76.237130 -21.839274 -24.997145 80.500179 -22.479099 -26.216614 80.954503 5.768303 -2.493135 89.532790 5.351868 -3.310341 87.012847 7.852002 0.473619 93.403937 23.900881 15.046403 86.902696 22.868834 14.125869 87.504497 25.674218 20.509617 88.242445 57.215754 29.863038 60.645878 52.757126 31.195561 67.393640 54.647551 34.406695 65.893963 -42.652790 27.028853 -53.118009 -37.075226 26.838327 -59.915034 -0.000007 0.000002 0.000000 -23.858763 25.411647 -76.321818 -21.838169 25.099323 -80.634106 -22.014094 25.467687 -81.950590 5.736328 2.816501 -89.640352 5.320731 3.602574 -87.068922 7.795972 0.053453 -93.646347 23.802647 -14.554071 -87.196142 22.782472 -13.646665 -87.767063 24.949902 -17.925422 -89.719869 56.663400 -29.370975 -61.721749 52.656237 -31.975998 -67.688145 54.138938 -35.482150 -66.835546 7.775823 -0.922022 -2.522669 10.232830 -0.056912 0.164386 -67.326869 0.024196 0.084995 -56.443314 -2.366666 3.408852 7.788771 0.986136 3.296634 10.234065 0.086170 0.601377 -67.326903 0.024195 0.084996 -56.435971 2.287591 -3.515892 51.129550 0.160410 -0.189028 55.802926 0.158575 -0.188595 60.687078 0.155537 -0.220951 67.254742 0.149208 -0.302390 71.709466 0.142392 -0.336489 73.015371 0.139876 -0.394914 
0.432579 0.341507 0.203168 -0.000000 0.000000 -0.000000 -0.000000 0.000000 -0.000000 -0.000000 0.000000 -0.000000 -0.000000 0.000000 0.000000 -0.000000 0.000000 0.000000 0.311797 -0.025131 -0.271717 -0.000000 0.000000 0.000000 -0.000003 -0.000000 0.000000 -0.000000 -0.000000 0.000000 -0.000000 -0.000000 0.000000 -0.000000 -0.000000 0.000000 0.000000 -0.000000 -0.000000 -0.144971 0.012831 -0.000354 -0.000000 0.000000 0.000000 0.000002 0.000000 0.000000 -0.000000 0.000000 -0.000000 -0.000000 0.000000 -0.000000 -0.000000 0.000000 -0.000000 -0.000000 -0.000000 0.000000 0.000000 -0.000000 -0.000000 -0.006217 -0.043181 -0.075890 0.000000 0.000000 -0.000000 0.000000 0.000000 -0.000000 0.000000 0.000000 -0.000000 0.000000 -0.000000 -0.000000 0.000002 0.000000 -0.000000 0.000000 -0.000000 -0.000000 0.000000 -0.000000 -0.000000 -0.000003 0.000000 0.000002 -0.000000 0.000002 -0.000000 0.000000 -0.000000 -0.000000 0.000000 -0.000000 -0.000000 0.000000 -0.000000 -0.000000 0.000000 -0.000000 -0.000000 -0.000002 -0.000000 -0.000000 0.000000 -0.000000 -0.000000 0.000000 0.000001 -0.000000 0.000000 -0.000000 -0.000000 -0.000001 0.000000 0.000003 0.000000 -0.000002 -0.000000 0.000000 -0.000000 -0.000000 0.000000 -0.000000 -0.000000 0.000000 -0.000000 -0.000000 0.000000 0.000000 -0.000000 0.000000 -0.000003 -0.000000 0.000000 0.000002 -0.000000 -0.000000 -0.000000 0.000000 -0.000000 0.000000 -0.000000 0.000000 -0.000000 -0.000000 -0.000000 -0.000000 0.000000 0.000000 -0.000002 -0.000004 0.000001 0.000001 0.000001 0.000000 -0.000000 -0.000000 0.000000 -0.000000 -0.000000 0.000000 -0.000000 -0.000000 0.000000 -0.000000 -0.000000 0.000000 -0.000000 -0.000000 0.000000 -0.000002 -0.000000 0.000000 0.000002 -0.000000 0.000000 -0.000000 -0.000000 0.000000 -0.000000 -0.000000 0.000000 -0.000000 -0.000000 -0.000002 -0.000000 -0.000000 0.000000 -0.000000 -0.000000 0.000000 -0.000000 -0.000000 0.000002 0.000001 -0.000001 0.000002 -0.000002 0.000000 -19.455263 1.830447 -54.621190 -0.000002 -0.000000 -0.000002 -0.000000 -0.000000 -0.000002 -0.000001 -0.000001 0.000002 -0.000002 -0.000002 -0.000001 -0.000001 -0.000000 -0.000002 -0.000001 0.000002 5.247695 0.000000 -0.000001 0.000000 -22.704971 11.731596 52.397325 -0.000003 0.000000 -0.000002 -0.000004 0.000001 -0.000004 -0.000000 -0.000002 0.000001 -0.000000 -0.000001 0.000002 0.000001 0.000000 -0.000003 0.000000 0.000000 -0.000000 -0.000000 0.000000 -0.000000 6.407225 1.445482 -4.861338 -0.000000 -0.000000 -0.000001 -15.349255 -0.896873 0.537035 0.000000 0.000000 -0.000000 11.928179 0.520977 -1.582705 -0.000002 -0.000001 -0.000001 0.000000 -0.000001 -0.000005 0.000000 0.000000 0.000003 -0.168459 1.451939 5.315441 0.000000 -0.000001 -0.000000 -3.605594 0.210983 -1.400079 0.000000 -0.000001 -0.000000 -1.304661 1.061573 -2.219896 -0.000000 -0.000000 0.000001 14.652801 0.112178 0.059647 0.000001 0.000000 0.000001 27.033708 -2.656986 -24.906543 27.161074 3.106031 24.968025 29.192710 4.941874 28.276527 30.251321 5.426698 29.251313 36.414091 7.685424 30.877841 46.161690 16.745657 37.980780 28.983935 -4.543076 -28.301679 30.051026 -5.024190 -29.292895 36.242148 -7.272905 -31.017221 46.121173 -16.854605 -37.759014 -65.309668 0.474954 -0.346336 -91.632349 1.077330 -0.072696 34.343550 6.426504 28.706926 4.749600 -0.031794 -0.032815 34.351251 -6.290516 -28.768415 4.749600 -0.031794 -0.032815 -42.660539 -27.091766 52.991982 -37.083549 -26.861283 59.784113 -32.243629 -29.333234 63.920476 -23.842013 -25.370748 76.237130 -21.839274 -24.997145 80.500179 -22.479099 -26.216614 80.954503 5.768303 -2.493135 89.532790 5.351868 -3.310341 87.012847 7.852002 0.473619 93.403937 23.900881 15.046403 86.902696 22.868834 14.125869 87.504497 25.674218 20.509617 88.242445 57.215754 29.863038 60.645878 52.757126 31.195561 67.393640 54.647551 34.406695 65.893963 -42.652790 27.028853 -53.118009 -37.075226 26.838327 -59.915034 -0.000007 0.000002 0.000000 -23.858763 25.411647 -76.321818 -21.838169 25.099323 -80.634106 -22.014094 25.467687 -81.950590 5.736328 2.816501 -89.640352 5.320731 3.602574 -87.068922 7.795972 0.053453 -93.646347 23.802647 -14.554071 -87.196142 22.782472 -13.646665 -87.767063 24.949902 -17.925422 -89.719869 56.663400 -29.370975 -61.721749 52.656237 -31.975998 -67.688145 54.138938 -35.482150 -66.835546 7.775823 -0.922022 -2.522669 10.232830 -0.056912 0.164386 -67.326869 0.024196 0.084995 -56.443314 -2.366666 3.408852 7.788771 0.986136 3.296634 10.234065 0.086170 0.601377 -67.326903 0.024195 0.084996 -56.435971 2.287591 -3.515892 51.129550 0.160410 -0.189028 55.802926 0.158575 -0.188595 60.687078 0.155537 -0.220951 67.254742 0.149208 -0.302390 71.709466 0.142392 -0.336489 73.015371 0.139876 -0.394914 
0.440419 0.341507 0.203168 -0.000000 0.000000 -0.000000 -0.000000 0.000000 -0.000000 -0.000000 0.000000 -0.000000 -0.000000 0.000000 0.000000 -0.000000 0.000000 0.000000 0.389055 0.005095 0.798199 0.000000 -0.000000 0.000000 -0.000002 -0.000000 -0.000000 0.000000 -0.000000 0.000000 0.000000 -0.000000 0.000000 -0.000000 0.000000 0.000000 -0.000000 -0.000000 -0.000000 -0.180878 0.016009 -0.000437 -0.000000 -0.000000 0.000000 0.000002 0.000000 0.000000 -0.000001 0.000000 -0.000000 -0.000001 0.000000 -0.000000 -0.000000 -0.000000 -0.000000 -0.000000 -0.000000 -0.000000 0.000000 -0.000000 -0.000000 -0.009399 -0.104210 -1.843936 0.000000 -0.000000 0.000000 0.000000 0.000000 0.000000 0.000000 0.000000 0.000000 0.000000 0.000000 0.000000 -0.000000 -0.000000 -0.000000 0.000000 0.000000 0.000000 0.000000 0.000000 0.000000 -0.000002 0.000002 0.000001 0.000000 -0.000000 -0.000000 0.000000 0.000000 0.000000 0.000000 0.000000 0.000000 0.000000 0.000000 0.000000 0.000001 0.000000 -0.000000 0.000002 0.000000 -0.000000 0.000000 0.000002 0.000000 -0.000000 0.000001 0.000000 -0.000000 -0.000000 0.000000 -0.000002 -0.000001 0.000002 0.000000 -0.000003 -0.000000 0.000000 0.000000 0.000000 0.000000 0.000000 0.000000 0.000000 0.000000 0.000000 -0.000000 0.000000 0.000000 -0.000000 0.000003 0.000000 0.000000 -0.000002 0.000000 -0.000000 0.000000 -0.000000 -0.000005 -0.000000 0.000000 -0.000001 -0.000000 0.000000 -0.000000 -0.000000 -0.000000 0.000001 -0.000000 -0.000003 0.000000 0.000002 0.000002 0.000000 0.000000 0.000000 0.000000 0.000000 0.000000 -0.000000 0.000000 -0.000000 -0.000000 0.000002 0.000000 0.000000 -0.000002 0.000000 0.000000 -0.000002 0.000000 -0.000000 0.000002 0.000000 0.000000 0.000000 0.000000 0.000000 0.000000 0.000000 0.000001 0.000000 -0.000000 0.000002 0.000000 -0.000000 0.000000 0.000000 0.000000 0.000000 0.000000 0.000000 0.000001 -0.000001 -0.000001 0.000002 -0.000001 -0.000000 -19.472210 1.651685 -54.053246 0.000000 0.000000 0.000001 -0.000001 -0.000000 0.000001 0.000003 -0.000001 0.000001 0.000001 -0.000000 0.000001 -0.000000 -0.000000 -0.000003 0.000000 0.000002 5.247693 -0.000001 -0.000002 0.000001 -22.944199 11.275041 53.620520 -0.000002 0.000003 -0.000005 -0.000002 -0.000002 -0.000004 0.000000 -0.000002 0.000000 0.000001 -0.000001 -0.000002 0.000003 0.000000 -0.000001 0.000000 0.000000 -0.000000 -0.000000 0.000000 -0.000000 6.442222 1.233084 -6.358263 0.000000 0.000000 0.000001 -15.349255 -0.896873 0.537036 0.000000 0.000000 -0.000001 11.928180 0.520977 -1.582703 -0.000000 -0.000001 -0.000001 -0.000001 -0.000001 0.000001 0.000000 -0.000000 -0.000003 -0.114551 1.394689 3.145114 -0.000000 -0.000000 -0.000000 -3.605594 0.210984 -1.400078 0.000000 -0.000000 -0.000000 -1.304660 1.061572 -2.219899 -0.000000 0.000000 0.000001 14.652800 0.112179 0.059652 0.000001 0.000001 0.000001 27.033708 -2.656986 -24.906543 27.161074 3.106031 24.968025 29.192710 4.941874 28.276527 30.251321 5.426698 29.251313 36.414091 7.685424 30.877841 46.161690 16.745657 37.980780 28.983935 -4.543076 -28.301679 30.051026 -5.024190 -29.292895 36.242148 -7.272905 -31.017221 46.121173 -16.854605 -37.759014 -65.309668 0.474954 -0.346336 -91.632349 1.077330 -0.072696 34.343550 6.426504 28.706926 4.749600 -0.031794 -0.032815 34.351251 -6.290516 -28.768415 4.749600 -0.031794 -0.032815 -42.660539 -27.091766 52.991982 -37.083549 -26.861283 59.784113 -32.243629 -29.333234 63.920476 -23.842013 -25.370748 76.237130 -21.839274 -24.997145 80.500179 -22.479099 -26.216614 80.954503 5.768303 -2.493135 89.532790 5.351868 -3.310341 87.012847 7.852002 0.473619 93.403937 23.900881 15.046403 86.902696 22.868834 14.125869 87.504497 25.674218 20.509617 88.242445 57.215754 29.863038 60.645878 52.757126 31.195561 67.393640 54.647551 34.406695 65.893963 -42.652790 27.028853 -53.118009 -37.075226 26.838327 -59.915034 -0.000007 0.000002 0.000000 -23.858763 25.411647 -76.321818 -21.838169 25.099323 -80.634106 -22.014094 25.467687 -81.950590 5.736328 2.816501 -89.640352 5.320731 3.602574 -87.068922 7.795972 0.053453 -93.646347 23.802647 -14.554071 -87.196142 22.782472 -13.646665 -87.767063 24.949902 -17.925422 -89.719869 56.663400 -29.370975 -61.721749 52.656237 -31.975998 -67.688145 54.138938 -35.482150 -66.835546 7.775823 -0.922022 -2.522669 10.232830 -0.056912 0.164386 -67.326869 0.024196 0.084995 -56.443314 -2.366666 3.408852 7.788771 0.986136 3.296634 10.234065 0.086170 0.601377 -67.326903 0.024195 0.084996 -56.435971 2.287591 -3.515892 51.129550 0.160410 -0.189028 55.802926 0.158575 -0.188595 60.687078 0.155537 -0.220951 67.254742 0.149208 -0.302390 71.709466 0.142392 -0.336489 73.015371 0.139876 -0.394914 
0.447819 0.341507 0.203168 -0.000000 0.000000 -0.000000 -0.000000 0.000000 -0.000000 -0.000000 0.000000 -0.000000 -0.000000 0.000000 0.000000 -0.000000 0.000000 0.000000 0.461439 0.034940 1.807913 0.000000 -0.000000 0.000000 -0.000002 -0.000000 0.000000 0.000000 -0.000000 -0.000000 0.000000 -0.000000 -0.000000 -0.000000 -0.000000 -0.000000 0.000000 -0.000000 -0.000000 -0.214771 0.019009 -0.000513 0.000000 -0.000000 -0.000000 -0.000000 -0.000000 -0.000000 -0.000001 0.000000 -0.000000 -0.000001 0.000000 -0.000000 -0.000000 -0.000000 -0.000000 -0.000000 -0.000000 -0.000000 0.000000 0.000000 -0.000000 -0.014125 -0.161674 -3.512089 -0.000000 0.000000 0.000000 -0.000000 0.000000 0.000000 -0.000000 0.000000 0.000000 -0.000000 0.000000 0.000000 -0.000000 0.000000 0.000000 -0.000000 0.000000 0.000000 -0.000000 0.000000 0.000000 -0.000003 0.000000 0.000002 -0.000000 -0.000002 0.000000 -0.000000 0.000000 0.000000 -0.000000 0.000000 0.000000 -0.000000 0.000000 0.000000 0.000000 -0.000000 0.000000 0.000002 0.000000 0.000000 -0.000000 0.000002 0.000000 -0.000000 0.000002 0.000000 -0.000000 0.000002 0.000000 -0.000002 -0.000000 0.000003 0.000000 0.000000 0.000000 -0.000000 0.000000 0.000000 -0.000000 0.000000 0.000000 -0.000000 0.000000 0.000000 -0.000000 -0.000002 0.000000 -0.000000 0.000000 0.000000 0.000000 -0.000002 0.000000 -0.000000 0.000000 0.000000 -0.000000 0.000000 0.000000 -0.000000 0.000000 0.000000 -0.000000 0.000000 -0.000000 0.000002 -0.000000 -0.000001 0.000001 0.000000 -0.000003 -0.000000 0.000000 0.000000 -0.000000 0.000000 0.000000 -0.000000 -0.000000 0.000000 0.000000 -0.000000 0.000000 0.000000 -0.000000 0.000000 0.000000 0.000000 0.000000 0.000000 0.000000 0.000000 -0.000000 0.000000 0.000000 -0.000000 0.000000 0.000000 0.000000 -0.000000 0.000000 0.000002 0.000000 0.000000 -0.000000 0.000000 0.000000 -0.000000 0.000000 0.000000 0.000005 -0.000001 -0.000002 0.000001 -0.000000 -0.000000 -19.486581 1.482809 -53.517292 0.000000 0.000002 -0.000003 0.000002 0.000001 -0.000001 0.000001 0.000001 0.000000 -0.000000 -0.000000 0.000001 0.000000 -0.000000 -0.000001 -0.000001 0.000003 5.247695 -0.000000 -0.000001 0.000001 -23.160470 10.839696 54.771307 -0.000000 -0.000001 0.000002 -0.000001 -0.000001 0.000000 0.000000 0.000003 0.000001 -0.000000 0.000001 -0.000003 -0.000000 -0.000001 -0.000002 0.000000 0.000000 -0.000000 -0.000000 0.000000 -0.000000 6.470146 1.031889 -7.770559 -0.000001 0.000000 -0.000001 -15.349254 -0.896872 0.537034 -0.000001 -0.000000 0.000001 11.928178 0.520977 -1.582702 -0.000002 0.000000 -0.000001 0.000001 0.000000 0.000000 -0.000000 -0.000000 0.000003 -0.065723 1.338853 1.097985 0.000000 0.000001 -0.000000 -3.605592 0.210985 -1.400078 -0.000001 -0.000000 0.000000 -1.304662 1.061572 -2.219896 -0.000002 0.000001 0.000000 14.652800 0.112178 0.059645 -0.000000 -0.000000 0.000001 27.033708 -2.656986 -24.906543 27.161074 3.106031 24.968025 29.192710 4.941874 28.276527 30.251321 5.426698 29.251313 36.414091 7.685424 30.877841 46.161690 16.745657 37.980780 28.983935 -4.543076 -28.301679 30.051026 -5.024190 -29.292895 36.242148 -7.272905 -31.017221 46.121173 -16.854605 -37.759014 -65.309668 0.474954 -0.346336 -91.632349 1.077330 -0.072696 34.343550 6.426504 28.706926 4.749600 -0.031794 -0.032815 34.351251 -6.290516 -28.768415 4.749600 -0.031794 -0.032815 -42.660539 -27.091766 52.991982 -37.083549 -26.861283 59.784113 -32.243629 -29.333234 63.920476 -23.842013 -25.370748 76.237130 -21.839274 -24.997145 80.500179 -22.479099 -26.216614 80.954503 5.768303 -2.493135 89.532790 5.351868 -3.310341 87.012847 7.852002 0.473619 93.403937 23.900881 15.046403 86.902696 22.868834 14.125869 87.504497 25.674218 20.509617 88.242445 57.215754 29.863038 60.645878 52.757126 31.195561 67.393640 54.647551 34.406695 65.893963 -42.652790 27.028853 -53.118009 -37.075226 26.838327 -59.915034 -0.000007 0.000002 0.000000 -23.858763 25.411647 -76.321818 -21.838169 25.099323 -80.634106 -22.014094 25.467687 -81.950590 5.736328 2.816501 -89.640352 5.320731 3.602574 -87.068922 7.795972 0.053453 -93.646347 23.802647 -14.554071 -87.196142 22.782472 -13.646665 -87.767063 24.949902 -17.925422 -89.719869 56.663400 -29.370975 -61.721749 52.656237 -31.975998 -67.688145 54.138938 -35.482150 -66.835546 7.775823 -0.922022 -2.522669 10.232830 -0.056912 0.164386 -67.326869 0.024196 0.084995 -56.443314 -2.366666 3.408852 7.788771 0.986136 3.296634 10.234065 0.086170 0.601377 -67.326903 0.024195 0.084996 -56.435971 2.287591 -3.515892 51.129550 0.160410 -0.189028 55.802926 0.158575 -0.188595 60.687078 0.155537 -0.220951 67.254742 0.149208 -0.302390 71.709466 0.142392 -0.336489 73.015371 0.139876 -0.394914 
0.454340 0.341507 0.203168 -0.000000 0.000000 -0.000000 -0.000000 0.000000 -0.000000 -0.000000 0.000000 -0.000000 -0.000000 0.000000 0.000000 -0.000000 0.000000 0.000000 0.524760 0.062284 2.697365 -0.000000 -0.000000 0.000000 -0.000002 -0.000000 0.000000 -0.000000 -0.000000 0.000000 -0.000000 -0.000000 0.000000 -0.000000 -0.000000 0.000000 -0.000000 -0.000000 -0.000000 -0.244638 0.021653 -0.000579 -0.000000 -0.000000 -0.000000 0.000002 -0.000000 -0.000000 -0.000002 -0.000000 0.000000 -0.000002 -0.000000 0.000000 -0.000000 -0.000000 -0.000000 0.000000 0.000000 0.000000 0.000000 0.000000 0.000000 -0.019670 -0.212137 -4.980868 0.000000 0.000000 0.000000 -0.000000 0.000000 0.000000 0.000000 0.000000 0.000000 -0.000000 0.000000 0.000000 0.000002 -0.000000 0.000000 0.000000 0.000000 0.000000 -0.000000 0.000000 0.000000 -0.000001 0.000003 0.000005 0.000000 0.000002 0.000000 0.000000 0.000000 0.000000 0.000000 0.000000 0.000000 0.000000 0.000000 0.000000 0.000000 -0.000000 0.000000 -0.000000 -0.000000 0.000000 0.000000 -0.000000 0.000000 0.000000 0.000001 0.000000 0.000000 0.000002 0.000000 0.000001 0.000000 0.000003 -0.000000 0.000000 0.000000 0.000000 0.000000 0.000000 0.000000 0.000000 0.000000 0.000000 0.000000 0.000000 -0.000000 0.000003 0.000000 0.000000 -0.000002 0.000000 0.000000 -0.000002 0.000000 -0.000000 -0.000000 0.000000 -0.000002 0.000000 0.000000 -0.000001 0.000000 0.000000 -0.000000 0.000000 0.000000 0.000002 -0.000002 -0.000001 0.000002 0.000002 -0.000002 0.000000 0.000000 0.000000 -0.000000 0.000000 0.000000 -0.000000 -0.000000 -0.000000 -0.000000 0.000002 -0.000000 0.000000 -0.000000 -0.000000 -0.000000 -0.000002 -0.000000 -0.000000 -0.000002 -0.000000 0.000000 0.000000 0.000000 0.000000 0.000000 0.000000 0.000000 -0.000000 0.000000 -0.000000 -0.000000 0.000000 0.000000 0.000000 0.000000 0.000000 0.000000 0.000000 0.000002 -0.000001 -0.000000 0.000002 -0.000001 -0.000000 -19.497936 1.333911 -53.045117 -0.000001 0.000001 -0.000004 0.000001 0.000001 0.000004 -0.000002 -0.000001 0.000008 -0.000004 -0.000002 0.000004 0.000001 0.000001 -0.000004 -0.000001 0.000001 5.247690 -0.000000 -0.000000 -0.000001 -23.343304 10.452784 55.782169 0.000002 0.000003 -0.000002 0.000000 -0.000000 -0.000002 0.000001 0.000002 -0.000001 0.000000 -0.000001 -0.000001 -0.000001 0.000002 0.000000 0.000000 0.000000 -0.000000 -0.000000 0.000000 -0.000000 6.490622 0.854180 -9.014173 0.000000 0.000000 0.000000 -15.349255 -0.896872 0.537036 0.000001 -0.000000 0.000000 11.928179 0.520978 -1.582702 -0.000000 0.000001 -0.000001 -0.000000 -0.000001 0.000000 0.000000 0.000000 0.000005 -0.024424 1.288295 -0.703654 0.000000 -0.000001 -0.000001 -3.605594 0.210984 -1.400078 -0.000000 -0.000000 0.000000 -1.304661 1.061571 -2.219898 0.000003 0.000001 -0.000001 14.652801 0.112178 0.059643 0.000000 0.000001 0.000001 27.033708 -2.656986 -24.906543 27.161074 3.106031 24.968025 29.192710 4.941874 28.276527 30.251321 5.426698 29.251313 36.414091 7.685424 30.877841 46.161690 16.745657 37.980780 28.983935 -4.543076 -28.301679 30.051026 -5.024190 -29.292895 36.242148 -7.272905 -31.017221 46.121173 -16.854605 -37.759014 -65.309668 0.474954 -0.346336 -91.632349 1.077330 -0.072696 34.343550 6.426504 28.706926 4.749600 -0.031794 -0.032815 34.351251 -6.290516 -28.768415 4.749600 -0.031794 -0.032815 -42.660539 -27.091766 52.991982 -37.083549 -26.861283 59.784113 -32.243629 -29.333234 63.920476 -23.842013 -25.370748 76.237130 -21.839274 -24.997145 80.500179 -22.479099 -26.216614 80.954503 5.768303 -2.493135 89.532790 5.351868 -3.310341 87.012847 7.852002 0.473619 93.403937 23.900881 15.046403 86.902696 22.868834 14.125869 87.504497 25.674218 20.509617 88.242445 57.215754 29.863038 60.645878 52.757126 31.195561 67.393640 54.647551 34.406695 65.893963 -42.652790 27.028853 -53.118009 -37.075226 26.838327 -59.915034 -0.000007 0.000002 0.000000 -23.858763 25.411647 -76.321818 -21.838169 25.099323 -80.634106 -22.014094 25.467687 -81.950590 5.736328 2.816501 -89.640352 5.320731 3.602574 -87.068922 7.795972 0.053453 -93.646347 23.802647 -14.554071 -87.196142 22.782472 -13.646665 -87.767063 24.949902 -17.925422 -89.719869 56.663400 -29.370975 -61.721749 52.656237 -31.975998 -67.688145 54.138938 -35.482150 -66.835546 7.775823 -0.922022 -2.522669 10.232830 -0.056912 0.164386 -67.326869 0.024196 0.084995 -56.443314 -2.366666 3.408852 7.788771 0.986136 3.296634 10.234065 0.086170 0.601377 -67.326903 0.024195 0.084996 -56.435971 2.287591 -3.515892 51.129550 0.160410 -0.189028 55.802926 0.158575 -0.188595 60.687078 0.155537 -0.220951 67.254742 0.149208 -0.302390 71.709466 0.142392 -0.336489 73.015371 0.139876 -0.394914 
0.459542 0.341507 0.203168 -0.000000 0.000000 -0.000000 -0.000000 0.000000 -0.000000 -0.000000 0.000000 -0.000000 -0.000000 0.000000 0.000000 -0.000000 0.000000 0.000000 0.574947 0.084793 3.406654 -0.000000 -0.000000 0.000000 0.000002 -0.000000 -0.000000 -0.000000 0.000000 0.000000 -0.000000 0.000000 0.000000 -0.000000 0.000000 0.000000 -0.000000 0.000000 0.000000 -0.268464 0.023762 -0.000630 0.000000 -0.000000 0.000000 -0.000000 -0.000000 0.000000 -0.000000 -0.000000 0.000000 -0.000000 -0.000000 0.000000 -0.000000 -0.000000 0.000000 0.000000 -0.000000 0.000000 0.000000 -0.000000 -0.000000 -0.025015 -0.252244 -6.151465 -0.000000 0.000000 0.000000 -0.000000 0.000000 0.000000 -0.000000 -0.000000 0.000000 -0.000000 0.000000 0.000000 0.000002 0.000000 0.000000 -0.000000 0.000000 0.000000 -0.000000 0.000000 0.000000 -0.000004 0.000000 0.000002 -0.000000 -0.000000 0.000000 -0.000000 -0.000000 0.000000 -0.000000 -0.000000 0.000000 -0.000000 -0.000000 0.000000 0.000000 -0.000000 0.000000 -0.000000 0.000000 0.000000 0.000000 0.000002 -0.000000 -0.000000 0.000001 0.000000 0.000000 -0.000000 0.000000 -0.000004 0.000000 0.000003 -0.000000 0.000000 0.000000 -0.000000 -0.000000 0.000000 -0.000000 -0.000000 0.000000 -0.000000 -0.000000 0.000000 -0.000000 0.000000 0.000000 -0.000000 -0.000001 0.000000 -0.000000 0.000002 0.000000 -0.000000 0.000000 0.000000 -0.000005 -0.000000 0.000000 0.000001 0.000000 0.000000 -0.000001 -0.000000 -0.000000 0.000001 -0.000000 -0.000001 -0.000000 0.000004 -0.000002 -0.000000 -0.000000 0.000000 -0.000000 0.000000 0.000000 -0.000000 0.000000 -0.000000 -0.000000 -0.000000 0.000000 0.000000 -0.000000 -0.000000 -0.000000 0.000000 0.000000 0.000000 -0.000002 -0.000000 -0.000000 -0.000000 0.000000 -0.000000 -0.000000 0.000000 0.000000 -0.000000 0.000000 -0.000000 0.000000 0.000000 -0.000000 0.000000 0.000000 -0.000000 0.000000 0.000000 0.000004 -0.000001 0.000002 0.000001 0.000001 -0.000002 -19.506112 1.215073 -52.668514 -0.000001 -0.000003 -0.000003 0.000001 0.000000 -0.000002 0.000001 -0.000000 0.000001 0.000001 -0.000001 0.000005 0.000003 -0.000002 -0.000001 -0.000001 0.000001 5.247690 0.000000 -0.000001 -0.000002 -23.483935 10.142044 56.586389 -0.000001 -0.000002 -0.000001 -0.000002 0.000000 -0.000004 0.000001 -0.000001 -0.000000 0.000000 -0.000001 0.000001 -0.000000 0.000004 -0.000000 0.000000 0.000000 -0.000000 -0.000000 0.000000 -0.000000 6.504179 0.712218 -10.005488 0.000000 -0.000000 -0.000002 -15.349255 -0.896872 0.537034 -0.000001 -0.000000 -0.000000 11.928179 0.520978 -1.582703 -0.000002 -0.000001 0.000000 0.000001 -0.000000 -0.000003 0.000000 0.000000 0.000002 0.007324 1.247108 -2.138775 -0.000000 0.000001 0.000000 -3.605592 0.210985 -1.400078 -0.000000 0.000000 -0.000000 -1.304662 1.061573 -2.219898 -0.000000 0.000001 -0.000002 14.652800 0.112178 0.059645 -0.000000 0.000000 0.000001 27.033708 -2.656986 -24.906543 27.161074 3.106031 24.968025 29.192710 4.941874 28.276527 30.251321 5.426698 29.251313 36.414091 7.685424 30.877841 46.161690 16.745657 37.980780 28.983935 -4.543076 -28.301679 30.051026 -5.024190 -29.292895 36.242148 -7.272905 -31.017221 46.121173 -16.854605 -37.759014 -65.309668 0.474954 -0.346336 -91.632349 1.077330 -0.072696 34.343550 6.426504 28.706926 4.749600 -0.031794 -0.032815 34.351251 -6.290516 -28.768415 4.749600 -0.031794 -0.032815 -42.660539 -27.091766 52.991982 -37.083549 -26.861283 59.784113 -32.243629 -29.333234 63.920476 -23.842013 -25.370748 76.237130 -21.839274 -24.997145 80.500179 -22.479099 -26.216614 80.954503 5.768303 -2.493135 89.532790 5.351868 -3.310341 87.012847 7.852002 0.473619 93.403937 23.900881 15.046403 86.902696 22.868834 14.125869 87.504497 25.674218 20.509617 88.242445 57.215754 29.863038 60.645878 52.757126 31.195561 67.393640 54.647551 34.406695 65.893963 -42.652790 27.028853 -53.118009 -37.075226 26.838327 -59.915034 -0.000007 0.000002 0.000000 -23.858763 25.411647 -76.321818 -21.838169 25.099323 -80.634106 -22.014094 25.467687 -81.950590 5.736328 2.816501 -89.640352 5.320731 3.602574 -87.068922 7.795972 0.053453 -93.646347 23.802647 -14.554071 -87.196142 22.782472 -13.646665 -87.767063 24.949902 -17.925422 -89.719869 56.663400 -29.370975 -61.721749 52.656237 -31.975998 -67.688145 54.138938 -35.482150 -66.835546 7.775823 -0.922022 -2.522669 10.232830 -0.056912 0.164386 -67.326869 0.024196 0.084995 -56.443314 -2.366666 3.408852 7.788771 0.986136 3.296634 10.234065 0.086170 0.601377 -67.326903 0.024195 0.084996 -56.435971 2.287591 -3.515892 51.129550 0.160410 -0.189028 55.802926 0.158575 -0.188595 60.687078 0.155537 -0.220951 67.254742 0.149208 -0.302390 71.709466 0.142392 -0.336489 73.015371 0.139876 -0.394914 
0.462986 0.341507 0.203168 -0.000000 0.000000 -0.000000 -0.000000 0.000000 -0.000000 -0.000000 0.000000 -0.000000 -0.000000 0.000000 0.000000 -0.000000 0.000000 0.000000 0.608004 0.100029 3.876021 -0.000000 0.000000 -0.000000 0.000000 -0.000000 -0.000000 -0.000000 0.000000 -0.000000 -0.000000 0.000000 -0.000000 -0.000000 0.000000 -0.000000 0.000000 0.000000 -0.000000 -0.284236 0.025158 -0.000664 0.000000 -0.000000 -0.000001 0.000002 -0.000000 -0.000000 -0.000000 0.000000 -0.000001 -0.000000 0.000000 -0.000001 0.000000 -0.000000 -0.000001 0.000000 0.000000 -0.000001 -0.000000 -0.000000 -0.000000 -0.029000 -0.278706 -6.925690 0.000000 -0.000000 0.000000 0.000000 -0.000000 0.000000 0.000000 -0.000000 0.000000 0.000000 -0.000000 0.000000 -0.000000 -0.000000 0.000000 0.000000 -0.000000 0.000000 0.000000 -0.000000 0.000000 -0.000001 0.000002 0.000003 -0.000000 -0.000000 0.000000 0.000000 -0.000000 0.000000 0.000000 -0.000000 0.000000 0.000000 -0.000000 0.000000 0.000000 -0.000000 0.000000 0.000002 0.000000 0.000000 0.000000 0.000002 0.000000 -0.000000 -0.000001 0.000000 0.000000 -0.000002 0.000000 0.000001 0.000001 0.000005 -0.000000 0.000000 0.000000 0.000000 -0.000000 0.000000 0.000000 -0.000000 0.000000 0.000000 -0.000000 0.000000 -0.000000 0.000002 0.000000 -0.000000 0.000000 0.000000 -0.000000 0.000000 0.000000 -0.000002 -0.000000 -0.000000 -0.000003 -0.000000 0.000000 -0.000001 -0.000000 0.000000 -0.000000 0.000000 0.000000 -0.000000 -0.000001 -0.000001 0.000000 0.000002 0.000002 0.000000 -0.000000 0.000000 0.000000 -0.000000 0.000000 0.000000 0.000000 -0.000000 -0.000000 -0.000000 0.000000 0.000000 -0.000002 0.000000 -0.000000 0.000000 0.000000 -0.000000 0.000000 -0.000000 0.000000 -0.000000 0.000000 0.000000 -0.000000 0.000000 0.000000 -0.000000 0.000000 0.000002 0.000000 0.000000 -0.000000 -0.000000 0.000000 -0.000000 -0.000000 0.000000 0.000002 0.000001 0.000001 0.000001 -0.000001 -0.000002 -19.511084 1.136381 -52.419253 -0.000002 -0.000002 0.000004 -0.000000 0.000000 0.000002 0.000001 -0.000000 -0.000001 -0.000001 -0.000002 -0.000003 0.000002 0.000003 0.000001 -0.000001 0.000002 5.247692 0.000000 -0.000000 -0.000002 -23.574482 9.935390 57.117658 0.000002 0.000000 0.000001 0.000000 -0.000002 0.000001 0.000000 0.000003 -0.000002 0.000001 -0.000000 -0.000003 0.000000 -0.000001 0.000002 0.000000 0.000000 -0.000000 -0.000000 0.000000 -0.000000 6.511797 0.618185 -10.661253 -0.000001 -0.000000 0.000001 -15.349255 -0.896872 0.537035 0.000000 0.000000 -0.000000 11.928180 0.520978 -1.582703 0.000002 -0.000000 0.000000 0.000001 -0.000000 0.000000 0.000000 0.000000 0.000003 0.027741 1.219448 -3.087498 -0.000000 0.000001 -0.000000 -3.605592 0.210985 -1.400078 0.000000 -0.000000 -0.000000 -1.304663 1.061573 -2.219896 0.000002 0.000001 -0.000002 14.652800 0.112177 0.059643 -0.000001 -0.000001 -0.000002 27.033708 -2.656986 -24.906543 27.161074 3.106031 24.968025 29.192710 4.941874 28.276527 30.251321 5.426698 29.251313 36.414091 7.685424 30.877841 46.161690 16.745657 37.980780 28.983935 -4.543076 -28.301679 30.051026 -5.024190 -29.292895 36.242148 -7.272905 -31.017221 46.121173 -16.854605 -37.759014 -65.309668 0.474954 -0.346336 -91.632349 1.077330 -0.072696 34.343550 6.426504 28.706926 4.749600 -0.031794 -0.032815 34.351251 -6.290516 -28.768415 4.749600 -0.031794 -0.032815 -42.660539 -27.091766 52.991982 -37.083549 -26.861283 59.784113 -32.243629 -29.333234 63.920476 -23.842013 -25.370748 76.237130 -21.839274 -24.997145 80.500179 -22.479099 -26.216614 80.954503 5.768303 -2.493135 89.532790 5.351868 -3.310341 87.012847 7.852002 0.473619 93.403937 23.900881 15.046403 86.902696 22.868834 14.125869 87.504497 25.674218 20.509617 88.242445 57.215754 29.863038 60.645878 52.757126 31.195561 67.393640 54.647551 34.406695 65.893963 -42.652790 27.028853 -53.118009 -37.075226 26.838327 -59.915034 -0.000007 0.000002 0.000000 -23.858763 25.411647 -76.321818 -21.838169 25.099323 -80.634106 -22.014094 25.467687 -81.950590 5.736328 2.816501 -89.640352 5.320731 3.602574 -87.068922 7.795972 0.053453 -93.646347 23.802647 -14.554071 -87.196142 22.782472 -13.646665 -87.767063 24.949902 -17.925422 -89.719869 56.663400 -29.370975 -61.721749 52.656237 -31.975998 -67.688145 54.138938 -35.482150 -66.835546 7.775823 -0.922022 -2.522669 10.232830 -0.056912 0.164386 -67.326869 0.024196 0.084995 -56.443314 -2.366666 3.408852 7.788771 0.986136 3.296634 10.234065 0.086170 0.601377 -67.326903 0.024195 0.084996 -56.435971 2.287591 -3.515892 51.129550 0.160410 -0.189028 55.802926 0.158575 -0.188595 60.687078 0.155537 -0.220951 67.254742 0.149208 -0.302390 71.709466 0.142392 -0.336489 73.015371 0.139876 -0.394914 
0.464231 0.341507 0.203168 -0.000000 0.000000 -0.000000 -0.000000 0.000000 -0.000000 -0.000000 0.000000 -0.000000 -0.000000 0.000000 0.000000 -0.000000 0.000000 0.000000 0.619928 0.105605 4.045754 -0.000000 -0.000000 -0.000000 -0.000002 0.000000 -0.000000 -0.000000 -0.000000 0.000001 -0.000000 -0.000000 0.000001 -0.000000 -0.000000 0.000000 -0.000000 -0.000000 -0.000000 -0.289941 0.025663 -0.000676 -0.000000 -0.000000 -0.000000 -0.000000 -0.000000 0.000000 -0.000002 0.000000 -0.000000 -0.000002 0.000000 -0.000000 -0.000000 0.000000 -0.000000 0.000000 0.000000 -0.000000 0.000000 -0.000000 -0.000001 -0.030528 -0.288259 -7.205578 0.000000 -0.000000 0.000000 0.000000 -0.000000 0.000000 0.000000 -0.000000 -0.000000 -0.000000 0.000000 -0.000000 0.000002 -0.000000 0.000000 0.000000 0.000000 -0.000000 -0.000000 0.000000 -0.000000 -0.000003 0.000000 0.000002 0.000000 0.000002 -0.000000 0.000000 0.000000 -0.000000 0.000000 0.000000 -0.000000 0.000000 0.000000 -0.000000 0.000000 -0.000000 -0.000000 0.000002 0.000000 -0.000000 0.000000 0.000002 -0.000000 0.000000 -0.000001 -0.000000 0.000000 -0.000000 -0.000000 -0.000002 -0.000001 0.000002 -0.000000 0.000000 -0.000000 0.000000 0.000000 -0.000000 0.000000 0.000000 -0.000000 0.000000 0.000000 -0.000000 0.000000 -0.000003 -0.000000 0.000000 -0.000002 0.000000 -0.000000 0.000000 -0.000000 0.000002 -0.000000 -0.000000 -0.000002 -0.000000 0.000000 0.000001 0.000000 0.000000 -0.000000 0.000000 -0.000000 0.000000 -0.000002 -0.000003 0.000001 0.000000 -0.000003 0.000000 0.000000 -0.000000 -0.000000 0.000000 -0.000000 0.000000 0.000000 -0.000000 -0.000000 0.000002 -0.000000 -0.000000 0.000003 -0.000000 -0.000000 0.000002 -0.000000 0.000000 -0.000002 -0.000000 0.000000 0.000000 -0.000000 0.000000 0.000000 -0.000000 0.000000 -0.000000 -0.000000 0.000002 0.000000 -0.000000 0.000000 -0.000000 -0.000000 0.000000 -0.000000 -0.000000 0.000004 -0.000001 -0.000001 0.000001 0.000000 -0.000001 -19.512805 1.107915 -52.329105 -0.000001 0.000001 -0.000003 -0.000001 -0.000002 -0.000000 -0.000000 0.000000 0.000004 -0.000002 -0.000002 0.000001 -0.000001 -0.000000 -0.000001 0.000001 0.000001 5.247690 -0.000001 -0.000000 0.000001 -23.606727 9.860457 57.309611 -0.000002 0.000002 -0.000003 -0.000002 0.000003 -0.000003 0.000001 0.000001 -0.000001 -0.000000 -0.000003 0.000001 -0.000001 0.000000 0.000001 0.000000 0.000000 -0.000000 -0.000000 0.000000 -0.000000 6.514284 0.584166 -10.898346 -0.000000 -0.000000 -0.000000 -15.349252 -0.896873 0.537035 0.000000 -0.000000 0.000001 11.928180 0.520978 -1.582703 -0.000002 0.000001 -0.000001 0.000001 -0.000001 0.000001 -0.000000 0.000001 0.000009 0.035007 1.209369 -3.430374 -0.000000 -0.000000 0.000001 -3.605594 0.210984 -1.400077 0.000000 0.000000 0.000000 -1.304662 1.061573 -2.219898 -0.000002 0.000001 -0.000003 14.652800 0.112178 0.059645 -0.000000 0.000000 0.000001 27.033708 -2.656986 -24.906543 27.161074 3.106031 24.968025 29.192710 4.941874 28.276527 30.251321 5.426698 29.251313 36.414091 7.685424 30.877841 46.161690 16.745657 37.980780 28.983935 -4.543076 -28.301679 30.051026 -5.024190 -29.292895 36.242148 -7.272905 -31.017221 46.121173 -16.854605 -37.759014 -65.309668 0.474954 -0.346336 -91.632349 1.077330 -0.072696 34.343550 6.426504 28.706926 4.749600 -0.031794 -0.032815 34.351251 -6.290516 -28.768415 4.749600 -0.031794 -0.032815 -42.660539 -27.091766 52.991982 -37.083549 -26.861283 59.784113 -32.243629 -29.333234 63.920476 -23.842013 -25.370748 76.237130 -21.839274 -24.997145 80.500179 -22.479099 -26.216614 80.954503 5.768303 -2.493135 89.532790 5.351868 -3.310341 87.012847 7.852002 0.473619 93.403937 23.900881 15.046403 86.902696 22.868834 14.125869 87.504497 25.674218 20.509617 88.242445 57.215754 29.863038 60.645878 52.757126 31.195561 67.393640 54.647551 34.406695 65.893963 -42.652790 27.028853 -53.118009 -37.075226 26.838327 -59.915034 -0.000007 0.000002 0.000000 -23.858763 25.411647 -76.321818 -21.838169 25.099323 -80.634106 -22.014094 25.467687 -81.950590 5.736328 2.816501 -89.640352 5.320731 3.602574 -87.068922 7.795972 0.053453 -93.646347 23.802647 -14.554071 -87.196142 22.782472 -13.646665 -87.767063 24.949902 -17.925422 -89.719869 56.663400 -29.370975 -61.721749 52.656237 -31.975998 -67.688145 54.138938 -35.482150 -66.835546 7.775823 -0.922022 -2.522669 10.232830 -0.056912 0.164386 -67.326869 0.024196 0.084995 -56.443314 -2.366666 3.408852 7.788771 0.986136 3.296634 10.234065 0.086170 0.601377 -67.326903 0.024195 0.084996 -56.435971 2.287591 -3.515892 51.129550 0.160410 -0.189028 55.802926 0.158575 -0.188595 60.687078 0.155537 -0.220951 67.254742 0.149208 -0.302390 71.709466 0.142392 -0.336489 73.015371 0.139876 -0.394914 
0.463165 0.341507 0.203168 -0.000000 0.000000 -0.000000 -0.000000 0.000000 -0.000000 -0.000000 0.000000 -0.000000 -0.000000 0.000000 0.000000 -0.000000 0.000000 0.000000 0.609723 0.100830 3.900473 0.000000 0.000000 -0.000000 -0.000002 0.000000 -0.000000 0.000000 0.000000 -0.000000 0.000000 0.000000 -0.000000 -0.000000 0.000000 0.000000 -0.000000 0.000000 -0.000000 -0.285058 0.025231 -0.000666 -0.000000 0.000000 0.000000 0.000003 -0.000000 -0.000000 -0.000001 0.000000 -0.000000 -0.000001 0.000000 -0.000000 -0.000000 0.000000 0.000000 0.000000 0.000000 -0.000000 -0.000000 -0.000000 -0.000001 -0.029217 -0.280083 -6.966019 0.000000 -0.000000 0.000000 0.000000 -0.000000 0.000000 0.000000 -0.000000 0.000000 -0.000000 0.000000 0.000000 0.000002 -0.000000 0.000000 0.000000 -0.000000 0.000000 -0.000000 0.000000 0.000000 -0.000002 0.000002 0.000003 -0.000000 0.000003 0.000001 0.000000 -0.000000 0.000000 0.000000 -0.000000 0.000000 0.000000 -0.000000 0.000000 0.000000 -0.000000 0.000000 -0.000000 -0.000000 0.000001 0.000000 0.000002 0.000000 -0.000000 -0.000001 0.000000 0.000000 -0.000000 0.000000 -0.000002 0.000001 0.000005 -0.000000 0.000000 0.000000 0.000000 -0.000000 0.000000 0.000000 -0.000000 0.000000 0.000000 -0.000000 0.000000 0.000000 -0.000002 0.000000 -0.000000 -0.000002 0.000000 0.000000 0.000002 0.000000 0.000002 0.000000 0.000000 -0.000003 0.000000 -0.000000 -0.000003 -0.000000 -0.000000 -0.000000 0.000000 0.000000 0.000003 0.000000 -0.000002 0.000003 0.000003 0.000001 0.000000 -0.000000 0.000000 -0.000000 0.000000 0.000000 0.000000 0.000000 0.000000 0.000000 -0.000000 0.000000 0.000000 -0.000003 0.000000 0.000000 0.000000 0.000000 0.000000 -0.000002 0.000000 0.000000 -0.000000 0.000000 0.000000 -0.000000 0.000000 0.000000 -0.000000 0.000000 -0.000000 -0.000000 0.000001 0.000000 -0.000000 0.000000 0.000000 -0.000000 0.000000 0.000002 0.000000 0.000001 0.000000 -0.000003 -0.000001 -19.511342 1.132281 -52.406276 0.000002 0.000000 -0.000003 0.000001 -0.000001 0.000001 -0.000001 0.000002 0.000002 -0.000001 -0.000000 -0.000002 0.000003 -0.000000 0.000001 -0.000000 0.000003 5.247690 -0.000001 -0.000001 -0.000001 -23.579143 9.924598 57.145324 -0.000001 -0.000001 0.000001 -0.000001 -0.000001 0.000001 -0.000000 0.000000 -0.000003 0.000001 -0.000002 -0.000004 0.000001 0.000000 -0.000000 0.000000 0.000000 -0.000000 -0.000000 0.000000 -0.000000 6.512163 0.613284 -10.695415 0.000000 -0.000000 0.000000 -15.349255 -0.896873 0.537034 0.000000 0.000000 -0.000002 11.928179 0.520977 -1.582707 -0.000002 0.000000 -0.000001 -0.000001 -0.000000 0.000004 -0.000000 -0.000000 0.000003 0.028792 1.217998 -3.136907 0.000000 0.000000 -0.000000 -3.605593 0.210984 -1.400079 0.000000 0.000000 0.000000 -1.304663 1.061572 -2.219900 -0.000000 0.000001 0.000001 14.652798 0.112178 0.059645 -0.000001 0.000000 0.000002 27.033708 -2.656986 -24.906543 27.161074 3.106031 24.968025 29.192710 4.941874 28.276527 30.251321 5.426698 29.251313 36.414091 7.685424 30.877841 46.161690 16.745657 37.980780 28.983935 -4.543076 -28.301679 30.051026 -5.024190 -29.292895 36.242148 -7.272905 -31.017221 46.121173 -16.854605 -37.759014 -65.309668 0.474954 -0.346336 -91.632349 1.077330 -0.072696 34.343550 6.426504 28.706926 4.749600 -0.031794 -0.032815 34.351251 -6.290516 -28.768415 4.749600 -0.031794 -0.032815 -42.660539 -27.091766 52.991982 -37.083549 -26.861283 59.784113 -32.243629 -29.333234 63.920476 -23.842013 -25.370748 76.237130 -21.839274 -24.997145 80.500179 -22.479099 -26.216614 80.954503 5.768303 -2.493135 89.532790 5.351868 -3.310341 87.012847 7.852002 0.473619 93.403937 23.900881 15.046403 86.902696 22.868834 14.125869 87.504497 25.674218 20.509617 88.242445 57.215754 29.863038 60.645878 52.757126 31.195561 67.393640 54.647551 34.406695 65.893963 -42.652790 27.028853 -53.118009 -37.075226 26.838327 -59.915034 -0.000007 0.000002 0.000000 -23.858763 25.411647 -76.321818 -21.838169 25.099323 -80.634106 -22.014094 25.467687 -81.950590 5.736328 2.816501 -89.640352 5.320731 3.602574 -87.068922 7.795972 0.053453 -93.646347 23.802647 -14.554071 -87.196142 22.782472 -13.646665 -87.767063 24.949902 -17.925422 -89.719869 56.663400 -29.370975 -61.721749 52.656237 -31.975998 -67.688145 54.138938 -35.482150 -66.835546 7.775823 -0.922022 -2.522669 10.232830 -0.056912 0.164386 -67.326869 0.024196 0.084995 -56.443314 -2.366666 3.408852 7.788771 0.986136 3.296634 10.234065 0.086170 0.601377 -67.326903 0.024195 0.084996 -56.435971 2.287591 -3.515892 51.129550 0.160410 -0.189028 55.802926 0.158575 -0.188595 60.687078 0.155537 -0.220951 67.254742 0.149208 -0.302390 71.709466 0.142392 -0.336489 73.015371 0.139876 -0.394914 
0.460197 0.341507 0.203168 -0.000000 0.000000 -0.000000 -0.000000 0.000000 -0.000000 -0.000000 0.000000 -0.000000 -0.000000 0.000000 0.000000 -0.000000 0.000000 0.000000 0.581248 0.087671 3.495974 0.000000 -0.000000 0.000000 0.000000 -0.000000 0.000000 -0.000000 0.000000 0.000000 -0.000000 0.000000 0.000000 -0.000000 0.000000 0.000000 -0.000000 0.000000 0.000000 -0.271465 0.024027 -0.000637 0.000000 -0.000000 -0.000000 -0.000002 0.000000 0.000000 -0.000001 -0.000000 0.000000 -0.000001 -0.000000 0.000000 -0.000000 -0.000000 -0.000000 0.000000 -0.000000 0.000000 0.000000 0.000000 -0.000000 -0.025746 -0.257285 -6.298831 0.000000 -0.000000 0.000000 -0.000000 -0.000000 0.000000 -0.000000 -0.000000 0.000000 -0.000000 0.000000 0.000000 -0.000000 -0.000000 0.000000 -0.000000 0.000000 0.000000 -0.000000 0.000000 0.000000 -0.000004 0.000001 0.000004 0.000000 0.000002 0.000000 -0.000000 0.000000 0.000000 -0.000000 0.000000 0.000000 -0.000000 0.000000 0.000000 0.000000 -0.000000 0.000000 -0.000000 0.000000 -0.000000 0.000000 0.000002 0.000000 -0.000000 -0.000001 0.000000 0.000000 -0.000000 0.000000 -0.000005 0.000000 0.000003 -0.000000 0.000002 -0.000000 -0.000000 0.000000 0.000000 -0.000000 0.000000 0.000000 -0.000000 0.000000 0.000000 0.000000 -0.000002 0.000000 -0.000000 -0.000001 0.000000 -0.000000 0.000002 0.000000 0.000002 -0.000000 0.000000 -0.000002 0.000000 -0.000000 -0.000001 0.000000 0.000000 -0.000000 -0.000000 -0.000000 0.000003 -0.000002 -0.000006 0.000002 0.000002 -0.000000 -0.000000 0.000000 0.000000 -0.000000 0.000000 0.000000 0.000000 -0.000000 -0.000000 -0.000000 0.000002 -0.000000 -0.000000 0.000002 -0.000000 -0.000000 0.000000 0.000000 0.000000 0.000000 -0.000000 -0.000000 0.000000 0.000000 -0.000000 0.000000 0.000000 0.000000 -0.000000 0.000000 -0.000000 0.000000 -0.000000 -0.000000 -0.000000 0.000000 -0.000000 -0.000000 0.000000 0.000002 -0.000001 -0.000002 -0.000000 -0.000000 0.000002 -19.507083 1.200099 -52.621075 0.000002 0.000000 0.000000 0.000003 0.000001 -0.000003 -0.000001 -0.000000 -0.000003 -0.000001 -0.000000 -0.000002 0.000001 0.000000 0.000003 -0.000001 0.000002 5.247695 -0.000001 -0.000000 -0.000000 -23.501320 10.102779 56.687541 0.000001 -0.000003 0.000002 0.000002 -0.000000 -0.000000 0.000001 0.000000 -0.000004 0.000001 0.000001 -0.000003 -0.000002 0.000002 0.000003 0.000000 0.000000 -0.000000 -0.000000 0.000000 -0.000000 6.505710 0.694329 -10.130295 -0.000000 0.000000 -0.000001 -15.349255 -0.896872 0.537034 0.000000 -0.000000 0.000000 11.928179 0.520977 -1.582703 -0.000000 0.000001 0.000001 0.000001 -0.000000 0.000000 -0.000000 0.000000 0.000005 0.011246 1.241868 -2.319380 -0.000000 -0.000000 0.000000 -3.605594 0.210984 -1.400078 -0.000000 -0.000000 -0.000000 -1.304662 1.061572 -2.219898 0.000002 -0.000000 0.000001 14.652798 0.112178 0.059648 -0.000002 -0.000001 -0.000002 27.033708 -2.656986 -24.906543 27.161074 3.106031 24.968025 29.192710 4.941874 28.276527 30.251321 5.426698 29.251313 36.414091 7.685424 30.877841 46.161690 16.745657 37.980780 28.983935 -4.543076 -28.301679 30.051026 -5.024190 -29.292895 36.242148 -7.272905 -31.017221 46.121173 -16.854605 -37.759014 -65.309668 0.474954 -0.346336 -91.632349 1.077330 -0.072696 34.343550 6.426504 28.706926 4.749600 -0.031794 -0.032815 34.351251 -6.290516 -28.768415 4.749600 -0.031794 -0.032815 -42.660539 -27.091766 52.991982 -37.083549 -26.861283 59.784113 -32.243629 -29.333234 63.920476 -23.842013 -25.370748 76.237130 -21.839274 -24.997145 80.500179 -22.479099 -26.216614 80.954503 5.768303 -2.493135 89.532790 5.351868 -3.310341 87.012847 7.852002 0.473619 93.403937 23.900881 15.046403 86.902696 22.868834 14.125869 87.504497 25.674218 20.509617 88.242445 57.215754 29.863038 60.645878 52.757126 31.195561 67.393640 54.647551 34.406695 65.893963 -42.652790 27.028853 -53.118009 -37.075226 26.838327 -59.915034 -0.000007 0.000002 0.000000 -23.858763 25.411647 -76.321818 -21.838169 25.099323 -80.634106 -22.014094 25.467687 -81.950590 5.736328 2.816501 -89.640352 5.320731 3.602574 -87.068922 7.795972 0.053453 -93.646347 23.802647 -14.554071 -87.196142 22.782472 -13.646665 -87.767063 24.949902 -17.925422 -89.719869 56.663400 -29.370975 -61.721749 52.656237 -31.975998 -67.688145 54.138938 -35.482150 -66.835546 7.775823 -0.922022 -2.522669 10.232830 -0.056912 0.164386 -67.326869 0.024196 0.084995 -56.443314 -2.366666 3.408852 7.788771 0.986136 3.296634 10.234065 0.086170 0.601377 -67.326903 0.024195 0.084996 -56.435971 2.287591 -3.515892 51.129550 0.160410 -0.189028 55.802926 0.158575 -0.188595 60.687078 0.155537 -0.220951 67.254742 0.149208 -0.302390 71.709466 0.142392 -0.336489 73.015371 0.139876 -0.394914 
0.455673 0.341507 0.203168 -0.000000 0.000000 -0.000000 -0.000000 0.000000 -0.000000 -0.000000 0.000000 -0.000000 -0.000000 0.000000 0.000000 -0.000000 0.000000 0.000000 0.537654 0.067996 2.879215 0.000000 0.000000 0.000000 -0.000002 0.000000 0.000000 0.000000 0.000000 0.000000 0.000000 0.000000 0.000000 -0.000000 0.000000 0.000000 -0.000000 -0.000000 -0.000000 -0.250745 0.022193 -0.000592 0.000000 0.000000 0.000001 -0.000003 0.000000 -0.000000 -0.000001 0.000000 0.000000 -0.000001 0.000000 0.000000 0.000000 0.000000 0.000000 0.000000 0.000000 0.000000 0.000000 -0.000000 0.000000 -0.020963 -0.222433 -5.281056 0.000000 -0.000000 0.000000 -0.000000 -0.000000 0.000000 -0.000000 -0.000000 0.000000 -0.000000 0.000000 0.000000 -0.000000 0.000000 0.000000 -0.000000 0.000000 0.000000 -0.000000 0.000000 0.000000 -0.000004 0.000001 -0.000000 -0.000000 -0.000000 0.000000 -0.000000 0.000000 0.000000 -0.000000 0.000000 0.000000 -0.000000 0.000000 0.000000 0.000000 0.000000 0.000000 0.000002 -0.000000 0.000000 -0.000000 0.000003 0.000000 0.000000 -0.000002 0.000000 0.000000 -0.000000 0.000000 -0.000000 0.000000 0.000003 0.000000 -0.000002 0.000000 -0.000000 0.000000 0.000000 -0.000000 0.000000 0.000000 -0.000000 0.000000 0.000000 -0.000000 -0.000003 0.000000 0.000000 -0.000001 -0.000000 -0.000000 0.000002 0.000000 0.000002 0.000000 -0.000000 -0.000000 -0.000000 0.000000 0.000002 -0.000000 -0.000000 -0.000000 0.000000 0.000000 0.000001 0.000001 0.000001 0.000002 0.000003 0.000001 -0.000000 0.000000 0.000000 -0.000000 0.000000 0.000000 -0.000000 -0.000000 -0.000000 0.000000 -0.000000 0.000000 -0.000000 0.000003 0.000000 0.000000 0.000002 0.000000 0.000000 0.000000 0.000000 -0.000000 0.000000 0.000000 -0.000000 0.000000 0.000000 0.000000 0.000000 0.000000 0.000002 -0.000000 0.000000 0.000000 0.000000 0.000000 0.000000 0.000000 0.000000 0.000006 0.000000 0.000003 0.000001 -0.000000 -0.000002 -19.500105 1.303452 -52.948569 0.000001 0.000002 -0.000002 0.000001 0.000002 -0.000002 0.000001 -0.000000 -0.000003 0.000003 -0.000000 -0.000003 -0.000001 -0.000002 0.000001 0.000000 0.000003 5.247695 0.000001 -0.000001 -0.000003 -23.379794 10.373298 55.988519 -0.000000 0.000001 0.000001 -0.000002 -0.000000 -0.000000 -0.000000 -0.000000 -0.000002 0.000000 -0.000001 0.000000 0.000001 -0.000001 -0.000001 0.000000 0.000000 -0.000000 -0.000000 0.000000 -0.000000 6.494333 0.817801 -9.268370 -0.000000 -0.000000 -0.000000 -15.349255 -0.896873 0.537036 0.000001 -0.000000 -0.000000 11.928178 0.520978 -1.582702 -0.000002 0.000000 -0.000002 -0.000001 -0.000001 -0.000001 -0.000000 0.000000 0.000003 -0.016182 1.277807 -1.071745 0.000000 -0.000000 0.000000 -3.605591 0.210985 -1.400078 0.000000 -0.000000 0.000001 -1.304662 1.061572 -2.219900 0.000002 0.000000 0.000002 14.652800 0.112178 0.059645 0.000000 0.000000 -0.000000 27.033708 -2.656986 -24.906543 27.161074 3.106031 24.968025 29.192710 4.941874 28.276527 30.251321 5.426698 29.251313 36.414091 7.685424 30.877841 46.161690 16.745657 37.980780 28.983935 -4.543076 -28.301679 30.051026 -5.024190 -29.292895 36.242148 -7.272905 -31.017221 46.121173 -16.854605 -37.759014 -65.309668 0.474954 -0.346336 -91.632349 1.077330 -0.072696 34.343550 6.426504 28.706926 4.749600 -0.031794 -0.032815 34.351251 -6.290516 -28.768415 4.749600 -0.031794 -0.032815 -42.660539 -27.091766 52.991982 -37.083549 -26.861283 59.784113 -32.243629 -29.333234 63.920476 -23.842013 -25.370748 76.237130 -21.839274 -24.997145 80.500179 -22.479099 -26.216614 80.954503 5.768303 -2.493135 89.532790 5.351868 -3.310341 87.012847 7.852002 0.473619 93.403937 23.900881 15.046403 86.902696 22.868834 14.125869 87.504497 25.674218 20.509617 88.242445 57.215754 29.863038 60.645878 52.757126 31.195561 67.393640 54.647551 34.406695 65.893963 -42.652790 27.028853 -53.118009 -37.075226 26.838327 -59.915034 -0.000007 0.000002 0.000000 -23.858763 25.411647 -76.321818 -21.838169 25.099323 -80.634106 -22.014094 25.467687 -81.950590 5.736328 2.816501 -89.640352 5.320731 3.602574 -87.068922 7.795972 0.053453 -93.646347 23.802647 -14.554071 -87.196142 22.782472 -13.646665 -87.767063 24.949902 -17.925422 -89.719869 56.663400 -29.370975 -61.721749 52.656237 -31.975998 -67.688145 54.138938 -35.482150 -66.835546 7.775823 -0.922022 -2.522669 10.232830 -0.056912 0.164386 -67.326869 0.024196 0.084995 -56.443314 -2.366666 3.408852 7.788771 0.986136 3.296634 10.234065 0.086170 0.601377 -67.326903 0.024195 0.084996 -56.435971 2.287591 -3.515892 51.129550 0.160410 -0.189028 55.802926 0.158575 -0.188595 60.687078 0.155537 -0.220951 67.254742 0.149208 -0.302390 71.709466 0.142392 -0.336489 73.015371 0.139876 -0.394914 
0.449939 0.341507 0.203168 -0.000000 0.000000 -0.000000 -0.000000 0.000000 -0.000000 -0.000000 0.000000 -0.000000 -0.000000 0.000000 0.000000 -0.000000 0.000000 0.000000 0.482079 0.043725 2.097184 0.000000 -0.000000 -0.000000 -0.000003 0.000000 -0.000000 -0.000000 0.000000 -0.000000 -0.000000 0.000000 -0.000000 -0.000000 0.000000 0.000000 -0.000000 0.000000 -0.000000 -0.224484 0.019869 -0.000535 -0.000000 -0.000000 -0.000000 -0.000003 0.000000 -0.000000 -0.000001 -0.000000 -0.000000 -0.000001 -0.000000 -0.000000 -0.000000 -0.000000 -0.000000 0.000000 -0.000000 -0.000000 -0.000000 0.000000 0.000000 -0.015787 -0.178104 -3.989859 -0.000000 0.000000 0.000000 -0.000000 0.000000 0.000000 -0.000000 0.000000 -0.000000 -0.000000 -0.000000 0.000000 -0.000000 -0.000000 0.000000 -0.000000 0.000000 0.000000 -0.000000 -0.000000 0.000000 0.000004 0.000002 0.000002 0.000000 -0.000002 0.000000 -0.000000 0.000000 0.000000 -0.000000 0.000000 0.000000 -0.000000 0.000000 0.000000 -0.000001 -0.000000 -0.000000 0.000002 0.000000 -0.000000 -0.000000 -0.000000 0.000000 0.000000 -0.000000 0.000000 -0.000000 0.000002 0.000000 -0.000002 0.000000 0.000003 -0.000000 0.000000 0.000000 -0.000000 0.000000 0.000000 -0.000000 0.000000 0.000000 -0.000000 0.000000 0.000000 -0.000000 -0.000003 0.000000 -0.000000 -0.000002 0.000000 -0.000000 0.000003 0.000000 -0.000002 -0.000000 0.000000 0.000002 -0.000000 0.000000 0.000003 -0.000000 0.000000 -0.000000 0.000000 0.000000 0.000000 -0.000000 0.000001 0.000003 0.000000 -0.000002 -0.000000 0.000000 0.000000 -0.000000 -0.000000 0.000000 0.000000 0.000000 0.000000 0.000000 0.000002 0.000000 -0.000000 -0.000003 0.000000 -0.000000 0.000000 0.000000 0.000000 -0.000002 -0.000000 -0.000000 0.000000 0.000000 -0.000000 0.000000 0.000000 -0.000001 -0.000000 -0.000000 0.000002 0.000000 -0.000000 0.000000 -0.000000 -0.000000 0.000000 -0.000000 -0.000000 0.000005 0.000000 0.000000 -0.000003 -0.000002 0.000001 -19.490409 1.434397 -53.363725 0.000000 0.000002 0.000002 0.000001 -0.000001 0.000001 0.000002 -0.000000 -0.000002 0.000002 -0.000002 -0.000002 0.000002 0.000001 -0.000002 0.000000 0.000001 5.247691 0.000001 -0.000001 0.000001 -23.220722 10.714209 55.100355 -0.000000 -0.000000 0.000001 -0.000001 0.000001 0.000002 0.000001 -0.000001 0.000001 0.000000 -0.000001 0.000001 0.000000 0.000002 -0.000001 0.000000 0.000000 -0.000000 -0.000000 0.000000 -0.000000 6.477230 0.974137 -8.175065 -0.000001 0.000000 -0.000000 -15.349255 -0.896872 0.537036 0.000000 0.000000 -0.000001 11.928179 0.520978 -1.582705 -0.000000 -0.000001 -0.000003 -0.000000 -0.000001 -0.000001 0.000000 0.000000 0.000001 -0.052112 1.322548 0.511843 0.000000 -0.000000 -0.000000 -3.605592 0.210984 -1.400078 -0.000000 -0.000000 -0.000000 -1.304662 1.061571 -2.219896 -0.000002 0.000000 0.000001 14.652800 0.112179 0.059647 -0.000001 0.000000 -0.000000 27.033708 -2.656986 -24.906543 27.161074 3.106031 24.968025 29.192710 4.941874 28.276527 30.251321 5.426698 29.251313 36.414091 7.685424 30.877841 46.161690 16.745657 37.980780 28.983935 -4.543076 -28.301679 30.051026 -5.024190 -29.292895 36.242148 -7.272905 -31.017221 46.121173 -16.854605 -37.759014 -65.309668 0.474954 -0.346336 -91.632349 1.077330 -0.072696 34.343550 6.426504 28.706926 4.749600 -0.031794 -0.032815 34.351251 -6.290516 -28.768415 4.749600 -0.031794 -0.032815 -42.660539 -27.091766 52.991982 -37.083549 -26.861283 59.784113 -32.243629 -29.333234 63.920476 -23.842013 -25.370748 76.237130 -21.839274 -24.997145 80.500179 -22.479099 -26.216614 80.954503 5.768303 -2.493135 89.532790 5.351868 -3.310341 87.012847 7.852002 0.473619 93.403937 23.900881 15.046403 86.902696 22.868834 14.125869 87.504497 25.674218 20.509617 88.242445 57.215754 29.863038 60.645878 52.757126 31.195561 67.393640 54.647551 34.406695 65.893963 -42.652790 27.028853 -53.118009 -37.075226 26.838327 -59.915034 -0.000007 0.000002 0.000000 -23.858763 25.411647 -76.321818 -21.838169 25.099323 -80.634106 -22.014094 25.467687 -81.950590 5.736328 2.816501 -89.640352 5.320731 3.602574 -87.068922 7.795972 0.053453 -93.646347 23.802647 -14.554071 -87.196142 22.782472 -13.646665 -87.767063 24.949902 -17.925422 -89.719869 56.663400 -29.370975 -61.721749 52.656237 -31.975998 -67.688145 54.138938 -35.482150 -66.835546 7.775823 -0.922022 -2.522669 10.232830 -0.056912 0.164386 -67.326869 0.024196 0.084995 -56.443314 -2.366666 3.408852 7.788771 0.986136 3.296634 10.234065 0.086170 0.601377 -67.326903 0.024195 0.084996 -56.435971 2.287591 -3.515892 51.129550 0.160410 -0.189028 55.802926 0.158575 -0.188595 60.687078 0.155537 -0.220951 67.254742 0.149208 -0.302390 71.709466 0.142392 -0.336489 73.015371 0.139876 -0.394914 
0.443341 0.341507 0.203168 -0.000000 0.000000 -0.000000 -0.000000 0.000000 -0.000000 -0.000000 0.000000 -0.000000 -0.000000 0.000000 0.000000 -0.000000 0.000000 0.000000 0.417704 0.016729 1.196958 0.000000 0.000000 -0.000000 0.000000 -0.000000 -0.000000 -0.000000 -0.000000 -0.000000 -0.000000 -0.000000 -0.000000 0.000000 -0.000000 0.000000 -0.000000 0.000000 0.000000 -0.194261 0.017194 -0.000467 0.000000 0.000000 -0.000000 0.000003 -0.000000 0.000000 -0.000001 0.000000 0.000000 -0.000001 0.000000 0.000000 0.000000 0.000000 0.000000 0.000000 -0.000000 -0.000000 0.000000 -0.000000 -0.000000 -0.011066 -0.126922 -2.502803 0.000000 -0.000000 0.000000 0.000000 -0.000000 0.000000 0.000000 -0.000000 0.000000 0.000000 -0.000000 0.000000 0.000002 0.000000 0.000000 0.000000 -0.000000 0.000000 0.000000 -0.000000 0.000000 -0.000002 -0.000001 -0.000000 -0.000000 0.000003 0.000000 0.000000 -0.000000 0.000000 0.000000 -0.000000 0.000000 0.000000 -0.000000 0.000000 0.000000 -0.000000 0.000000 -0.000000 0.000000 0.000000 0.000000 -0.000002 0.000000 -0.000000 0.000003 0.000000 -0.000000 -0.000000 0.000000 -0.000002 -0.000001 0.000003 0.000000 -0.000002 0.000000 0.000000 -0.000000 0.000000 0.000000 -0.000000 0.000000 0.000000 -0.000000 0.000000 0.000000 0.000000 0.000000 -0.000000 0.000000 0.000000 0.000000 0.000002 0.000000 0.000002 0.000000 0.000000 -0.000002 0.000000 0.000000 -0.000000 -0.000000 0.000000 -0.000000 0.000000 0.000000 0.000000 -0.000002 -0.000003 0.000000 0.000002 0.000002 0.000000 -0.000000 0.000000 0.000000 -0.000000 0.000000 -0.000000 -0.000000 0.000000 -0.000000 -0.000000 0.000000 -0.000000 0.000003 0.000000 -0.000000 0.000000 0.000000 0.000000 -0.000003 0.000000 0.000000 -0.000000 0.000000 0.000000 -0.000000 0.000000 0.000000 -0.000000 0.000000 -0.000000 0.000000 0.000000 0.000000 -0.000000 0.000000 0.000000 -0.000000 0.000000 0.000001 -0.000001 0.000001 -0.000001 -0.000000 0.000000 -19.478079 1.585014 -53.841592 0.000001 -0.000001 -0.000001 0.000002 0.000000 0.000000 0.000000 0.000002 -0.000005 -0.000001 -0.000002 -0.000002 -0.000001 0.000002 0.000003 -0.000000 0.000001 5.247692 0.000000 0.000000 -0.000001 -23.030711 11.103622 54.075407 -0.000000 0.000003 -0.000000 -0.000001 0.000003 0.000001 0.000001 0.000003 -0.000000 0.000001 0.000005 -0.000001 0.000000 0.000002 -0.000000 0.000000 0.000000 -0.000000 -0.000000 0.000000 -0.000000 6.453844 1.153706 -6.916067 -0.000000 0.000000 0.000000 -15.349257 -0.896873 0.537035 -0.000001 -0.000000 -0.000000 11.928178 0.520977 -1.582703 -0.000000 -0.000001 0.000000 0.000000 -0.000002 0.000001 -0.000000 -0.000000 0.000002 -0.095025 1.372843 2.336473 0.000000 0.000000 -0.000000 -3.605592 0.210984 -1.400078 0.000000 0.000000 -0.000000 -1.304661 1.061572 -2.219898 -0.000002 0.000000 0.000001 14.652800 0.112178 0.059647 -0.000001 0.000000 0.000003 27.033708 -2.656986 -24.906543 27.161074 3.106031 24.968025 29.192710 4.941874 28.276527 30.251321 5.426698 29.251313 36.414091 7.685424 30.877841 46.161690 16.745657 37.980780 28.983935 -4.543076 -28.301679 30.051026 -5.024190 -29.292895 36.242148 -7.272905 -31.017221 46.121173 -16.854605 -37.759014 -65.309668 0.474954 -0.346336 -91.632349 1.077330 -0.072696 34.343550 6.426504 28.706926 4.749600 -0.031794 -0.032815 34.351251 -6.290516 -28.768415 4.749600 -0.031794 -0.032815 -42.660539 -27.091766 52.991982 -37.083549 -26.861283 59.784113 -32.243629 -29.333234 63.920476 -23.842013 -25.370748 76.237130 -21.839274 -24.997145 80.500179 -22.479099 -26.216614 80.954503 5.768303 -2.493135 89.532790 5.351868 -3.310341 87.012847 7.852002 0.473619 93.403937 23.900881 15.046403 86.902696 22.868834 14.125869 87.504497 25.674218 20.509617 88.242445 57.215754 29.863038 60.645878 52.757126 31.195561 67.393640 54.647551 34.406695 65.893963 -42.652790 27.028853 -53.118009 -37.075226 26.838327 -59.915034 -0.000007 0.000002 0.000000 -23.858763 25.411647 -76.321818 -21.838169 25.099323 -80.634106 -22.014094 25.467687 -81.950590 5.736328 2.816501 -89.640352 5.320731 3.602574 -87.068922 7.795972 0.053453 -93.646347 23.802647 -14.554071 -87.196142 22.782472 -13.646665 -87.767063 24.949902 -17.925422 -89.719869 56.663400 -29.370975 -61.721749 52.656237 -31.975998 -67.688145 54.138938 -35.482150 -66.835546 7.775823 -0.922022 -2.522669 10.232830 -0.056912 0.164386 -67.326869 0.024196 0.084995 -56.443314 -2.366666 3.408852 7.788771 0.986136 3.296634 10.234065 0.086170 0.601377 -67.326903 0.024195 0.084996 -56.435971 2.287591 -3.515892 51.129550 0.160410 -0.189028 55.802926 0.158575 -0.188595 60.687078 0.155537 -0.220951 67.254742 0.149208 -0.302390 71.709466 0.142392 -0.336489 73.015371 0.139876 -0.394914 
0.436224 0.341507 0.203168 -0.000000 0.000000 -0.000000 -0.000000 0.000000 -0.000000 -0.000000 0.000000 -0.000000 -0.000000 0.000000 0.000000 -0.000000 0.000000 0.000000 0.347788 -0.011257 0.225739 0.000000 -0.000000 -0.000000 0.000000 0.000000 -0.000000 0.000000 -0.000000 -0.000000 0.000000 -0.000000 -0.000000 -0.000000 -0.000000 -0.000000 0.000000 0.000000 0.000000 -0.161665 0.014309 -0.000393 0.000000 0.000000 -0.000000 -0.000003 0.000000 -0.000000 -0.000002 0.000000 -0.000000 -0.000002 0.000000 -0.000000 -0.000000 0.000000 -0.000000 0.000000 0.000000 0.000000 0.000000 -0.000000 -0.000000 -0.007462 -0.071569 -0.897964 0.000000 -0.000000 0.000000 0.000000 -0.000000 0.000000 0.000000 -0.000000 0.000000 0.000000 0.000000 0.000000 -0.000002 -0.000000 -0.000000 0.000000 0.000000 0.000000 0.000000 0.000000 0.000000 -0.000001 0.000002 0.000004 -0.000000 -0.000000 0.000000 0.000000 0.000000 0.000000 0.000000 0.000000 0.000000 0.000000 0.000000 0.000000 0.000000 0.000000 0.000000 -0.000000 -0.000000 0.000000 0.000000 0.000003 0.000000 0.000000 0.000001 0.000000 0.000000 -0.000000 0.000000 -0.000002 -0.000001 0.000003 0.000000 0.000000 0.000000 0.000000 0.000000 0.000000 0.000000 0.000000 0.000000 0.000000 0.000000 0.000000 0.000000 -0.000002 0.000000 0.000000 -0.000002 0.000000 0.000000 -0.000002 0.000000 -0.000000 -0.000000 0.000000 -0.000007 -0.000000 0.000000 -0.000001 0.000000 0.000000 -0.000000 -0.000000 -0.000000 0.000000 -0.000000 -0.000001 -0.000000 0.000002 -0.000002 0.000000 0.000000 0.000000 0.000000 0.000000 0.000000 0.000000 0.000000 0.000000 0.000000 -0.000002 0.000000 -0.000000 -0.000003 0.000000 0.000000 0.000000 0.000000 -0.000000 0.000000 0.000000 0.000000 0.000000 0.000000 0.000000 0.000000 0.000000 0.000000 0.000000 0.000000 -0.000000 -0.000000 0.000000 0.000000 -0.000000 0.000000 0.000000 -0.000000 0.000000 0.000003 -0.000001 -0.000002 0.000001 0.000000 -0.000001 -19.463363 1.747356 -54.357128 0.000002 -0.000000 0.000001 0.000001 0.000000 0.000000 0.000002 0.000003 -0.000005 0.000000 0.000002 -0.000003 -0.000000 0.000000 0.000005 -0.000001 0.000001 5.247692 0.000001 -0.000001 -0.000001 -22.817485 11.519946 52.966529 -0.000001 0.000000 0.000002 -0.000002 0.000000 0.000002 0.000000 0.000001 -0.000001 0.000001 -0.000001 -0.000000 0.000001 -0.000002 -0.000004 0.000000 0.000000 -0.000000 -0.000000 0.000000 -0.000000 6.424188 1.346840 -5.557372 -0.000000 -0.000000 -0.000000 -15.349254 -0.896872 0.537035 0.000001 -0.000000 -0.000000 11.928179 0.520978 -1.582703 -0.000002 0.000000 -0.000002 0.000000 -0.000001 0.000004 -0.000000 0.000000 -0.000001 -0.143123 1.425573 4.306276 -0.000000 -0.000000 -0.000001 -3.605594 0.210985 -1.400078 -0.000000 0.000000 0.000000 -1.304662 1.061571 -2.219898 0.000002 0.000000 0.000002 14.652800 0.112179 0.059647 0.000001 0.000000 -0.000000 27.033708 -2.656986 -24.906543 27.161074 3.106031 24.968025 29.192710 4.941874 28.276527 30.251321 5.426698 29.251313 36.414091 7.685424 30.877841 46.161690 16.745657 37.980780 28.983935 -4.543076 -28.301679 30.051026 -5.024190 -29.292895 36.242148 -7.272905 -31.017221 46.121173 -16.854605 -37.759014 -65.309668 0.474954 -0.346336 -91.632349 1.077330 -0.072696 34.343550 6.426504 28.706926 4.749600 -0.031794 -0.032815 34.351251 -6.290516 -28.768415 4.749600 -0.031794 -0.032815 -42.660539 -27.091766 52.991982 -37.083549 -26.861283 59.784113 -32.243629 -29.333234 63.920476 -23.842013 -25.370748 76.237130 -21.839274 -24.997145 80.500179 -22.479099 -26.216614 80.954503 5.768303 -2.493135 89.532790 5.351868 -3.310341 87.012847 7.852002 0.473619 93.403937 23.900881 15.046403 86.902696 22.868834 14.125869 87.504497 25.674218 20.509617 88.242445 57.215754 29.863038 60.645878 52.757126 31.195561 67.393640 54.647551 34.406695 65.893963 -42.652790 27.028853 -53.118009 -37.075226 26.838327 -59.915034 -0.000007 0.000002 0.000000 -23.858763 25.411647 -76.321818 -21.838169 25.099323 -80.634106 -22.014094 25.467687 -81.950590 5.736328 2.816501 -89.640352 5.320731 3.602574 -87.068922 7.795972 0.053453 -93.646347 23.802647 -14.554071 -87.196142 22.782472 -13.646665 -87.767063 24.949902 -17.925422 -89.719869 56.663400 -29.370975 -61.721749 52.656237 -31.975998 -67.688145 54.138938 -35.482150 -66.835546 7.775823 -0.922022 -2.522669 10.232830 -0.056912 0.164386 -67.326869 0.024196 0.084995 -56.443314 -2.366666 3.408852 7.788771 0.986136 3.296634 10.234065 0.086170 0.601377 -67.326903 0.024195 0.084996 -56.435971 2.287591 -3.515892 51.129550 0.160410 -0.189028 55.802926 0.158575 -0.188595 60.687078 0.155537 -0.220951 67.254742 0.149208 -0.302390 71.709466 0.142392 -0.336489 73.015371 0.139876 -0.394914 
0.428934 0.341507 0.203168 -0.000000 0.000000 -0.000000 -0.000000 0.000000 -0.000000 -0.000000 0.000000 -0.000000 -0.000000 0.000000 0.000000 -0.000000 0.000000 0.000000 0.275688 -0.038691 -0.769182 -0.000000 0.000000 0.000000 -0.000003 -0.000000 0.000000 -0.000000 0.000000 0.000000 -0.000000 0.000000 0.000000 -0.000000 0.000000 0.000000 -0.000000 -0.000000 -0.000000 -0.128276 0.011353 -0.000315 -0.000000 -0.000000 0.000000 -0.000002 -0.000000 -0.000000 -0.000001 -0.000000 -0.000000 -0.000001 -0.000000 -0.000000 -0.000000 -0.000000 -0.000000 0.000000 -0.000000 0.000000 0.000000 0.000000 -0.000000 -0.005380 -0.014778 0.746183 0.000000 -0.000000 0.000000 0.000000 -0.000000 0.000000 0.000000 -0.000000 -0.000000 -0.000000 -0.000000 -0.000000 -0.000000 -0.000000 0.000000 0.000000 -0.000000 -0.000000 -0.000000 -0.000000 -0.000000 0.000001 0.000000 0.000002 -0.000000 -0.000002 -0.000000 0.000000 -0.000000 -0.000000 0.000000 -0.000000 -0.000000 0.000000 -0.000000 -0.000000 0.000001 -0.000000 -0.000000 -0.000000 0.000000 -0.000000 -0.000000 0.000002 -0.000000 -0.000000 -0.000001 -0.000000 -0.000000 -0.000000 -0.000000 -0.000004 0.000000 0.000003 0.000000 0.000000 -0.000000 0.000000 -0.000000 -0.000000 0.000000 -0.000000 -0.000000 0.000000 -0.000000 -0.000000 0.000000 -0.000002 -0.000000 0.000000 -0.000001 -0.000000 -0.000000 0.000000 -0.000000 -0.000000 0.000000 0.000000 -0.000000 -0.000000 -0.000000 -0.000001 -0.000000 0.000000 -0.000000 -0.000000 0.000000 0.000000 0.000000 -0.000004 0.000000 0.000002 -0.000000 0.000000 -0.000000 -0.000000 -0.000000 -0.000000 -0.000000 0.000000 0.000000 -0.000000 -0.000000 0.000002 -0.000000 -0.000000 -0.000000 0.000000 0.000000 -0.000002 0.000000 0.000000 0.000002 0.000000 0.000000 -0.000000 -0.000000 0.000000 -0.000000 -0.000000 0.000001 -0.000000 -0.000000 -0.000000 0.000000 -0.000000 0.000000 -0.000000 -0.000000 0.000000 -0.000000 -0.000000 0.000001 -0.000000 0.000000 0.000002 0.000001 0.000000 -19.446776 1.913503 -54.885279 0.000002 0.000002 0.000001 0.000002 0.000001 -0.000002 -0.000000 0.000004 0.000001 0.000001 0.000003 0.000001 0.000001 -0.000000 -0.000001 0.000001 0.000002 5.247692 -0.000000 0.000000 -0.000001 -22.590221 11.942142 51.827243 -0.000001 0.000001 0.000000 0.000000 -0.000001 -0.000002 0.000001 0.000002 -0.000000 0.000000 -0.000002 -0.000001 -0.000002 0.000001 0.000002 0.000000 0.000000 -0.000000 -0.000000 0.000000 -0.000000 6.389063 1.543910 -4.165242 -0.000001 0.000000 0.000000 -15.349255 -0.896872 0.537036 -0.000001 -0.000000 -0.000000 11.928181 0.520978 -1.582703 -0.000002 0.000000 0.000000 0.000001 0.000000 -0.000001 0.000000 0.000000 0.000001 -0.194256 1.477853 6.324629 -0.000000 -0.000000 0.000001 -3.605590 0.210984 -1.400078 0.000000 -0.000000 -0.000000 -1.304661 1.061572 -2.219896 -0.000000 0.000000 0.000001 14.652800 0.112177 0.059647 -0.000000 -0.000000 -0.000001 27.033708 -2.656986 -24.906543 27.161074 3.106031 24.968025 29.192710 4.941874 28.276527 30.251321 5.426698 29.251313 36.414091 7.685424 30.877841 46.161690 16.745657 37.980780 28.983935 -4.543076 -28.301679 30.051026 -5.024190 -29.292895 36.242148 -7.272905 -31.017221 46.121173 -16.854605 -37.759014 -65.309668 0.474954 -0.346336 -91.632349 1.077330 -0.072696 34.343550 6.426504 28.706926 4.749600 -0.031794 -0.032815 34.351251 -6.290516 -28.768415 4.749600 -0.031794 -0.032815 -42.660539 -27.091766 52.991982 -37.083549 -26.861283 59.784113 -32.243629 -29.333234 63.920476 -23.842013 -25.370748 76.237130 -21.839274 -24.997145 80.500179 -22.479099 -26.216614 80.954503 5.768303 -2.493135 89.532790 5.351868 -3.310341 87.012847 7.852002 0.473619 93.403937 23.900881 15.046403 86.902696 22.868834 14.125869 87.504497 25.674218 20.509617 88.242445 57.215754 29.863038 60.645878 52.757126 31.195561 67.393640 54.647551 34.406695 65.893963 -42.652790 27.028853 -53.118009 -37.075226 26.838327 -59.915034 -0.000007 0.000002 0.000000 -23.858763 25.411647 -76.321818 -21.838169 25.099323 -80.634106 -22.014094 25.467687 -81.950590 5.736328 2.816501 -89.640352 5.320731 3.602574 -87.068922 7.795972 0.053453 -93.646347 23.802647 -14.554071 -87.196142 22.782472 -13.646665 -87.767063 24.949902 -17.925422 -89.719869 56.663400 -29.370975 -61.721749 52.656237 -31.975998 -67.688145 54.138938 -35.482150 -66.835546 7.775823 -0.922022 -2.522669 10.232830 -0.056912 0.164386 -67.326869 0.024196 0.084995 -56.443314 -2.366666 3.408852 7.788771 0.986136 3.296634 10.234065 0.086170 0.601377 -67.326903 0.024195 0.084996 -56.435971 2.287591 -3.515892 51.129550 0.160410 -0.189028 55.802926 0.158575 -0.188595 60.687078 0.155537 -0.220951 67.254742 0.149208 -0.302390 71.709466 0.142392 -0.336489 73.015371 0.139876 -0.394914 
0.421817 0.341507 0.203168 -0.000000 0.000000 -0.000000 -0.000000 0.000000 -0.000000 -0.000000 0.000000 -0.000000 -0.000000 0.000000 0.000000 -0.000000 0.000000 0.000000 0.204853 -0.064262 -1.740469 0.000000 0.000000 -0.000000 -0.000002 0.000000 -0.000000 0.000000 -0.000000 -0.000000 0.000000 -0.000000 -0.000000 -0.000000 0.000000 -0.000000 0.000000 0.000000 -0.000000 -0.095679 0.008468 -0.000238 0.000000 -0.000000 0.000000 -0.000000 0.000000 -0.000000 -0.000000 -0.000000 0.000000 -0.000000 -0.000000 0.000000 0.000000 0.000000 0.000000 0.000000 -0.000000 0.000000 0.000000 -0.000000 -0.000000 -0.004919 0.040690 2.351017 0.000000 0.000000 -0.000000 0.000000 0.000000 -0.000000 0.000000 0.000000 -0.000000 -0.000000 0.000000 -0.000000 -0.000000 0.000000 0.000000 -0.000000 0.000000 -0.000000 -0.000000 0.000000 -0.000000 -0.000003 0.000002 0.000002 0.000000 0.000002 0.000000 -0.000000 0.000000 -0.000000 -0.000000 0.000000 -0.000000 -0.000000 0.000000 -0.000000 -0.000001 0.000000 0.000000 -0.000000 -0.000000 0.000000 0.000000 0.000005 -0.000000 -0.000000 -0.000001 -0.000000 0.000000 0.000002 -0.000000 -0.000002 0.000000 0.000001 -0.000000 0.000000 -0.000000 -0.000000 0.000000 -0.000000 -0.000000 0.000000 -0.000000 -0.000000 0.000000 -0.000000 0.000000 -0.000002 -0.000000 -0.000000 -0.000002 -0.000000 0.000000 0.000003 -0.000000 0.000002 -0.000000 -0.000000 -0.000000 -0.000000 0.000000 -0.000001 -0.000000 0.000000 -0.000001 -0.000000 -0.000000 -0.000000 0.000003 0.000000 -0.000000 -0.000001 -0.000003 -0.000000 0.000000 -0.000000 -0.000000 0.000000 -0.000000 0.000000 0.000000 -0.000000 -0.000000 0.000002 -0.000000 -0.000000 -0.000000 -0.000000 -0.000000 0.000000 -0.000000 -0.000000 0.000000 -0.000000 -0.000000 0.000000 -0.000000 -0.000000 0.000000 -0.000000 -0.000001 0.000000 0.000000 -0.000000 -0.000000 0.000000 0.000000 0.000000 -0.000000 0.000000 0.000000 -0.000000 0.000004 0.000001 0.000002 0.000000 -0.000001 0.000000 -19.429103 2.075547 -55.401000 -0.000000 0.000002 -0.000000 -0.000000 0.000001 -0.000000 0.000001 -0.000000 -0.000002 0.000001 -0.000000 -0.000002 0.000002 -0.000002 0.000005 -0.000001 0.000001 5.247692 0.000001 0.000000 -0.000000 -22.359782 12.349931 50.711709 0.000001 -0.000003 0.000001 -0.000001 0.000000 -0.000000 -0.000002 0.000002 -0.000002 -0.000001 -0.000000 -0.000004 -0.000001 0.000005 -0.000003 0.000000 0.000000 -0.000000 -0.000000 0.000000 -0.000000 6.350164 1.735400 -2.806083 0.000000 -0.000000 0.000000 -15.349255 -0.896872 0.537036 -0.000000 -0.000000 0.000000 11.928177 0.520977 -1.582705 -0.000002 -0.000000 -0.000000 0.000000 -0.000001 0.000002 0.000000 -0.000000 -0.000001 -0.245909 1.527112 8.294613 -0.000000 -0.000000 0.000001 -3.605593 0.210985 -1.400078 0.000000 0.000000 0.000001 -1.304663 1.061572 -2.219896 -0.000000 0.000000 0.000001 14.652800 0.112178 0.059648 -0.000000 0.000000 0.000001 27.033708 -2.656986 -24.906543 27.161074 3.106031 24.968025 29.192710 4.941874 28.276527 30.251321 5.426698 29.251313 36.414091 7.685424 30.877841 46.161690 16.745657 37.980780 28.983935 -4.543076 -28.301679 30.051026 -5.024190 -29.292895 36.242148 -7.272905 -31.017221 46.121173 -16.854605 -37.759014 -65.309668 0.474954 -0.346336 -91.632349 1.077330 -0.072696 34.343550 6.426504 28.706926 4.749600 -0.031794 -0.032815 34.351251 -6.290516 -28.768415 4.749600 -0.031794 -0.032815 -42.660539 -27.091766 52.991982 -37.083549 -26.861283 59.784113 -32.243629 -29.333234 63.920476 -23.842013 -25.370748 76.237130 -21.839274 -24.997145 80.500179 -22.479099 -26.216614 80.954503 5.768303 -2.493135 89.532790 5.351868 -3.310341 87.012847 7.852002 0.473619 93.403937 23.900881 15.046403 86.902696 22.868834 14.125869 87.504497 25.674218 20.509617 88.242445 57.215754 29.863038 60.645878 52.757126 31.195561 67.393640 54.647551 34.406695 65.893963 -42.652790 27.028853 -53.118009 -37.075226 26.838327 -59.915034 -0.000007 0.000002 0.000000 -23.858763 25.411647 -76.321818 -21.838169 25.099323 -80.634106 -22.014094 25.467687 -81.950590 5.736328 2.816501 -89.640352 5.320731 3.602574 -87.068922 7.795972 0.053453 -93.646347 23.802647 -14.554071 -87.196142 22.782472 -13.646665 -87.767063 24.949902 -17.925422 -89.719869 56.663400 -29.370975 -61.721749 52.656237 -31.975998 -67.688145 54.138938 -35.482150 -66.835546 7.775823 -0.922022 -2.522669 10.232830 -0.056912 0.164386 -67.326869 0.024196 0.084995 -56.443314 -2.366666 3.408852 7.788771 0.986136 3.296634 10.234065 0.086170 0.601377 -67.326903 0.024195 0.084996 -56.435971 2.287591 -3.515892 51.129550 0.160410 -0.189028 55.802926 0.158575 -0.188595 60.687078 0.155537 -0.220951 67.254742 0.149208 -0.302390 71.709466 0.142392 -0.336489 73.015371 0.139876 -0.394914 
0.415219 0.341507 0.203168 -0.000000 0.000000 -0.000000 -0.000000 0.000000 -0.000000 -0.000000 0.000000 -0.000000 -0.000000 0.000000 0.000000 -0.000000 0.000000 0.000000 0.138815 -0.086889 -2.640815 -0.000000 -0.000000 -0.000000 -0.000002 -0.000000 -0.000000 -0.000000 -0.000000 -0.000000 -0.000000 -0.000000 -0.000000 -0.000000 0.000000 0.000000 -0.000000 0.000000 0.000000 -0.065457 0.005793 -0.000164 0.000000 0.000000 0.000000 -0.000003 0.000000 0.000000 -0.000000 0.000000 -0.000000 -0.000000 0.000000 -0.000000 -0.000000 0.000000 0.000000 0.000000 0.000000 0.000000 0.000000 -0.000000 0.000000 -0.005880 0.092080 3.838060 0.000000 0.000000 -0.000000 0.000000 0.000000 -0.000000 0.000000 0.000000 -0.000000 -0.000000 -0.000000 0.000000 -0.000000 0.000000 -0.000000 0.000000 0.000000 0.000000 -0.000000 -0.000000 0.000000 -0.000003 0.000002 0.000003 0.000000 -0.000003 -0.000000 0.000000 0.000000 0.000000 0.000000 0.000000 0.000000 0.000000 0.000000 0.000000 0.000000 0.000000 -0.000000 -0.000002 0.000000 -0.000000 -0.000000 0.000002 -0.000000 0.000000 -0.000000 -0.000000 0.000000 -0.000000 -0.000000 -0.000004 0.000000 0.000003 -0.000000 -0.000002 -0.000000 0.000000 0.000000 0.000000 0.000000 0.000000 0.000000 0.000000 0.000000 0.000000 -0.000000 -0.000003 0.000000 0.000000 -0.000003 -0.000000 0.000000 0.000000 -0.000000 0.000002 -0.000000 -0.000000 -0.000005 -0.000000 0.000000 0.000000 0.000000 -0.000000 -0.000000 -0.000000 -0.000000 -0.000000 -0.000000 -0.000001 0.000002 0.000001 0.000005 0.000000 0.000000 0.000000 -0.000000 -0.000000 0.000000 -0.000000 0.000000 0.000000 -0.000000 -0.000000 0.000000 -0.000000 -0.000000 0.000000 0.000000 -0.000003 0.000000 0.000000 0.000002 0.000000 0.000000 0.000000 0.000000 0.000000 0.000000 0.000000 0.000000 0.000000 -0.000000 -0.000002 0.000000 -0.000000 0.000000 0.000000 -0.000000 0.000000 0.000000 -0.000000 0.000001 0.000001 0.000001 0.000002 -0.000001 0.000000 -19.411415 2.225631 -55.879202 -0.000000 0.000000 -0.000006 -0.000000 0.000002 -0.000004 -0.000000 -0.000001 -0.000003 0.000000 -0.000002 -0.000001 0.000001 0.000003 -0.000002 0.000001 0.000002 5.247692 0.000001 -0.000000 0.000000 -22.138648 12.723905 49.674723 0.000001 0.000001 -0.000000 -0.000001 0.000000 -0.000005 0.000001 -0.000003 -0.000003 -0.000001 -0.000001 -0.000002 0.000001 0.000002 0.000005 0.000000 0.000000 -0.000000 -0.000000 0.000000 -0.000000 6.310061 1.911993 -1.546241 -0.000001 -0.000000 0.000000 -15.349255 -0.896873 0.537035 -0.000000 0.000000 0.000000 11.928180 0.520978 -1.582701 -0.000002 0.000001 -0.000001 -0.000000 -0.000001 0.000002 0.000000 -0.000000 0.000000 -0.295243 1.571134 10.119566 0.000000 -0.000000 0.000001 -3.605593 0.210985 -1.400078 -0.000000 0.000000 0.000000 -1.304663 1.061573 -2.219896 -0.000000 0.000001 -0.000001 14.652801 0.112177 0.059641 0.000000 0.000001 0.000003 27.033708 -2.656986 -24.906543 27.161074 3.106031 24.968025 29.192710 4.941874 28.276527 30.251321 5.426698 29.251313 36.414091 7.685424 30.877841 46.161690 16.745657 37.980780 28.983935 -4.543076 -28.301679 30.051026 -5.024190 -29.292895 36.242148 -7.272905 -31.017221 46.121173 -16.854605 -37.759014 -65.309668 0.474954 -0.346336 -91.632349 1.077330 -0.072696 34.343550 6.426504 28.706926 4.749600 -0.031794 -0.032815 34.351251 -6.290516 -28.768415 4.749600 -0.031794 -0.032815 -42.660539 -27.091766 52.991982 -37.083549 -26.861283 59.784113 -32.243629 -29.333234 63.920476 -23.842013 -25.370748 76.237130 -21.839274 -24.997145 80.500179 -22.479099 -26.216614 80.954503 5.768303 -2.493135 89.532790 5.351868 -3.310341 87.012847 7.852002 0.473619 93.403937 23.900881 15.046403 86.902696 22.868834 14.125869 87.504497 25.674218 20.509617 88.242445 57.215754 29.863038 60.645878 52.757126 31.195561 67.393640 54.647551 34.406695 65.893963 -42.652790 27.028853 -53.118009 -37.075226 26.838327 -59.915034 -0.000007 0.000002 0.000000 -23.858763 25.411647 -76.321818 -21.838169 25.099323 -80.634106 -22.014094 25.467687 -81.950590 5.736328 2.816501 -89.640352 5.320731 3.602574 -87.068922 7.795972 0.053453 -93.646347 23.802647 -14.554071 -87.196142 22.782472 -13.646665 -87.767063 24.949902 -17.925422 -89.719869 56.663400 -29.370975 -61.721749 52.656237 -31.975998 -67.688145 54.138938 -35.482150 -66.835546 7.775823 -0.922022 -2.522669 10.232830 -0.056912 0.164386 -67.326869 0.024196 0.084995 -56.443314 -2.366666 3.408852 7.788771 0.986136 3.296634 10.234065 0.086170 0.601377 -67.326903 0.024195 0.084996 -56.435971 2.287591 -3.515892 51.129550 0.160410 -0.189028 55.802926 0.158575 -0.188595 60.687078 0.155537 -0.220951 67.254742 0.149208 -0.302390 71.709466 0.142392 -0.336489 73.015371 0.139876 -0.394914 
0.409485 0.341507 0.203168 -0.000000 0.000000 -0.000000 -0.000000 0.000000 -0.000000 -0.000000 0.000000 -0.000000 -0.000000 0.000000 0.000000 -0.000000 0.000000 0.000000 0.081164 -0.105701 -3.422999 0.000000 0.000000 -0.000000 -0.000002 0.000000 -0.000000 0.000000 0.000000 -0.000000 0.000000 0.000000 -0.000000 -0.000000 0.000000 -0.000000 -0.000000 -0.000000 -0.000000 -0.039195 0.003469 -0.000099 -0.000000 0.000000 -0.000000 -0.000003 -0.000000 0.000000 -0.000001 -0.000000 0.000000 -0.000001 -0.000000 0.000000 -0.000000 0.000000 0.000000 0.000000 0.000000 0.000000 0.000000 0.000000 0.000000 -0.007795 0.136668 5.129245 0.000000 -0.000000 0.000000 0.000000 -0.000000 0.000000 0.000000 -0.000000 0.000000 0.000000 -0.000000 0.000000 -0.000000 -0.000000 0.000000 0.000000 -0.000000 0.000000 0.000000 -0.000000 0.000000 0.000003 0.000000 -0.000000 0.000000 0.000002 0.000000 0.000000 -0.000000 0.000000 0.000000 -0.000000 0.000000 0.000000 -0.000000 0.000000 0.000001 -0.000000 0.000000 0.000002 -0.000000 0.000000 0.000000 0.000003 0.000000 0.000000 0.000003 0.000000 -0.000000 -0.000002 0.000000 0.000001 -0.000001 0.000003 -0.000000 0.000000 0.000000 0.000000 -0.000000 0.000000 0.000000 -0.000000 0.000000 0.000000 -0.000000 0.000000 -0.000000 -0.000002 0.000000 0.000000 -0.000002 0.000000 0.000000 0.000002 0.000000 -0.000000 0.000000 0.000000 -0.000003 -0.000000 -0.000000 -0.000002 0.000000 0.000000 -0.000000 0.000000 0.000000 0.000000 -0.000002 -0.000001 0.000001 0.000003 -0.000000 0.000000 -0.000000 0.000000 0.000000 -0.000000 0.000000 0.000000 -0.000000 0.000000 -0.000000 -0.000000 0.000000 -0.000000 0.000002 0.000000 0.000000 -0.000002 0.000000 0.000000 0.000000 0.000000 0.000000 -0.000000 0.000000 0.000000 -0.000000 0.000000 0.000001 -0.000000 0.000000 0.000002 -0.000000 0.000000 0.000000 -0.000000 0.000000 0.000000 -0.000000 0.000000 0.000004 -0.000000 0.000002 0.000001 -0.000002 0.000001 -19.395026 2.355908 -56.294788 -0.000000 -0.000003 0.000002 -0.000000 -0.000001 0.000003 -0.000000 0.000001 0.000001 -0.000001 -0.000000 0.000000 0.000000 0.000000 0.000003 0.000000 0.000001 5.247692 0.000001 -0.000001 -0.000000 -21.940680 13.045518 48.771509 -0.000001 -0.000002 -0.000005 -0.000002 0.000001 -0.000001 0.000001 0.000002 0.000001 0.000001 -0.000003 0.000003 0.000000 0.000004 -0.000000 0.000000 0.000000 -0.000000 -0.000000 0.000000 -0.000000 6.272085 2.064613 -0.451888 -0.000001 0.000000 0.000000 -15.349257 -0.896872 0.537035 0.000000 0.000000 -0.000000 11.928180 0.520978 -1.582701 0.000002 0.000001 -0.000001 -0.000000 -0.000000 -0.000001 0.000000 0.000000 0.000000 -0.339181 1.608052 11.703559 0.000000 -0.000000 0.000000 -3.605592 0.210984 -1.400078 0.000000 -0.000000 -0.000001 -1.304661 1.061572 -2.219896 0.000002 0.000001 0.000000 14.652801 0.112179 0.059645 -0.000001 0.000000 0.000004 27.033708 -2.656986 -24.906543 27.161074 3.106031 24.968025 29.192710 4.941874 28.276527 30.251321 5.426698 29.251313 36.414091 7.685424 30.877841 46.161690 16.745657 37.980780 28.983935 -4.543076 -28.301679 30.051026 -5.024190 -29.292895 36.242148 -7.272905 -31.017221 46.121173 -16.854605 -37.759014 -65.309668 0.474954 -0.346336 -91.632349 1.077330 -0.072696 34.343550 6.426504 28.706926 4.749600 -0.031794 -0.032815 34.351251 -6.290516 -28.768415 4.749600 -0.031794 -0.032815 -42.660539 -27.091766 52.991982 -37.083549 -26.861283 59.784113 -32.243629 -29.333234 63.920476 -23.842013 -25.370748 76.237130 -21.839274 -24.997145 80.500179 -22.479099 -26.216614 80.954503 5.768303 -2.493135 89.532790 5.351868 -3.310341 87.012847 7.852002 0.473619 93.403937 23.900881 15.046403 86.902696 22.868834 14.125869 87.504497 25.674218 20.509617 88.242445 57.215754 29.863038 60.645878 52.757126 31.195561 67.393640 54.647551 34.406695 65.893963 -42.652790 27.028853 -53.118009 -37.075226 26.838327 -59.915034 -0.000007 0.000002 0.000000 -23.858763 25.411647 -76.321818 -21.838169 25.099323 -80.634106 -22.014094 25.467687 -81.950590 5.736328 2.816501 -89.640352 5.320731 3.602574 -87.068922 7.795972 0.053453 -93.646347 23.802647 -14.554071 -87.196142 22.782472 -13.646665 -87.767063 24.949902 -17.925422 -89.719869 56.663400 -29.370975 -61.721749 52.656237 -31.975998 -67.688145 54.138938 -35.482150 -66.835546 7.775823 -0.922022 -2.522669 10.232830 -0.056912 0.164386 -67.326869 0.024196 0.084995 -56.443314 -2.366666 3.408852 7.788771 0.986136 3.296634 10.234065 0.086170 0.601377 -67.326903 0.024195 0.084996 -56.435971 2.287591 -3.515892 51.129550 0.160410 -0.189028 55.802926 0.158575 -0.188595 60.687078 0.155537 -0.220951 67.254742 0.149208 -0.302390 71.709466 0.142392 -0.336489 73.015371 0.139876 -0.394914 
0.404961 0.341507 0.203168 -0.000000 0.000000 -0.000000 -0.000000 0.000000 -0.000000 -0.000000 0.000000 -0.000000 -0.000000 0.000000 0.000000 -0.000000 0.000000 0.000000 0.035516 -0.119981 -4.039907 0.000000 -0.000000 0.000000 0.000000 0.000000 -0.000000 0.000000 0.000000 0.000000 0.000000 0.000000 0.000000 -0.000000 0.000000 0.000000 -0.000000 0.000000 -0.000000 -0.018476 0.001635 -0.000047 -0.000000 -0.000000 0.000000 -0.000003 0.000000 -0.000000 -0.000001 -0.000000 0.000000 -0.000001 -0.000000 0.000000 -0.000000 -0.000000 -0.000000 -0.000000 0.000000 -0.000000 0.000000 0.000000 0.000000 -0.010012 0.171777 6.147006 0.000000 0.000000 -0.000000 0.000000 -0.000000 -0.000000 0.000000 -0.000000 -0.000000 -0.000000 -0.000000 -0.000000 0.000003 -0.000000 -0.000000 0.000000 -0.000000 -0.000000 -0.000000 -0.000000 -0.000000 0.000001 0.000003 0.000003 -0.000000 -0.000000 -0.000000 0.000000 -0.000000 -0.000000 0.000000 -0.000000 -0.000000 0.000000 -0.000000 -0.000000 0.000000 -0.000000 -0.000000 0.000002 0.000000 -0.000000 -0.000000 0.000002 -0.000000 0.000000 -0.000000 -0.000000 0.000000 -0.000000 -0.000000 -0.000002 0.000000 0.000003 -0.000000 0.000000 -0.000000 0.000000 -0.000000 -0.000000 0.000000 -0.000000 -0.000000 0.000000 -0.000000 -0.000000 -0.000000 -0.000002 -0.000000 -0.000000 -0.000003 -0.000000 -0.000000 -0.000002 -0.000000 -0.000002 0.000000 -0.000000 -0.000002 -0.000000 0.000000 -0.000000 0.000000 0.000000 -0.000000 0.000000 -0.000000 0.000001 -0.000000 -0.000001 0.000001 0.000003 -0.000000 0.000000 -0.000000 -0.000000 -0.000000 -0.000000 -0.000000 0.000000 -0.000000 -0.000000 0.000000 0.000002 -0.000000 0.000000 -0.000000 -0.000000 -0.000000 -0.000002 -0.000000 0.000000 0.000002 0.000000 0.000000 -0.000000 -0.000000 0.000000 -0.000000 -0.000000 0.000000 -0.000000 -0.000000 0.000002 0.000000 -0.000000 0.000000 0.000000 -0.000000 0.000000 0.000000 -0.000000 0.000004 0.000003 0.000005 -0.000000 -0.000003 -0.000001 -19.381432 2.458602 -56.622702 -0.000002 0.000001 -0.000001 0.000001 0.000003 -0.000001 -0.000000 -0.000002 0.000000 0.000000 -0.000000 -0.000001 -0.000000 0.000003 -0.000000 0.000000 0.000001 5.247693 -0.000001 -0.000000 -0.000000 -21.780734 13.296967 48.057638 -0.000000 -0.000001 0.000003 0.000001 0.000000 0.000004 -0.000001 -0.000000 0.000005 0.000003 -0.000003 0.000006 -0.000001 0.000000 -0.000002 0.000000 0.000000 -0.000000 -0.000000 0.000000 -0.000000 6.240087 2.184414 0.411075 -0.000000 -0.000000 0.000000 -15.349255 -0.896873 0.537035 0.000000 0.000000 -0.000000 11.928180 0.520979 -1.582701 -0.000002 0.000001 -0.000002 0.000000 -0.000001 -0.000005 -0.000000 -0.000000 -0.000000 -0.374509 1.636275 12.951586 0.000000 -0.000000 0.000001 -3.605593 0.210985 -1.400078 0.000000 -0.000000 -0.000000 -1.304662 1.061572 -2.219898 -0.000000 0.000000 -0.000001 14.652800 0.112178 0.059648 -0.000001 0.000001 -0.000000 27.033708 -2.656986 -24.906543 27.161074 3.106031 24.968025 29.192710 4.941874 28.276527 30.251321 5.426698 29.251313 36.414091 7.685424 30.877841 46.161690 16.745657 37.980780 28.983935 -4.543076 -28.301679 30.051026 -5.024190 -29.292895 36.242148 -7.272905 -31.017221 46.121173 -16.854605 -37.759014 -65.309668 0.474954 -0.346336 -91.632349 1.077330 -0.072696 34.343550 6.426504 28.706926 4.749600 -0.031794 -0.032815 34.351251 -6.290516 -28.768415 4.749600 -0.031794 -0.032815 -42.660539 -27.091766 52.991982 -37.083549 -26.861283 59.784113 -32.243629 -29.333234 63.920476 -23.842013 -25.370748 76.237130 -21.839274 -24.997145 80.500179 -22.479099 -26.216614 80.954503 5.768303 -2.493135 89.532790 5.351868 -3.310341 87.012847 7.852002 0.473619 93.403937 23.900881 15.046403 86.902696 22.868834 14.125869 87.504497 25.674218 20.509617 88.242445 57.215754 29.863038 60.645878 52.757126 31.195561 67.393640 54.647551 34.406695 65.893963 -42.652790 27.028853 -53.118009 -37.075226 26.838327 -59.915034 -0.000007 0.000002 0.000000 -23.858763 25.411647 -76.321818 -21.838169 25.099323 -80.634106 -22.014094 25.467687 -81.950590 5.736328 2.816501 -89.640352 5.320731 3.602574 -87.068922 7.795972 0.053453 -93.646347 23.802647 -14.554071 -87.196142 22.782472 -13.646665 -87.767063 24.949902 -17.925422 -89.719869 56.663400 -29.370975 -61.721749 52.656237 -31.975998 -67.688145 54.138938 -35.482150 -66.835546 7.775823 -0.922022 -2.522669 10.232830 -0.056912 0.164386 -67.326869 0.024196 0.084995 -56.443314 -2.366666 3.408852 7.788771 0.986136 3.296634 10.234065 0.086170 0.601377 -67.326903 0.024195 0.084996 -56.435971 2.287591 -3.515892 51.129550 0.160410 -0.189028 55.802926 0.158575 -0.188595 60.687078 0.155537 -0.220951 67.254742 0.149208 -0.302390 71.709466 0.142392 -0.336489 73.015371 0.139876 -0.394914 
0.401993 0.341507 0.203168 -0.000000 0.000000 -0.000000 -0.000000 0.000000 -0.000000 -0.000000 0.000000 -0.000000 -0.000000 0.000000 0.000000 -0.000000 0.000000 0.000000 0.005496 -0.129080 -4.444517 -0.000000 -0.000000 0.000000 0.000000 -0.000000 0.000000 -0.000000 -0.000000 0.000000 -0.000000 -0.000000 0.000000 -0.000001 -0.000000 0.000000 -0.000000 -0.000000 -0.000000 -0.004883 0.000432 -0.000013 -0.000000 0.000000 0.000000 -0.000003 0.000000 0.000000 -0.000001 0.000000 0.000000 -0.000001 0.000000 0.000000 -0.000000 -0.000000 0.000001 -0.000000 0.000000 0.000001 -0.000000 0.000000 0.000000 -0.011804 0.194769 6.814181 0.000000 0.000000 -0.000000 0.000000 0.000000 -0.000000 0.000000 0.000000 0.000000 -0.000000 -0.000000 -0.000000 -0.000000 0.000000 0.000000 0.000000 0.000000 -0.000000 -0.000000 -0.000000 -0.000000 -0.000001 0.000003 0.000003 -0.000000 -0.000000 -0.000000 0.000000 0.000000 -0.000000 0.000000 0.000000 -0.000000 0.000000 0.000000 -0.000000 -0.000001 0.000000 -0.000000 0.000002 -0.000000 0.000000 0.000000 0.000002 -0.000000 -0.000000 0.000003 -0.000000 0.000000 -0.000000 -0.000000 -0.000002 0.000000 0.000003 0.000000 0.000002 -0.000000 0.000000 0.000000 -0.000000 0.000000 0.000000 -0.000000 0.000000 0.000000 -0.000000 -0.000000 -0.000002 -0.000000 0.000000 0.000000 -0.000000 -0.000000 -0.000003 -0.000000 -0.000000 -0.000000 -0.000000 -0.000007 0.000000 -0.000000 -0.000001 0.000000 0.000000 -0.000000 -0.000000 -0.000000 -0.000000 -0.000001 -0.000001 0.000001 0.000000 0.000002 0.000000 0.000000 -0.000000 -0.000000 -0.000000 -0.000000 0.000000 -0.000000 -0.000000 0.000000 0.000002 -0.000000 0.000000 0.000002 -0.000000 -0.000000 0.000000 0.000000 -0.000000 0.000000 0.000000 0.000000 0.000000 -0.000000 0.000000 0.000000 -0.000000 -0.000001 0.000000 -0.000000 0.000002 -0.000000 0.000000 0.000000 0.000000 0.000000 0.000000 0.000000 0.000000 0.000003 0.000001 0.000002 0.000001 -0.000001 0.000001 -19.372191 2.525928 -56.837822 -0.000002 0.000001 -0.000000 -0.000000 0.000002 -0.000001 0.000001 -0.000000 0.000001 0.000001 -0.000002 -0.000000 -0.000001 -0.000000 -0.000003 0.000001 0.000002 5.247693 -0.000001 -0.000000 -0.000000 -21.674017 13.460805 47.588711 -0.000000 0.000000 -0.000001 -0.000001 0.000002 -0.000003 -0.000001 -0.000000 -0.000003 0.000000 0.000001 -0.000001 -0.000003 0.000004 0.000002 0.000000 0.000000 -0.000000 -0.000000 0.000000 -0.000000 6.218129 2.262699 0.976974 -0.000000 -0.000000 -0.000000 -15.349257 -0.896873 0.537036 -0.000001 0.000000 -0.000000 11.928178 0.520977 -1.582702 -0.000003 0.000000 -0.000001 -0.000000 0.000001 0.000000 0.000000 -0.000000 -0.000002 -0.397987 1.654350 13.769409 -0.000000 -0.000000 -0.000001 -3.605592 0.210984 -1.400078 0.000000 -0.000000 -0.000000 -1.304660 1.061572 -2.219896 -0.000000 0.000001 -0.000001 14.652800 0.112178 0.059645 -0.000001 0.000000 -0.000003 27.033708 -2.656986 -24.906543 27.161074 3.106031 24.968025 29.192710 4.941874 28.276527 30.251321 5.426698 29.251313 36.414091 7.685424 30.877841 46.161690 16.745657 37.980780 28.983935 -4.543076 -28.301679 30.051026 -5.024190 -29.292895 36.242148 -7.272905 -31.017221 46.121173 -16.854605 -37.759014 -65.309668 0.474954 -0.346336 -91.632349 1.077330 -0.072696 34.343550 6.426504 28.706926 4.749600 -0.031794 -0.032815 34.351251 -6.290516 -28.768415 4.749600 -0.031794 -0.032815 -42.660539 -27.091766 52.991982 -37.083549 -26.861283 59.784113 -32.243629 -29.333234 63.920476 -23.842013 -25.370748 76.237130 -21.839274 -24.997145 80.500179 -22.479099 -26.216614 80.954503 5.768303 -2.493135 89.532790 5.351868 -3.310341 87.012847 7.852002 0.473619 93.403937 23.900881 15.046403 86.902696 22.868834 14.125869 87.504497 25.674218 20.509617 88.242445 57.215754 29.863038 60.645878 52.757126 31.195561 67.393640 54.647551 34.406695 65.893963 -42.652790 27.028853 -53.118009 -37.075226 26.838327 -59.915034 -0.000007 0.000002 0.000000 -23.858763 25.411647 -76.321818 -21.838169 25.099323 -80.634106 -22.014094 25.467687 -81.950590 5.736328 2.816501 -89.640352 5.320731 3.602574 -87.068922 7.795972 0.053453 -93.646347 23.802647 -14.554071 -87.196142 22.782472 -13.646665 -87.767063 24.949902 -17.925422 -89.719869 56.663400 -29.370975 -61.721749 52.656237 -31.975998 -67.688145 54.138938 -35.482150 -66.835546 7.775823 -0.922022 -2.522669 10.232830 -0.056912 0.164386 -67.326869 0.024196 0.084995 -56.443314 -2.366666 3.408852 7.788771 0.986136 3.296634 10.234065 0.086170 0.601377 -67.326903 0.024195 0.084996 -56.435971 2.287591 -3.515892 51.129550 0.160410 -0.189028 55.802926 0.158575 -0.188595 60.687078 0.155537 -0.220951 67.254742 0.149208 -0.302390 71.709466 0.142392 -0.336489 73.015371 0.139876 -0.394914 
0.400927 0.341507 0.203168 -0.000000 0.000000 -0.000000 -0.000000 0.000000 -0.000000 -0.000000 0.000000 -0.000000 -0.000000 0.000000 0.000000 -0.000000 0.000000 0.000000 -0.005302 -0.132296 -4.589840 -0.000000 -0.000000 -0.000000 -0.000002 -0.000000 0.000000 -0.000000 -0.000000 0.000000 -0.000000 -0.000000 0.000000 0.000000 -0.000000 0.000000 -0.000000 -0.000000 -0.000000 -0.000000 0.000000 0.000000 -0.000000 0.000000 0.000001 -0.000000 0.000000 0.000000 -0.000001 -0.000000 0.000001 -0.000001 -0.000000 0.000001 -0.000000 0.000000 0.000001 -0.000000 0.000000 0.000000 0.000000 -0.000000 0.000000 -0.012513 0.203019 7.053738 0.000000 -0.000000 -0.000000 0.000000 -0.000000 -0.000000 -0.000000 -0.000000 0.000000 -0.000000 -0.000000 -0.000000 -0.000000 0.000000 0.000000 -0.000000 -0.000000 -0.000000 -0.000000 -0.000000 -0.000000 -0.000002 0.000002 0.000003 0.000000 0.000002 -0.000000 -0.000000 -0.000000 -0.000000 -0.000000 -0.000000 -0.000000 -0.000000 -0.000000 -0.000000 -0.000001 -0.000000 0.000000 -0.000000 0.000000 -0.000000 0.000000 0.000002 0.000000 0.000000 0.000001 0.000000 0.000000 -0.000000 0.000000 -0.000002 0.000001 0.000005 0.000000 -0.000002 -0.000000 -0.000000 -0.000000 -0.000000 -0.000000 -0.000000 -0.000000 -0.000000 -0.000000 -0.000000 -0.000000 0.000000 0.000000 -0.000000 -0.000001 -0.000000 0.000000 0.000000 0.000000 -0.000000 -0.000000 -0.000000 -0.000002 -0.000000 -0.000000 -0.000003 0.000000 -0.000000 -0.000000 0.000000 -0.000000 0.000001 -0.000001 0.000001 0.000000 0.000002 -0.000000 -0.000000 -0.000000 -0.000000 -0.000000 -0.000000 -0.000000 -0.000000 -0.000000 -0.000000 0.000000 -0.000000 0.000000 -0.000000 -0.000005 0.000000 0.000000 0.000002 0.000000 0.000000 0.000002 0.000000 -0.000000 -0.000000 -0.000000 -0.000000 -0.000000 -0.000000 -0.000001 -0.000000 0.000000 -0.000000 0.000000 -0.000000 0.000000 -0.000000 0.000000 0.000000 -0.000000 0.000000 0.000001 -0.000002 -0.000002 0.000001 -0.000000 -0.000002 -19.368808 2.550101 -56.915106 -0.000003 -0.000001 0.000001 -0.000001 0.000002 -0.000002 0.000002 -0.000000 0.000002 0.000002 -0.000002 0.000002 0.000001 -0.000000 0.000001 -0.000001 0.000002 5.247693 0.000001 -0.000000 -0.000001 -21.635336 13.519431 47.420146 0.000001 -0.000002 0.000000 -0.000001 0.000000 -0.000002 -0.000000 -0.000001 0.000005 -0.000001 -0.000001 -0.000000 -0.000001 -0.000001 0.000001 0.000000 0.000000 -0.000000 -0.000000 0.000000 -0.000000 6.210054 2.290756 1.180201 -0.000001 0.000000 0.000000 -15.349257 -0.896873 0.537036 0.000000 0.000000 -0.000001 11.928178 0.520977 -1.582703 -0.000002 0.000001 -0.000000 0.000001 0.000000 0.000004 0.000000 0.000000 0.000001 -0.406479 1.660755 14.062991 0.000000 0.000001 0.000002 -3.605592 0.210985 -1.400078 0.000001 -0.000000 -0.000000 -1.304662 1.061572 -2.219898 -0.000000 0.000001 0.000001 14.652800 0.112180 0.059648 0.000000 0.000000 -0.000000 27.033708 -2.656986 -24.906543 27.161074 3.106031 24.968025 29.192710 4.941874 28.276527 30.251321 5.426698 29.251313 36.414091 7.685424 30.877841 46.161690 16.745657 37.980780 28.983935 -4.543076 -28.301679 30.051026 -5.024190 -29.292895 36.242148 -7.272905 -31.017221 46.121173 -16.854605 -37.759014 -65.309668 0.474954 -0.346336 -91.632349 1.077330 -0.072696 34.343550 6.426504 28.706926 4.749600 -0.031794 -0.032815 34.351251 -6.290516 -28.768415 4.749600 -0.031794 -0.032815 -42.660539 -27.091766 52.991982 -37.083549 -26.861283 59.784113 -32.243629 -29.333234 63.920476 -23.842013 -25.370748 76.237130 -21.839274 -24.997145 80.500179 -22.479099 -26.216614 80.954503 5.768303 -2.493135 89.532790 5.351868 -3.310341 87.012847 7.852002 0.473619 93.403937 23.900881 15.046403 86.902696 22.868834 14.125869 87.504497 25.674218 20.509617 88.242445 57.215754 29.863038 60.645878 52.757126 31.195561 67.393640 54.647551 34.406695 65.893963 -42.652790 27.028853 -53.118009 -37.075226 26.838327 -59.915034 -0.000007 0.000002 0.000000 -23.858763 25.411647 -76.321818 -21.838169 25.099323 -80.634106 -22.014094 25.467687 -81.950590 5.736328 2.816501 -89.640352 5.320731 3.602574 -87.068922 7.795972 0.053453 -93.646347 23.802647 -14.554071 -87.196142 22.782472 -13.646665 -87.767063 24.949902 -17.925422 -89.719869 56.663400 -29.370975 -61.721749 52.656237 -31.975998 -67.688145 54.138938 -35.482150 -66.835546 7.775823 -0.922022 -2.522669 10.232830 -0.056912 0.164386 -67.326869 0.024196 0.084995 -56.443314 -2.366666 3.408852 7.788771 0.986136 3.296634 10.234065 0.086170 0.601377 -67.326903 0.024195 0.084996 -56.435971 2.287591 -3.515892 51.129550 0.160410 -0.189028 55.802926 0.158575 -0.188595 60.687078 0.155537 -0.220951 67.254742 0.149208 -0.302390 71.709466 0.142392 -0.336489 73.015371 0.139876 -0.394914 
0.400927 0.341507 0.203168 -0.000000 0.000000 -0.000000 -0.000000 0.000000 -0.000000 -0.000000 0.000000 -0.000000 -0.000000 0.000000 0.000000 -0.000000 0.000000 0.000000 -0.005302 -0.132296 -4.589840 -0.000000 -0.000000 -0.000000 -0.000002 -0.000000 0.000000 -0.000000 -0.000000 0.000000 -0.000000 -0.000000 0.000000 0.000000 -0.000000 0.000000 -0.000000 -0.000000 -0.000000 -0.000000 0.000000 0.000000 -0.000000 0.000000 0.000001 -0.000000 0.000000 0.000000 -0.000001 -0.000000 0.000001 -0.000001 -0.000000 0.000001 -0.000000 0.000000 0.000001 -0.000000 0.000000 0.000000 0.000000 -0.000000 0.000000 -0.012513 0.203019 7.053738 0.000000 -0.000000 -0.000000 0.000000 -0.000000 -0.000000 -0.000000 -0.000000 0.000000 -0.000000 -0.000000 -0.000000 -0.000000 0.000000 0.000000 -0.000000 -0.000000 -0.000000 -0.000000 -0.000000 -0.000000 -0.000002 0.000002 0.000003 0.000000 0.000002 -0.000000 -0.000000 -0.000000 -0.000000 -0.000000 -0.000000 -0.000000 -0.000000 -0.000000 -0.000000 -0.000001 -0.000000 0.000000 -0.000000 0.000000 -0.000000 0.000000 0.000002 0.000000 0.000000 0.000001 0.000000 0.000000 -0.000000 0.000000 -0.000002 0.000001 0.000005 0.000000 -0.000002 -0.000000 -0.000000 -0.000000 -0.000000 -0.000000 -0.000000 -0.000000 -0.000000 -0.000000 -0.000000 -0.000000 0.000000 0.000000 -0.000000 -0.000001 -0.000000 0.000000 0.000000 0.000000 -0.000000 -0.000000 -0.000000 -0.000002 -0.000000 -0.000000 -0.000003 0.000000 -0.000000 -0.000000 0.000000 -0.000000 0.000001 -0.000001 0.000001 0.000000 0.000002 -0.000000 -0.000000 -0.000000 -0.000000 -0.000000 -0.000000 -0.000000 -0.000000 -0.000000 -0.000000 0.000000 -0.000000 0.000000 -0.000000 -0.000005 0.000000 0.000000 0.000002 0.000000 0.000000 0.000002 0.000000 -0.000000 -0.000000 -0.000000 -0.000000 -0.000000 -0.000000 -0.000001 -0.000000 0.000000 -0.000000 0.000000 -0.000000 0.000000 -0.000000 0.000000 0.000000 -0.000000 0.000000 0.000001 -0.000002 -0.000002 0.000001 -0.000000 -0.000002 -19.368808 2.550101 -56.915106 -0.000003 -0.000001 0.000001 -0.000001 0.000002 -0.000002 0.000002 -0.000000 0.000002 0.000002 -0.000002 0.000002 0.000001 -0.000000 0.000001 -0.000001 0.000002 5.247693 0.000001 -0.000000 -0.000001 -21.635336 13.519431 47.420146 0.000001 -0.000002 0.000000 -0.000001 0.000000 -0.000002 -0.000000 -0.000001 0.000005 -0.000001 -0.000001 -0.000000 -0.000001 -0.000001 0.000001 0.000000 0.000000 -0.000000 -0.000000 0.000000 -0.000000 6.210054 2.290756 1.180201 -0.000001 0.000000 0.000000 -15.349257 -0.896873 0.537036 0.000000 0.000000 -0.000001 11.928178 0.520977 -1.582703 -0.000002 0.000001 -0.000000 0.000001 0.000000 0.000004 0.000000 0.000000 0.000001 -0.406479 1.660755 14.062991 0.000000 0.000001 0.000002 -3.605592 0.210985 -1.400078 0.000001 -0.000000 -0.000000 -1.304662 1.061572 -2.219898 -0.000000 0.000001 0.000001 14.652800 0.112180 0.059648 0.000000 0.000000 -0.000000 27.033708 -2.656986 -24.906543 27.161074 3.106031 24.968025 29.192710 4.941874 28.276527 30.251321 5.426698 29.251313 36.414091 7.685424 30.877841 46.161690 16.745657 37.980780 28.983935 -4.543076 -28.301679 30.051026 -5.024190 -29.292895 36.242148 -7.272905 -31.017221 46.121173 -16.854605 -37.759014 -65.309668 0.474954 -0.346336 -91.632349 1.077330 -0.072696 34.343550 6.426504 28.706926 4.749600 -0.031794 -0.032815 34.351251 -6.290516 -28.768415 4.749600 -0.031794 -0.032815 -42.660539 -27.091766 52.991982 -37.083549 -26.861283 59.784113 -32.243629 -29.333234 63.920476 -23.842013 -25.370748 76.237130 -21.839274 -24.997145 80.500179 -22.479099 -26.216614 80.954503 5.768303 -2.493135 89.532790 5.351868 -3.310341 87.012847 7.852002 0.473619 93.403937 23.900881 15.046403 86.902696 22.868834 14.125869 87.504497 25.674218 20.509617 88.242445 57.215754 29.863038 60.645878 52.757126 31.195561 67.393640 54.647551 34.406695 65.893963 -42.652790 27.028853 -53.118009 -37.075226 26.838327 -59.915034 -0.000007 0.000002 0.000000 -23.858763 25.411647 -76.321818 -21.838169 25.099323 -80.634106 -22.014094 25.467687 -81.950590 5.736328 2.816501 -89.640352 5.320731 3.602574 -87.068922 7.795972 0.053453 -93.646347 23.802647 -14.554071 -87.196142 22.782472 -13.646665 -87.767063 24.949902 -17.925422 -89.719869 56.663400 -29.370975 -61.721749 52.656237 -31.975998 -67.688145 54.138938 -35.482150 -66.835546 7.775823 -0.922022 -2.522669 10.232830 -0.056912 0.164386 -67.326869 0.024196 0.084995 -56.443314 -2.366666 3.408852 7.788771 0.986136 3.296634 10.234065 0.086170 0.601377 -67.326903 0.024195 0.084996 -56.435971 2.287591 -3.515892 51.129550 0.160410 -0.189028 55.802926 0.158575 -0.188595 60.687078 0.155537 -0.220951 67.254742 0.149208 -0.302390 71.709466 0.142392 -0.336489 73.015371 0.139876 -0.394914 
0.400927 0.341507 0.203168 -0.000000 0.000000 -0.000000 -0.000000 0.000000 -0.000000 -0.000000 0.000000 -0.000000 -0.000000 0.000000 0.000000 -0.000000 0.000000 0.000000 -0.005302 -0.132296 -4.589840 -0.000000 -0.000000 -0.000000 -0.000002 -0.000000 0.000000 -0.000000 -0.000000 0.000000 -0.000000 -0.000000 0.000000 0.000000 -0.000000 0.000000 -0.000000 -0.000000 -0.000000 -0.000000 0.000000 0.000000 -0.000000 0.000000 0.000001 -0.000000 0.000000 0.000000 -0.000001 -0.000000 0.000001 -0.000001 -0.000000 0.000001 -0.000000 0.000000 0.000001 -0.000000 0.000000 0.000000 0.000000 -0.000000 0.000000 -0.012513 0.203019 7.053738 0.000000 -0.000000 -0.000000 0.000000 -0.000000 -0.000000 -0.000000 -0.000000 0.000000 -0.000000 -0.000000 -0.000000 -0.000000 0.000000 0.000000 -0.000000 -0.000000 -0.000000 -0.000000 -0.000000 -0.000000 -0.000002 0.000002 0.000003 0.000000 0.000002 -0.000000 -0.000000 -0.000000 -0.000000 -0.000000 -0.000000 -0.000000 -0.000000 -0.000000 -0.000000 -0.000001 -0.000000 0.000000 -0.000000 0.000000 -0.000000 0.000000 0.000002 0.000000 0.000000 0.000001 0.000000 0.000000 -0.000000 0.000000 -0.000002 0.000001 0.000005 0.000000 -0.000002 -0.000000 -0.000000 -0.000000 -0.000000 -0.000000 -0.000000 -0.000000 -0.000000 -0.000000 -0.000000 -0.000000 0.000000 0.000000 -0.000000 -0.000001 -0.000000 0.000000 0.000000 0.000000 -0.000000 -0.000000 -0.000000 -0.000002 -0.000000 -0.000000 -0.000003 0.000000 -0.000000 -0.000000 0.000000 -0.000000 0.000001 -0.000001 0.000001 0.000000 0.000002 -0.000000 -0.000000 -0.000000 -0.000000 -0.000000 -0.000000 -0.000000 -0.000000 -0.000000 -0.000000 0.000000 -0.000000 0.000000 -0.000000 -0.000005 0.000000 0.000000 0.000002 0.000000 0.000000 0.000002 0.000000 -0.000000 -0.000000 -0.000000 -0.000000 -0.000000 -0.000000 -0.000001 -0.000000 0.000000 -0.000000 0.000000 -0.000000 0.000000 -0.000000 0.000000 0.000000 -0.000000 0.000000 0.000001 -0.000002 -0.000002 0.000001 -0.000000 -0.000002 -19.368808 2.550101 -56.915106 -0.000003 -0.000001 0.000001 -0.000001 0.000002 -0.000002 0.000002 -0.000000 0.000002 0.000002 -0.000002 0.000002 0.000001 -0.000000 0.000001 -0.000001 0.000002 5.247693 0.000001 -0.000000 -0.000001 -21.635336 13.519431 47.420146 0.000001 -0.000002 0.000000 -0.000001 0.000000 -0.000002 -0.000000 -0.000001 0.000005 -0.000001 -0.000001 -0.000000 -0.000001 -0.000001 0.000001 0.000000 0.000000 -0.000000 -0.000000 0.000000 -0.000000 6.210054 2.290756 1.180201 -0.000001 0.000000 0.000000 -15.349257 -0.896873 0.537036 0.000000 0.000000 -0.000001 11.928178 0.520977 -1.582703 -0.000002 0.000001 -0.000000 0.000001 0.000000 0.000004 0.000000 0.000000 0.000001 -0.406479 1.660755 14.062991 0.000000 0.000001 0.000002 -3.605592 0.210985 -1.400078 0.000001 -0.000000 -0.000000 -1.304662 1.061572 -2.219898 -0.000000 0.000001 0.000001 14.652800 0.112180 0.059648 0.000000 0.000000 -0.000000 27.033708 -2.656986 -24.906543 27.161074 3.106031 24.968025 29.192710 4.941874 28.276527 30.251321 5.426698 29.251313 36.414091 7.685424 30.877841 46.161690 16.745657 37.980780 28.983935 -4.543076 -28.301679 30.051026 -5.024190 -29.292895 36.242148 -7.272905 -31.017221 46.121173 -16.854605 -37.759014 -65.309668 0.474954 -0.346336 -91.632349 1.077330 -0.072696 34.343550 6.426504 28.706926 4.749600 -0.031794 -0.032815 34.351251 -6.290516 -28.768415 4.749600 -0.031794 -0.032815 -42.660539 -27.091766 52.991982 -37.083549 -26.861283 59.784113 -32.243629 -29.333234 63.920476 -23.842013 -25.370748 76.237130 -21.839274 -24.997145 80.500179 -22.479099 -26.216614 80.954503 5.768303 -2.493135 89.532790 5.351868 -3.310341 87.012847 7.852002 0.473619 93.403937 23.900881 15.046403 86.902696 22.868834 14.125869 87.504497 25.674218 20.509617 88.242445 57.215754 29.863038 60.645878 52.757126 31.195561 67.393640 54.647551 34.406695 65.893963 -42.652790 27.028853 -53.118009 -37.075226 26.838327 -59.915034 -0.000007 0.000002 0.000000 -23.858763 25.411647 -76.321818 -21.838169 25.099323 -80.634106 -22.014094 25.467687 -81.950590 5.736328 2.816501 -89.640352 5.320731 3.602574 -87.068922 7.795972 0.053453 -93.646347 23.802647 -14.554071 -87.196142 22.782472 -13.646665 -87.767063 24.949902 -17.925422 -89.719869 56.663400 -29.370975 -61.721749 52.656237 -31.975998 -67.688145 54.138938 -35.482150 -66.835546 7.775823 -0.922022 -2.522669 10.232830 -0.056912 0.164386 -67.326869 0.024196 0.084995 -56.443314 -2.366666 3.408852 7.788771 0.986136 3.296634 10.234065 0.086170 0.601377 -67.326903 0.024195 0.084996 -56.435971 2.287591 -3.515892 51.129550 0.160410 -0.189028 55.802926 0.158575 -0.188595 60.687078 0.155537 -0.220951 67.254742 0.149208 -0.302390 71.709466 0.142392 -0.336489 73.015371 0.139876 -0.394914 
0.400927 0.341507 0.203168 -0.000000 0.000000 -0.000000 -0.000000 0.000000 -0.000000 -0.000000 0.000000 -0.000000 -0.000000 0.000000 0.000000 -0.000000 0.000000 0.000000 -0.005302 -0.132296 -4.589840 -0.000000 -0.000000 -0.000000 -0.000002 -0.000000 0.000000 -0.000000 -0.000000 0.000000 -0.000000 -0.000000 0.000000 0.000000 -0.000000 0.000000 -0.000000 -0.000000 -0.000000 -0.000000 0.000000 0.000000 -0.000000 0.000000 0.000001 -0.000000 0.000000 0.000000 -0.000001 -0.000000 0.000001 -0.000001 -0.000000 0.000001 -0.000000 0.000000 0.000001 -0.000000 0.000000 0.000000 0.000000 -0.000000 0.000000 -0.012513 0.203019 7.053738 0.000000 -0.000000 -0.000000 0.000000 -0.000000 -0.000000 -0.000000 -0.000000 0.000000 -0.000000 -0.000000 -0.000000 -0.000000 0.000000 0.000000 -0.000000 -0.000000 -0.000000 -0.000000 -0.000000 -0.000000 -0.000002 0.000002 0.000003 0.000000 0.000002 -0.000000 -0.000000 -0.000000 -0.000000 -0.000000 -0.000000 -0.000000 -0.000000 -0.000000 -0.000000 -0.000001 -0.000000 0.000000 -0.000000 0.000000 -0.000000 0.000000 0.000002 0.000000 0.000000 0.000001 0.000000 0.000000 -0.000000 0.000000 -0.000002 0.000001 0.000005 0.000000 -0.000002 -0.000000 -0.000000 -0.000000 -0.000000 -0.000000 -0.000000 -0.000000 -0.000000 -0.000000 -0.000000 -0.000000 0.000000 0.000000 -0.000000 -0.000001 -0.000000 0.000000 0.000000 0.000000 -0.000000 -0.000000 -0.000000 -0.000002 -0.000000 -0.000000 -0.000003 0.000000 -0.000000 -0.000000 0.000000 -0.000000 0.000001 -0.000001 0.000001 0.000000 0.000002 -0.000000 -0.000000 -0.000000 -0.000000 -0.000000 -0.000000 -0.000000 -0.000000 -0.000000 -0.000000 0.000000 -0.000000 0.000000 -0.000000 -0.000005 0.000000 0.000000 0.000002 0.000000 0.000000 0.000002 0.000000 -0.000000 -0.000000 -0.000000 -0.000000 -0.000000 -0.000000 -0.000001 -0.000000 0.000000 -0.000000 0.000000 -0.000000 0.000000 -0.000000 0.000000 0.000000 -0.000000 0.000000 0.000001 -0.000002 -0.000002 0.000001 -0.000000 -0.000002 -19.368808 2.550101 -56.915106 -0.000003 -0.000001 0.000001 -0.000001 0.000002 -0.000002 0.000002 -0.000000 0.000002 0.000002 -0.000002 0.000002 0.000001 -0.000000 0.000001 -0.000001 0.000002 5.247693 0.000001 -0.000000 -0.000001 -21.635336 13.519431 47.420146 0.000001 -0.000002 0.000000 -0.000001 0.000000 -0.000002 -0.000000 -0.000001 0.000005 -0.000001 -0.000001 -0.000000 -0.000001 -0.000001 0.000001 0.000000 0.000000 -0.000000 -0.000000 0.000000 -0.000000 6.210054 2.290756 1.180201 -0.000001 0.000000 0.000000 -15.349257 -0.896873 0.537036 0.000000 0.000000 -0.000001 11.928178 0.520977 -1.582703 -0.000002 0.000001 -0.000000 0.000001 0.000000 0.000004 0.000000 0.000000 0.000001 -0.406479 1.660755 14.062991 0.000000 0.000001 0.000002 -3.605592 0.210985 -1.400078 0.000001 -0.000000 -0.000000 -1.304662 1.061572 -2.219898 -0.000000 0.000001 0.000001 14.652800 0.112180 0.059648 0.000000 0.000000 -0.000000 27.033708 -2.656986 -24.906543 27.161074 3.106031 24.968025 29.192710 4.941874 28.276527 30.251321 5.426698 29.251313 36.414091 7.685424 30.877841 46.161690 16.745657 37.980780 28.983935 -4.543076 -28.301679 30.051026 -5.024190 -29.292895 36.242148 -7.272905 -31.017221 46.121173 -16.854605 -37.759014 -65.309668 0.474954 -0.346336 -91.632349 1.077330 -0.072696 34.343550 6.426504 28.706926 4.749600 -0.031794 -0.032815 34.351251 -6.290516 -28.768415 4.749600 -0.031794 -0.032815 -42.660539 -27.091766 52.991982 -37.083549 -26.861283 59.784113 -32.243629 -29.333234 63.920476 -23.842013 -25.370748 76.237130 -21.839274 -24.997145 80.500179 -22.479099 -26.216614 80.954503 5.768303 -2.493135 89.532790 5.351868 -3.310341 87.012847 7.852002 0.473619 93.403937 23.900881 15.046403 86.902696 22.868834 14.125869 87.504497 25.674218 20.509617 88.242445 57.215754 29.863038 60.645878 52.757126 31.195561 67.393640 54.647551 34.406695 65.893963 -42.652790 27.028853 -53.118009 -37.075226 26.838327 -59.915034 -0.000007 0.000002 0.000000 -23.858763 25.411647 -76.321818 -21.838169 25.099323 -80.634106 -22.014094 25.467687 -81.950590 5.736328 2.816501 -89.640352 5.320731 3.602574 -87.068922 7.795972 0.053453 -93.646347 23.802647 -14.554071 -87.196142 22.782472 -13.646665 -87.767063 24.949902 -17.925422 -89.719869 56.663400 -29.370975 -61.721749 52.656237 -31.975998 -67.688145 54.138938 -35.482150 -66.835546 7.775823 -0.922022 -2.522669 10.232830 -0.056912 0.164386 -67.326869 0.024196 0.084995 -56.443314 -2.366666 3.408852 7.788771 0.986136 3.296634 10.234065 0.086170 0.601377 -67.326903 0.024195 0.084996 -56.435971 2.287591 -3.515892 51.129550 0.160410 -0.189028 55.802926 0.158575 -0.188595 60.687078 0.155537 -0.220951 67.254742 0.149208 -0.302390 71.709466 0.142392 -0.336489 73.015371 0.139876 -0.394914 
0.400927 0.341507 0.203168 -0.000000 0.000000 -0.000000 -0.000000 0.000000 -0.000000 -0.000000 0.000000 -0.000000 -0.000000 0.000000 0.000000 -0.000000 0.000000 0.000000 -0.005302 -0.132296 -4.589840 -0.000000 -0.000000 -0.000000 -0.000002 -0.000000 0.000000 -0.000000 -0.000000 0.000000 -0.000000 -0.000000 0.000000 0.000000 -0.000000 0.000000 -0.000000 -0.000000 -0.000000 -0.000000 0.000000 0.000000 -0.000000 0.000000 0.000001 -0.000000 0.000000 0.000000 -0.000001 -0.000000 0.000001 -0.000001 -0.000000 0.000001 -0.000000 0.000000 0.000001 -0.000000 0.000000 0.000000 0.000000 -0.000000 0.000000 -0.012513 0.203019 7.053738 0.000000 -0.000000 -0.000000 0.000000 -0.000000 -0.000000 -0.000000 -0.000000 0.000000 -0.000000 -0.000000 -0.000000 -0.000000 0.000000 0.000000 -0.000000 -0.000000 -0.000000 -0.000000 -0.000000 -0.000000 -0.000002 0.000002 0.000003 0.000000 0.000002 -0.000000 -0.000000 -0.000000 -0.000000 -0.000000 -0.000000 -0.000000 -0.000000 -0.000000 -0.000000 -0.000001 -0.000000 0.000000 -0.000000 0.000000 -0.000000 0.000000 0.000002 0.000000 0.000000 0.000001 0.000000 0.000000 -0.000000 0.000000 -0.000002 0.000001 0.000005 0.000000 -0.000002 -0.000000 -0.000000 -0.000000 -0.000000 -0.000000 -0.000000 -0.000000 -0.000000 -0.000000 -0.000000 -0.000000 0.000000 0.000000 -0.000000 -0.000001 -0.000000 0.000000 0.000000 0.000000 -0.000000 -0.000000 -0.000000 -0.000002 -0.000000 -0.000000 -0.000003 0.000000 -0.000000 -0.000000 0.000000 -0.000000 0.000001 -0.000001 0.000001 0.000000 0.000002 -0.000000 -0.000000 -0.000000 -0.000000 -0.000000 -0.000000 -0.000000 -0.000000 -0.000000 -0.000000 0.000000 -0.000000 0.000000 -0.000000 -0.000005 0.000000 0.000000 0.000002 0.000000 0.000000 0.000002 0.000000 -0.000000 -0.000000 -0.000000 -0.000000 -0.000000 -0.000000 -0.000001 -0.000000 0.000000 -0.000000 0.000000 -0.000000 0.000000 -0.000000 0.000000 0.000000 -0.000000 0.000000 0.000001 -0.000002 -0.000002 0.000001 -0.000000 -0.000002 -19.368808 2.550101 -56.915106 -0.000003 -0.000001 0.000001 -0.000001 0.000002 -0.000002 0.000002 -0.000000 0.000002 0.000002 -0.000002 0.000002 0.000001 -0.000000 0.000001 -0.000001 0.000002 5.247693 0.000001 -0.000000 -0.000001 -21.635336 13.519431 47.420146 0.000001 -0.000002 0.000000 -0.000001 0.000000 -0.000002 -0.000000 -0.000001 0.000005 -0.000001 -0.000001 -0.000000 -0.000001 -0.000001 0.000001 0.000000 0.000000 -0.000000 -0.000000 0.000000 -0.000000 6.210054 2.290756 1.180201 -0.000001 0.000000 0.000000 -15.349257 -0.896873 0.537036 0.000000 0.000000 -0.000001 11.928178 0.520977 -1.582703 -0.000002 0.000001 -0.000000 0.000001 0.000000 0.000004 0.000000 0.000000 0.000001 -0.406479 1.660755 14.062991 0.000000 0.000001 0.000002 -3.605592 0.210985 -1.400078 0.000001 -0.000000 -0.000000 -1.304662 1.061572 -2.219898 -0.000000 0.000001 0.000001 14.652800 0.112180 0.059648 0.000000 0.000000 -0.000000 27.033708 -2.656986 -24.906543 27.161074 3.106031 24.968025 29.192710 4.941874 28.276527 30.251321 5.426698 29.251313 36.414091 7.685424 30.877841 46.161690 16.745657 37.980780 28.983935 -4.543076 -28.301679 30.051026 -5.024190 -29.292895 36.242148 -7.272905 -31.017221 46.121173 -16.854605 -37.759014 -65.309668 0.474954 -0.346336 -91.632349 1.077330 -0.072696 34.343550 6.426504 28.706926 4.749600 -0.031794 -0.032815 34.351251 -6.290516 -28.768415 4.749600 -0.031794 -0.032815 -42.660539 -27.091766 52.991982 -37.083549 -26.861283 59.784113 -32.243629 -29.333234 63.920476 -23.842013 -25.370748 76.237130 -21.839274 -24.997145 80.500179 -22.479099 -26.216614 80.954503 5.768303 -2.493135 89.532790 5.351868 -3.310341 87.012847 7.852002 0.473619 93.403937 23.900881 15.046403 86.902696 22.868834 14.125869 87.504497 25.674218 20.509617 88.242445 57.215754 29.863038 60.645878 52.757126 31.195561 67.393640 54.647551 34.406695 65.893963 -42.652790 27.028853 -53.118009 -37.075226 26.838327 -59.915034 -0.000007 0.000002 0.000000 -23.858763 25.411647 -76.321818 -21.838169 25.099323 -80.634106 -22.014094 25.467687 -81.950590 5.736328 2.816501 -89.640352 5.320731 3.602574 -87.068922 7.795972 0.053453 -93.646347 23.802647 -14.554071 -87.196142 22.782472 -13.646665 -87.767063 24.949902 -17.925422 -89.719869 56.663400 -29.370975 -61.721749 52.656237 -31.975998 -67.688145 54.138938 -35.482150 -66.835546 7.775823 -0.922022 -2.522669 10.232830 -0.056912 0.164386 -67.326869 0.024196 0.084995 -56.443314 -2.366666 3.408852 7.788771 0.986136 3.296634 10.234065 0.086170 0.601377 -67.326903 0.024195 0.084996 -56.435971 2.287591 -3.515892 51.129550 0.160410 -0.189028 55.802926 0.158575 -0.188595 60.687078 0.155537 -0.220951 67.254742 0.149208 -0.302390 71.709466 0.142392 -0.336489 73.015371 0.139876 -0.394914 
0.400927 0.341507 0.203168 -0.000000 0.000000 -0.000000 -0.000000 0.000000 -0.000000 -0.000000 0.000000 -0.000000 -0.000000 0.000000 0.000000 -0.000000 0.000000 0.000000 -0.005302 -0.132296 -4.589840 -0.000000 -0.000000 -0.000000 -0.000002 -0.000000 0.000000 -0.000000 -0.000000 0.000000 -0.000000 -0.000000 0.000000 0.000000 -0.000000 0.000000 -0.000000 -0.000000 -0.000000 -0.000000 0.000000 0.000000 -0.000000 0.000000 0.000001 -0.000000 0.000000 0.000000 -0.000001 -0.000000 0.000001 -0.000001 -0.000000 0.000001 -0.000000 0.000000 0.000001 -0.000000 0.000000 0.000000 0.000000 -0.000000 0.000000 -0.012513 0.203019 7.053738 0.000000 -0.000000 -0.000000 0.000000 -0.000000 -0.000000 -0.000000 -0.000000 0.000000 -0.000000 -0.000000 -0.000000 -0.000000 0.000000 0.000000 -0.000000 -0.000000 -0.000000 -0.000000 -0.000000 -0.000000 -0.000002 0.000002 0.000003 0.000000 0.000002 -0.000000 -0.000000 -0.000000 -0.000000 -0.000000 -0.000000 -0.000000 -0.000000 -0.000000 -0.000000 -0.000001 -0.000000 0.000000 -0.000000 0.000000 -0.000000 0.000000 0.000002 0.000000 0.000000 0.000001 0.000000 0.000000 -0.000000 0.000000 -0.000002 0.000001 0.000005 0.000000 -0.000002 -0.000000 -0.000000 -0.000000 -0.000000 -0.000000 -0.000000 -0.000000 -0.000000 -0.000000 -0.000000 -0.000000 0.000000 0.000000 -0.000000 -0.000001 -0.000000 0.000000 0.000000 0.000000 -0.000000 -0.000000 -0.000000 -0.000002 -0.000000 -0.000000 -0.000003 0.000000 -0.000000 -0.000000 0.000000 -0.000000 0.000001 -0.000001 0.000001 0.000000 0.000002 -0.000000 -0.000000 -0.000000 -0.000000 -0.000000 -0.000000 -0.000000 -0.000000 -0.000000 -0.000000 0.000000 -0.000000 0.000000 -0.000000 -0.000005 0.000000 0.000000 0.000002 0.000000 0.000000 0.000002 0.000000 -0.000000 -0.000000 -0.000000 -0.000000 -0.000000 -0.000000 -0.000001 -0.000000 0.000000 -0.000000 0.000000 -0.000000 0.000000 -0.000000 0.000000 0.000000 -0.000000 0.000000 0.000001 -0.000002 -0.000002 0.000001 -0.000000 -0.000002 -19.368808 2.550101 -56.915106 -0.000003 -0.000001 0.000001 -0.000001 0.000002 -0.000002 0.000002 -0.000000 0.000002 0.000002 -0.000002 0.000002 0.000001 -0.000000 0.000001 -0.000001 0.000002 5.247693 0.000001 -0.000000 -0.000001 -21.635336 13.519431 47.420146 0.000001 -0.000002 0.000000 -0.000001 0.000000 -0.000002 -0.000000 -0.000001 0.000005 -0.000001 -0.000001 -0.000000 -0.000001 -0.000001 0.000001 0.000000 0.000000 -0.000000 -0.000000 0.000000 -0.000000 6.210054 2.290756 1.180201 -0.000001 0.000000 0.000000 -15.349257 -0.896873 0.537036 0.000000 0.000000 -0.000001 11.928178 0.520977 -1.582703 -0.000002 0.000001 -0.000000 0.000001 0.000000 0.000004 0.000000 0.000000 0.000001 -0.406479 1.660755 14.062991 0.000000 0.000001 0.000002 -3.605592 0.210985 -1.400078 0.000001 -0.000000 -0.000000 -1.304662 1.061572 -2.219898 -0.000000 0.000001 0.000001 14.652800 0.112180 0.059648 0.000000 0.000000 -0.000000 27.033708 -2.656986 -24.906543 27.161074 3.106031 24.968025 29.192710 4.941874 28.276527 30.251321 5.426698 29.251313 36.414091 7.685424 30.877841 46.161690 16.745657 37.980780 28.983935 -4.543076 -28.301679 30.051026 -5.024190 -29.292895 36.242148 -7.272905 -31.017221 46.121173 -16.854605 -37.759014 -65.309668 0.474954 -0.346336 -91.632349 1.077330 -0.072696 34.343550 6.426504 28.706926 4.749600 -0.031794 -0.032815 34.351251 -6.290516 -28.768415 4.749600 -0.031794 -0.032815 -42.660539 -27.091766 52.991982 -37.083549 -26.861283 59.784113 -32.243629 -29.333234 63.920476 -23.842013 -25.370748 76.237130 -21.839274 -24.997145 80.500179 -22.479099 -26.216614 80.954503 5.768303 -2.493135 89.532790 5.351868 -3.310341 87.012847 7.852002 0.473619 93.403937 23.900881 15.046403 86.902696 22.868834 14.125869 87.504497 25.674218 20.509617 88.242445 57.215754 29.863038 60.645878 52.757126 31.195561 67.393640 54.647551 34.406695 65.893963 -42.652790 27.028853 -53.118009 -37.075226 26.838327 -59.915034 -0.000007 0.000002 0.000000 -23.858763 25.411647 -76.321818 -21.838169 25.099323 -80.634106 -22.014094 25.467687 -81.950590 5.736328 2.816501 -89.640352 5.320731 3.602574 -87.068922 7.795972 0.053453 -93.646347 23.802647 -14.554071 -87.196142 22.782472 -13.646665 -87.767063 24.949902 -17.925422 -89.719869 56.663400 -29.370975 -61.721749 52.656237 -31.975998 -67.688145 54.138938 -35.482150 -66.835546 7.775823 -0.922022 -2.522669 10.232830 -0.056912 0.164386 -67.326869 0.024196 0.084995 -56.443314 -2.366666 3.408852 7.788771 0.986136 3.296634 10.234065 0.086170 0.601377 -67.326903 0.024195 0.084996 -56.435971 2.287591 -3.515892 51.129550 0.160410 -0.189028 55.802926 0.158575 -0.188595 60.687078 0.155537 -0.220951 67.254742 0.149208 -0.302390 71.709466 0.142392 -0.336489 73.015371 0.139876 -0.394914 
0.400927 0.341507 0.203168 -0.000000 0.000000 -0.000000 -0.000000 0.000000 -0.000000 -0.000000 0.000000 -0.000000 -0.000000 0.000000 0.000000 -0.000000 0.000000 0.000000 -0.005302 -0.132296 -4.589840 -0.000000 -0.000000 -0.000000 -0.000002 -0.000000 0.000000 -0.000000 -0.000000 0.000000 -0.000000 -0.000000 0.000000 0.000000 -0.000000 0.000000 -0.000000 -0.000000 -0.000000 -0.000000 0.000000 0.000000 -0.000000 0.000000 0.000001 -0.000000 0.000000 0.000000 -0.000001 -0.000000 0.000001 -0.000001 -0.000000 0.000001 -0.000000 0.000000 0.000001 -0.000000 0.000000 0.000000 0.000000 -0.000000 0.000000 -0.012513 0.203019 7.053738 0.000000 -0.000000 -0.000000 0.000000 -0.000000 -0.000000 -0.000000 -0.000000 0.000000 -0.000000 -0.000000 -0.000000 -0.000000 0.000000 0.000000 -0.000000 -0.000000 -0.000000 -0.000000 -0.000000 -0.000000 -0.000002 0.000002 0.000003 0.000000 0.000002 -0.000000 -0.000000 -0.000000 -0.000000 -0.000000 -0.000000 -0.000000 -0.000000 -0.000000 -0.000000 -0.000001 -0.000000 0.000000 -0.000000 0.000000 -0.000000 0.000000 0.000002 0.000000 0.000000 0.000001 0.000000 0.000000 -0.000000 0.000000 -0.000002 0.000001 0.000005 0.000000 -0.000002 -0.000000 -0.000000 -0.000000 -0.000000 -0.000000 -0.000000 -0.000000 -0.000000 -0.000000 -0.000000 -0.000000 0.000000 0.000000 -0.000000 -0.000001 -0.000000 0.000000 0.000000 0.000000 -0.000000 -0.000000 -0.000000 -0.000002 -0.000000 -0.000000 -0.000003 0.000000 -0.000000 -0.000000 0.000000 -0.000000 0.000001 -0.000001 0.000001 0.000000 0.000002 -0.000000 -0.000000 -0.000000 -0.000000 -0.000000 -0.000000 -0.000000 -0.000000 -0.000000 -0.000000 0.000000 -0.000000 0.000000 -0.000000 -0.000005 0.000000 0.000000 0.000002 0.000000 0.000000 0.000002 0.000000 -0.000000 -0.000000 -0.000000 -0.000000 -0.000000 -0.000000 -0.000001 -0.000000 0.000000 -0.000000 0.000000 -0.000000 0.000000 -0.000000 0.000000 0.000000 -0.000000 0.000000 0.000001 -0.000002 -0.000002 0.000001 -0.000000 -0.000002 -19.368808 2.550101 -56.915106 -0.000003 -0.000001 0.000001 -0.000001 0.000002 -0.000002 0.000002 -0.000000 0.000002 0.000002 -0.000002 0.000002 0.000001 -0.000000 0.000001 -0.000001 0.000002 5.247693 0.000001 -0.000000 -0.000001 -21.635336 13.519431 47.420146 0.000001 -0.000002 0.000000 -0.000001 0.000000 -0.000002 -0.000000 -0.000001 0.000005 -0.000001 -0.000001 -0.000000 -0.000001 -0.000001 0.000001 0.000000 0.000000 -0.000000 -0.000000 0.000000 -0.000000 6.210054 2.290756 1.180201 -0.000001 0.000000 0.000000 -15.349257 -0.896873 0.537036 0.000000 0.000000 -0.000001 11.928178 0.520977 -1.582703 -0.000002 0.000001 -0.000000 0.000001 0.000000 0.000004 0.000000 0.000000 0.000001 -0.406479 1.660755 14.062991 0.000000 0.000001 0.000002 -3.605592 0.210985 -1.400078 0.000001 -0.000000 -0.000000 -1.304662 1.061572 -2.219898 -0.000000 0.000001 0.000001 14.652800 0.112180 0.059648 0.000000 0.000000 -0.000000 27.033708 -2.656986 -24.906543 27.161074 3.106031 24.968025 29.192710 4.941874 28.276527 30.251321 5.426698 29.251313 36.414091 7.685424 30.877841 46.161690 16.745657 37.980780 28.983935 -4.543076 -28.301679 30.051026 -5.024190 -29.292895 36.242148 -7.272905 -31.017221 46.121173 -16.854605 -37.759014 -65.309668 0.474954 -0.346336 -91.632349 1.077330 -0.072696 34.343550 6.426504 28.706926 4.749600 -0.031794 -0.032815 34.351251 -6.290516 -28.768415 4.749600 -0.031794 -0.032815 -42.660539 -27.091766 52.991982 -37.083549 -26.861283 59.784113 -32.243629 -29.333234 63.920476 -23.842013 -25.370748 76.237130 -21.839274 -24.997145 80.500179 -22.479099 -26.216614 80.954503 5.768303 -2.493135 89.532790 5.351868 -3.310341 87.012847 7.852002 0.473619 93.403937 23.900881 15.046403 86.902696 22.868834 14.125869 87.504497 25.674218 20.509617 88.242445 57.215754 29.863038 60.645878 52.757126 31.195561 67.393640 54.647551 34.406695 65.893963 -42.652790 27.028853 -53.118009 -37.075226 26.838327 -59.915034 -0.000007 0.000002 0.000000 -23.858763 25.411647 -76.321818 -21.838169 25.099323 -80.634106 -22.014094 25.467687 -81.950590 5.736328 2.816501 -89.640352 5.320731 3.602574 -87.068922 7.795972 0.053453 -93.646347 23.802647 -14.554071 -87.196142 22.782472 -13.646665 -87.767063 24.949902 -17.925422 -89.719869 56.663400 -29.370975 -61.721749 52.656237 -31.975998 -67.688145 54.138938 -35.482150 -66.835546 7.775823 -0.922022 -2.522669 10.232830 -0.056912 0.164386 -67.326869 0.024196 0.084995 -56.443314 -2.366666 3.408852 7.788771 0.986136 3.296634 10.234065 0.086170 0.601377 -67.326903 0.024195 0.084996 -56.435971 2.287591 -3.515892 51.129550 0.160410 -0.189028 55.802926 0.158575 -0.188595 60.687078 0.155537 -0.220951 67.254742 0.149208 -0.302390 71.709466 0.142392 -0.336489 73.015371 0.139876 -0.394914 
0.400927 0.341507 0.203168 -0.000000 0.000000 -0.000000 -0.000000 0.000000 -0.000000 -0.000000 0.000000 -0.000000 -0.000000 0.000000 0.000000 -0.000000 0.000000 0.000000 -0.005302 -0.132296 -4.589840 -0.000000 -0.000000 -0.000000 -0.000002 -0.000000 0.000000 -0.000000 -0.000000 0.000000 -0.000000 -0.000000 0.000000 0.000000 -0.000000 0.000000 -0.000000 -0.000000 -0.000000 -0.000000 0.000000 0.000000 -0.000000 0.000000 0.000001 -0.000000 0.000000 0.000000 -0.000001 -0.000000 0.000001 -0.000001 -0.000000 0.000001 -0.000000 0.000000 0.000001 -0.000000 0.000000 0.000000 0.000000 -0.000000 0.000000 -0.012513 0.203019 7.053738 0.000000 -0.000000 -0.000000 0.000000 -0.000000 -0.000000 -0.000000 -0.000000 0.000000 -0.000000 -0.000000 -0.000000 -0.000000 0.000000 0.000000 -0.000000 -0.000000 -0.000000 -0.000000 -0.000000 -0.000000 -0.000002 0.000002 0.000003 0.000000 0.000002 -0.000000 -0.000000 -0.000000 -0.000000 -0.000000 -0.000000 -0.000000 -0.000000 -0.000000 -0.000000 -0.000001 -0.000000 0.000000 -0.000000 0.000000 -0.000000 0.000000 0.000002 0.000000 0.000000 0.000001 0.000000 0.000000 -0.000000 0.000000 -0.000002 0.000001 0.000005 0.000000 -0.000002 -0.000000 -0.000000 -0.000000 -0.000000 -0.000000 -0.000000 -0.000000 -0.000000 -0.000000 -0.000000 -0.000000 0.000000 0.000000 -0.000000 -0.000001 -0.000000 0.000000 0.000000 0.000000 -0.000000 -0.000000 -0.000000 -0.000002 -0.000000 -0.000000 -0.000003 0.000000 -0.000000 -0.000000 0.000000 -0.000000 0.000001 -0.000001 0.000001 0.000000 0.000002 -0.000000 -0.000000 -0.000000 -0.000000 -0.000000 -0.000000 -0.000000 -0.000000 -0.000000 -0.000000 0.000000 -0.000000 0.000000 -0.000000 -0.000005 0.000000 0.000000 0.000002 0.000000 0.000000 0.000002 0.000000 -0.000000 -0.000000 -0.000000 -0.000000 -0.000000 -0.000000 -0.000001 -0.000000 0.000000 -0.000000 0.000000 -0.000000 0.000000 -0.000000 0.000000 0.000000 -0.000000 0.000000 0.000001 -0.000002 -0.000002 0.000001 -0.000000 -0.000002 -19.368808 2.550101 -56.915106 -0.000003 -0.000001 0.000001 -0.000001 0.000002 -0.000002 0.000002 -0.000000 0.000002 0.000002 -0.000002 0.000002 0.000001 -0.000000 0.000001 -0.000001 0.000002 5.247693 0.000001 -0.000000 -0.000001 -21.635336 13.519431 47.420146 0.000001 -0.000002 0.000000 -0.000001 0.000000 -0.000002 -0.000000 -0.000001 0.000005 -0.000001 -0.000001 -0.000000 -0.000001 -0.000001 0.000001 0.000000 0.000000 -0.000000 -0.000000 0.000000 -0.000000 6.210054 2.290756 1.180201 -0.000001 0.000000 0.000000 -15.349257 -0.896873 0.537036 0.000000 0.000000 -0.000001 11.928178 0.520977 -1.582703 -0.000002 0.000001 -0.000000 0.000001 0.000000 0.000004 0.000000 0.000000 0.000001 -0.406479 1.660755 14.062991 0.000000 0.000001 0.000002 -3.605592 0.210985 -1.400078 0.000001 -0.000000 -0.000000 -1.304662 1.061572 -2.219898 -0.000000 0.000001 0.000001 14.652800 0.112180 0.059648 0.000000 0.000000 -0.000000 27.033708 -2.656986 -24.906543 27.161074 3.106031 24.968025 29.192710 4.941874 28.276527 30.251321 5.426698 29.251313 36.414091 7.685424 30.877841 46.161690 16.745657 37.980780 28.983935 -4.543076 -28.301679 30.051026 -5.024190 -29.292895 36.242148 -7.272905 -31.017221 46.121173 -16.854605 -37.759014 -65.309668 0.474954 -0.346336 -91.632349 1.077330 -0.072696 34.343550 6.426504 28.706926 4.749600 -0.031794 -0.032815 34.351251 -6.290516 -28.768415 4.749600 -0.031794 -0.032815 -42.660539 -27.091766 52.991982 -37.083549 -26.861283 59.784113 -32.243629 -29.333234 63.920476 -23.842013 -25.370748 76.237130 -21.839274 -24.997145 80.500179 -22.479099 -26.216614 80.954503 5.768303 -2.493135 89.532790 5.351868 -3.310341 87.012847 7.852002 0.473619 93.403937 23.900881 15.046403 86.902696 22.868834 14.125869 87.504497 25.674218 20.509617 88.242445 57.215754 29.863038 60.645878 52.757126 31.195561 67.393640 54.647551 34.406695 65.893963 -42.652790 27.028853 -53.118009 -37.075226 26.838327 -59.915034 -0.000007 0.000002 0.000000 -23.858763 25.411647 -76.321818 -21.838169 25.099323 -80.634106 -22.014094 25.467687 -81.950590 5.736328 2.816501 -89.640352 5.320731 3.602574 -87.068922 7.795972 0.053453 -93.646347 23.802647 -14.554071 -87.196142 22.782472 -13.646665 -87.767063 24.949902 -17.925422 -89.719869 56.663400 -29.370975 -61.721749 52.656237 -31.975998 -67.688145 54.138938 -35.482150 -66.835546 7.775823 -0.922022 -2.522669 10.232830 -0.056912 0.164386 -67.326869 0.024196 0.084995 -56.443314 -2.366666 3.408852 7.788771 0.986136 3.296634 10.234065 0.086170 0.601377 -67.326903 0.024195 0.084996 -56.435971 2.287591 -3.515892 51.129550 0.160410 -0.189028 55.802926 0.158575 -0.188595 60.687078 0.155537 -0.220951 67.254742 0.149208 -0.302390 71.709466 0.142392 -0.336489 73.015371 0.139876 -0.394914 
0.400927 0.341507 0.203168 -0.000000 0.000000 -0.000000 -0.000000 0.000000 -0.000000 -0.000000 0.000000 -0.000000 -0.000000 0.000000 0.000000 -0.000000 0.000000 0.000000 -0.005302 -0.132296 -4.589840 -0.000000 -0.000000 -0.000000 -0.000002 -0.000000 0.000000 -0.000000 -0.000000 0.000000 -0.000000 -0.000000 0.000000 0.000000 -0.000000 0.000000 -0.000000 -0.000000 -0.000000 -0.000000 0.000000 0.000000 -0.000000 0.000000 0.000001 -0.000000 0.000000 0.000000 -0.000001 -0.000000 0.000001 -0.000001 -0.000000 0.000001 -0.000000 0.000000 0.000001 -0.000000 0.000000 0.000000 0.000000 -0.000000 0.000000 -0.012513 0.203019 7.053738 0.000000 -0.000000 -0.000000 0.000000 -0.000000 -0.000000 -0.000000 -0.000000 0.000000 -0.000000 -0.000000 -0.000000 -0.000000 0.000000 0.000000 -0.000000 -0.000000 -0.000000 -0.000000 -0.000000 -0.000000 -0.000002 0.000002 0.000003 0.000000 0.000002 -0.000000 -0.000000 -0.000000 -0.000000 -0.000000 -0.000000 -0.000000 -0.000000 -0.000000 -0.000000 -0.000001 -0.000000 0.000000 -0.000000 0.000000 -0.000000 0.000000 0.000002 0.000000 0.000000 0.000001 0.000000 0.000000 -0.000000 0.000000 -0.000002 0.000001 0.000005 0.000000 -0.000002 -0.000000 -0.000000 -0.000000 -0.000000 -0.000000 -0.000000 -0.000000 -0.000000 -0.000000 -0.000000 -0.000000 0.000000 0.000000 -0.000000 -0.000001 -0.000000 0.000000 0.000000 0.000000 -0.000000 -0.000000 -0.000000 -0.000002 -0.000000 -0.000000 -0.000003 0.000000 -0.000000 -0.000000 0.000000 -0.000000 0.000001 -0.000001 0.000001 0.000000 0.000002 -0.000000 -0.000000 -0.000000 -0.000000 -0.000000 -0.000000 -0.000000 -0.000000 -0.000000 -0.000000 0.000000 -0.000000 0.000000 -0.000000 -0.000005 0.000000 0.000000 0.000002 0.000000 0.000000 0.000002 0.000000 -0.000000 -0.000000 -0.000000 -0.000000 -0.000000 -0.000000 -0.000001 -0.000000 0.000000 -0.000000 0.000000 -0.000000 0.000000 -0.000000 0.000000 0.000000 -0.000000 0.000000 0.000001 -0.000002 -0.000002 0.000001 -0.000000 -0.000002 -19.368808 2.550101 -56.915106 -0.000003 -0.000001 0.000001 -0.000001 0.000002 -0.000002 0.000002 -0.000000 0.000002 0.000002 -0.000002 0.000002 0.000001 -0.000000 0.000001 -0.000001 0.000002 5.247693 0.000001 -0.000000 -0.000001 -21.635336 13.519431 47.420146 0.000001 -0.000002 0.000000 -0.000001 0.000000 -0.000002 -0.000000 -0.000001 0.000005 -0.000001 -0.000001 -0.000000 -0.000001 -0.000001 0.000001 0.000000 0.000000 -0.000000 -0.000000 0.000000 -0.000000 6.210054 2.290756 1.180201 -0.000001 0.000000 0.000000 -15.349257 -0.896873 0.537036 0.000000 0.000000 -0.000001 11.928178 0.520977 -1.582703 -0.000002 0.000001 -0.000000 0.000001 0.000000 0.000004 0.000000 0.000000 0.000001 -0.406479 1.660755 14.062991 0.000000 0.000001 0.000002 -3.605592 0.210985 -1.400078 0.000001 -0.000000 -0.000000 -1.304662 1.061572 -2.219898 -0.000000 0.000001 0.000001 14.652800 0.112180 0.059648 0.000000 0.000000 -0.000000 27.033708 -2.656986 -24.906543 27.161074 3.106031 24.968025 29.192710 4.941874 28.276527 30.251321 5.426698 29.251313 36.414091 7.685424 30.877841 46.161690 16.745657 37.980780 28.983935 -4.543076 -28.301679 30.051026 -5.024190 -29.292895 36.242148 -7.272905 -31.017221 46.121173 -16.854605 -37.759014 -65.309668 0.474954 -0.346336 -91.632349 1.077330 -0.072696 34.343550 6.426504 28.706926 4.749600 -0.031794 -0.032815 34.351251 -6.290516 -28.768415 4.749600 -0.031794 -0.032815 -42.660539 -27.091766 52.991982 -37.083549 -26.861283 59.784113 -32.243629 -29.333234 63.920476 -23.842013 -25.370748 76.237130 -21.839274 -24.997145 80.500179 -22.479099 -26.216614 80.954503 5.768303 -2.493135 89.532790 5.351868 -3.310341 87.012847 7.852002 0.473619 93.403937 23.900881 15.046403 86.902696 22.868834 14.125869 87.504497 25.674218 20.509617 88.242445 57.215754 29.863038 60.645878 52.757126 31.195561 67.393640 54.647551 34.406695 65.893963 -42.652790 27.028853 -53.118009 -37.075226 26.838327 -59.915034 -0.000007 0.000002 0.000000 -23.858763 25.411647 -76.321818 -21.838169 25.099323 -80.634106 -22.014094 25.467687 -81.950590 5.736328 2.816501 -89.640352 5.320731 3.602574 -87.068922 7.795972 0.053453 -93.646347 23.802647 -14.554071 -87.196142 22.782472 -13.646665 -87.767063 24.949902 -17.925422 -89.719869 56.663400 -29.370975 -61.721749 52.656237 -31.975998 -67.688145 54.138938 -35.482150 -66.835546 7.775823 -0.922022 -2.522669 10.232830 -0.056912 0.164386 -67.326869 0.024196 0.084995 -56.443314 -2.366666 3.408852 7.788771 0.986136 3.296634 10.234065 0.086170 0.601377 -67.326903 0.024195 0.084996 -56.435971 2.287591 -3.515892 51.129550 0.160410 -0.189028 55.802926 0.158575 -0.188595 60.687078 0.155537 -0.220951 67.254742 0.149208 -0.302390 71.709466 0.142392 -0.336489 73.015371 0.139876 -0.394914 
0.400927 0.341507 0.203168 -0.000000 0.000000 -0.000000 -0.000000 0.000000 -0.000000 -0.000000 0.000000 -0.000000 -0.000000 0.000000 0.000000 -0.000000 0.000000 0.000000 -0.005302 -0.132296 -4.589840 -0.000000 -0.000000 -0.000000 -0.000002 -0.000000 0.000000 -0.000000 -0.000000 0.000000 -0.000000 -0.000000 0.000000 0.000000 -0.000000 0.000000 -0.000000 -0.000000 -0.000000 -0.000000 0.000000 0.000000 -0.000000 0.000000 0.000001 -0.000000 0.000000 0.000000 -0.000001 -0.000000 0.000001 -0.000001 -0.000000 0.000001 -0.000000 0.000000 0.000001 -0.000000 0.000000 0.000000 0.000000 -0.000000 0.000000 -0.012513 0.203019 7.053738 0.000000 -0.000000 -0.000000 0.000000 -0.000000 -0.000000 -0.000000 -0.000000 0.000000 -0.000000 -0.000000 -0.000000 -0.000000 0.000000 0.000000 -0.000000 -0.000000 -0.000000 -0.000000 -0.000000 -0.000000 -0.000002 0.000002 0.000003 0.000000 0.000002 -0.000000 -0.000000 -0.000000 -0.000000 -0.000000 -0.000000 -0.000000 -0.000000 -0.000000 -0.000000 -0.000001 -0.000000 0.000000 -0.000000 0.000000 -0.000000 0.000000 0.000002 0.000000 0.000000 0.000001 0.000000 0.000000 -0.000000 0.000000 -0.000002 0.000001 0.000005 0.000000 -0.000002 -0.000000 -0.000000 -0.000000 -0.000000 -0.000000 -0.000000 -0.000000 -0.000000 -0.000000 -0.000000 -0.000000 0.000000 0.000000 -0.000000 -0.000001 -0.000000 0.000000 0.000000 0.000000 -0.000000 -0.000000 -0.000000 -0.000002 -0.000000 -0.000000 -0.000003 0.000000 -0.000000 -0.000000 0.000000 -0.000000 0.000001 -0.000001 0.000001 0.000000 0.000002 -0.000000 -0.000000 -0.000000 -0.000000 -0.000000 -0.000000 -0.000000 -0.000000 -0.000000 -0.000000 0.000000 -0.000000 0.000000 -0.000000 -0.000005 0.000000 0.000000 0.000002 0.000000 0.000000 0.000002 0.000000 -0.000000 -0.000000 -0.000000 -0.000000 -0.000000 -0.000000 -0.000001 -0.000000 0.000000 -0.000000 0.000000 -0.000000 0.000000 -0.000000 0.000000 0.000000 -0.000000 0.000000 0.000001 -0.000002 -0.000002 0.000001 -0.000000 -0.000002 -19.368808 2.550101 -56.915106 -0.000003 -0.000001 0.000001 -0.000001 0.000002 -0.000002 0.000002 -0.000000 0.000002 0.000002 -0.000002 0.000002 0.000001 -0.000000 0.000001 -0.000001 0.000002 5.247693 0.000001 -0.000000 -0.000001 -21.635336 13.519431 47.420146 0.000001 -0.000002 0.000000 -0.000001 0.000000 -0.000002 -0.000000 -0.000001 0.000005 -0.000001 -0.000001 -0.000000 -0.000001 -0.000001 0.000001 0.000000 0.000000 -0.000000 -0.000000 0.000000 -0.000000 6.210054 2.290756 1.180201 -0.000001 0.000000 0.000000 -15.349257 -0.896873 0.537036 0.000000 0.000000 -0.000001 11.928178 0.520977 -1.582703 -0.000002 0.000001 -0.000000 0.000001 0.000000 0.000004 0.000000 0.000000 0.000001 -0.406479 1.660755 14.062991 0.000000 0.000001 0.000002 -3.605592 0.210985 -1.400078 0.000001 -0.000000 -0.000000 -1.304662 1.061572 -2.219898 -0.000000 0.000001 0.000001 14.652800 0.112180 0.059648 0.000000 0.000000 -0.000000 27.033708 -2.656986 -24.906543 27.161074 3.106031 24.968025 29.192710 4.941874 28.276527 30.251321 5.426698 29.251313 36.414091 7.685424 30.877841 46.161690 16.745657 37.980780 28.983935 -4.543076 -28.301679 30.051026 -5.024190 -29.292895 36.242148 -7.272905 -31.017221 46.121173 -16.854605 -37.759014 -65.309668 0.474954 -0.346336 -91.632349 1.077330 -0.072696 34.343550 6.426504 28.706926 4.749600 -0.031794 -0.032815 34.351251 -6.290516 -28.768415 4.749600 -0.031794 -0.032815 -42.660539 -27.091766 52.991982 -37.083549 -26.861283 59.784113 -32.243629 -29.333234 63.920476 -23.842013 -25.370748 76.237130 -21.839274 -24.997145 80.500179 -22.479099 -26.216614 80.954503 5.768303 -2.493135 89.532790 5.351868 -3.310341 87.012847 7.852002 0.473619 93.403937 23.900881 15.046403 86.902696 22.868834 14.125869 87.504497 25.674218 20.509617 88.242445 57.215754 29.863038 60.645878 52.757126 31.195561 67.393640 54.647551 34.406695 65.893963 -42.652790 27.028853 -53.118009 -37.075226 26.838327 -59.915034 -0.000007 0.000002 0.000000 -23.858763 25.411647 -76.321818 -21.838169 25.099323 -80.634106 -22.014094 25.467687 -81.950590 5.736328 2.816501 -89.640352 5.320731 3.602574 -87.068922 7.795972 0.053453 -93.646347 23.802647 -14.554071 -87.196142 22.782472 -13.646665 -87.767063 24.949902 -17.925422 -89.719869 56.663400 -29.370975 -61.721749 52.656237 -31.975998 -67.688145 54.138938 -35.482150 -66.835546 7.775823 -0.922022 -2.522669 10.232830 -0.056912 0.164386 -67.326869 0.024196 0.084995 -56.443314 -2.366666 3.408852 7.788771 0.986136 3.296634 10.234065 0.086170 0.601377 -67.326903 0.024195 0.084996 -56.435971 2.287591 -3.515892 51.129550 0.160410 -0.189028 55.802926 0.158575 -0.188595 60.687078 0.155537 -0.220951 67.254742 0.149208 -0.302390 71.709466 0.142392 -0.336489 73.015371 0.139876 -0.394914 
0.400927 0.341507 0.203168 -0.000000 0.000000 -0.000000 -0.000000 0.000000 -0.000000 -0.000000 0.000000 -0.000000 -0.000000 0.000000 0.000000 -0.000000 0.000000 0.000000 -0.005302 -0.132296 -4.589840 -0.000000 -0.000000 -0.000000 -0.000002 -0.000000 0.000000 -0.000000 -0.000000 0.000000 -0.000000 -0.000000 0.000000 0.000000 -0.000000 0.000000 -0.000000 -0.000000 -0.000000 -0.000000 0.000000 0.000000 -0.000000 0.000000 0.000001 -0.000000 0.000000 0.000000 -0.000001 -0.000000 0.000001 -0.000001 -0.000000 0.000001 -0.000000 0.000000 0.000001 -0.000000 0.000000 0.000000 0.000000 -0.000000 0.000000 -0.012513 0.203019 7.053738 0.000000 -0.000000 -0.000000 0.000000 -0.000000 -0.000000 -0.000000 -0.000000 0.000000 -0.000000 -0.000000 -0.000000 -0.000000 0.000000 0.000000 -0.000000 -0.000000 -0.000000 -0.000000 -0.000000 -0.000000 -0.000002 0.000002 0.000003 0.000000 0.000002 -0.000000 -0.000000 -0.000000 -0.000000 -0.000000 -0.000000 -0.000000 -0.000000 -0.000000 -0.000000 -0.000001 -0.000000 0.000000 -0.000000 0.000000 -0.000000 0.000000 0.000002 0.000000 0.000000 0.000001 0.000000 0.000000 -0.000000 0.000000 -0.000002 0.000001 0.000005 0.000000 -0.000002 -0.000000 -0.000000 -0.000000 -0.000000 -0.000000 -0.000000 -0.000000 -0.000000 -0.000000 -0.000000 -0.000000 0.000000 0.000000 -0.000000 -0.000001 -0.000000 0.000000 0.000000 0.000000 -0.000000 -0.000000 -0.000000 -0.000002 -0.000000 -0.000000 -0.000003 0.000000 -0.000000 -0.000000 0.000000 -0.000000 0.000001 -0.000001 0.000001 0.000000 0.000002 -0.000000 -0.000000 -0.000000 -0.000000 -0.000000 -0.000000 -0.000000 -0.000000 -0.000000 -0.000000 0.000000 -0.000000 0.000000 -0.000000 -0.000005 0.000000 0.000000 0.000002 0.000000 0.000000 0.000002 0.000000 -0.000000 -0.000000 -0.000000 -0.000000 -0.000000 -0.000000 -0.000001 -0.000000 0.000000 -0.000000 0.000000 -0.000000 0.000000 -0.000000 0.000000 0.000000 -0.000000 0.000000 0.000001 -0.000002 -0.000002 0.000001 -0.000000 -0.000002 -19.368808 2.550101 -56.915106 -0.000003 -0.000001 0.000001 -0.000001 0.000002 -0.000002 0.000002 -0.000000 0.000002 0.000002 -0.000002 0.000002 0.000001 -0.000000 0.000001 -0.000001 0.000002 5.247693 0.000001 -0.000000 -0.000001 -21.635336 13.519431 47.420146 0.000001 -0.000002 0.000000 -0.000001 0.000000 -0.000002 -0.000000 -0.000001 0.000005 -0.000001 -0.000001 -0.000000 -0.000001 -0.000001 0.000001 0.000000 0.000000 -0.000000 -0.000000 0.000000 -0.000000 6.210054 2.290756 1.180201 -0.000001 0.000000 0.000000 -15.349257 -0.896873 0.537036 0.000000 0.000000 -0.000001 11.928178 0.520977 -1.582703 -0.000002 0.000001 -0.000000 0.000001 0.000000 0.000004 0.000000 0.000000 0.000001 -0.406479 1.660755 14.062991 0.000000 0.000001 0.000002 -3.605592 0.210985 -1.400078 0.000001 -0.000000 -0.000000 -1.304662 1.061572 -2.219898 -0.000000 0.000001 0.000001 14.652800 0.112180 0.059648 0.000000 0.000000 -0.000000 27.033708 -2.656986 -24.906543 27.161074 3.106031 24.968025 29.192710 4.941874 28.276527 30.251321 5.426698 29.251313 36.414091 7.685424 30.877841 46.161690 16.745657 37.980780 28.983935 -4.543076 -28.301679 30.051026 -5.024190 -29.292895 36.242148 -7.272905 -31.017221 46.121173 -16.854605 -37.759014 -65.309668 0.474954 -0.346336 -91.632349 1.077330 -0.072696 34.343550 6.426504 28.706926 4.749600 -0.031794 -0.032815 34.351251 -6.290516 -28.768415 4.749600 -0.031794 -0.032815 -42.660539 -27.091766 52.991982 -37.083549 -26.861283 59.784113 -32.243629 -29.333234 63.920476 -23.842013 -25.370748 76.237130 -21.839274 -24.997145 80.500179 -22.479099 -26.216614 80.954503 5.768303 -2.493135 89.532790 5.351868 -3.310341 87.012847 7.852002 0.473619 93.403937 23.900881 15.046403 86.902696 22.868834 14.125869 87.504497 25.674218 20.509617 88.242445 57.215754 29.863038 60.645878 52.757126 31.195561 67.393640 54.647551 34.406695 65.893963 -42.652790 27.028853 -53.118009 -37.075226 26.838327 -59.915034 -0.000007 0.000002 0.000000 -23.858763 25.411647 -76.321818 -21.838169 25.099323 -80.634106 -22.014094 25.467687 -81.950590 5.736328 2.816501 -89.640352 5.320731 3.602574 -87.068922 7.795972 0.053453 -93.646347 23.802647 -14.554071 -87.196142 22.782472 -13.646665 -87.767063 24.949902 -17.925422 -89.719869 56.663400 -29.370975 -61.721749 52.656237 -31.975998 -67.688145 54.138938 -35.482150 -66.835546 7.775823 -0.922022 -2.522669 10.232830 -0.056912 0.164386 -67.326869 0.024196 0.084995 -56.443314 -2.366666 3.408852 7.788771 0.986136 3.296634 10.234065 0.086170 0.601377 -67.326903 0.024195 0.084996 -56.435971 2.287591 -3.515892 51.129550 0.160410 -0.189028 55.802926 0.158575 -0.188595 60.687078 0.155537 -0.220951 67.254742 0.149208 -0.302390 71.709466 0.142392 -0.336489 73.015371 0.139876 -0.394914 
0.400927 0.341507 0.203168 -0.000000 0.000000 -0.000000 -0.000000 0.000000 -0.000000 -0.000000 0.000000 -0.000000 -0.000000 0.000000 0.000000 -0.000000 0.000000 0.000000 -0.005302 -0.132296 -4.589840 -0.000000 -0.000000 -0.000000 -0.000002 -0.000000 0.000000 -0.000000 -0.000000 0.000000 -0.000000 -0.000000 0.000000 0.000000 -0.000000 0.000000 -0.000000 -0.000000 -0.000000 -0.000000 0.000000 0.000000 -0.000000 0.000000 0.000001 -0.000000 0.000000 0.000000 -0.000001 -0.000000 0.000001 -0.000001 -0.000000 0.000001 -0.000000 0.000000 0.000001 -0.000000 0.000000 0.000000 0.000000 -0.000000 0.000000 -0.012513 0.203019 7.053738 0.000000 -0.000000 -0.000000 0.000000 -0.000000 -0.000000 -0.000000 -0.000000 0.000000 -0.000000 -0.000000 -0.000000 -0.000000 0.000000 0.000000 -0.000000 -0.000000 -0.000000 -0.000000 -0.000000 -0.000000 -0.000002 0.000002 0.000003 0.000000 0.000002 -0.000000 -0.000000 -0.000000 -0.000000 -0.000000 -0.000000 -0.000000 -0.000000 -0.000000 -0.000000 -0.000001 -0.000000 0.000000 -0.000000 0.000000 -0.000000 0.000000 0.000002 0.000000 0.000000 0.000001 0.000000 0.000000 -0.000000 0.000000 -0.000002 0.000001 0.000005 0.000000 -0.000002 -0.000000 -0.000000 -0.000000 -0.000000 -0.000000 -0.000000 -0.000000 -0.000000 -0.000000 -0.000000 -0.000000 0.000000 0.000000 -0.000000 -0.000001 -0.000000 0.000000 0.000000 0.000000 -0.000000 -0.000000 -0.000000 -0.000002 -0.000000 -0.000000 -0.000003 0.000000 -0.000000 -0.000000 0.000000 -0.000000 0.000001 -0.000001 0.000001 0.000000 0.000002 -0.000000 -0.000000 -0.000000 -0.000000 -0.000000 -0.000000 -0.000000 -0.000000 -0.000000 -0.000000 0.000000 -0.000000 0.000000 -0.000000 -0.000005 0.000000 0.000000 0.000002 0.000000 0.000000 0.000002 0.000000 -0.000000 -0.000000 -0.000000 -0.000000 -0.000000 -0.000000 -0.000001 -0.000000 0.000000 -0.000000 0.000000 -0.000000 0.000000 -0.000000 0.000000 0.000000 -0.000000 0.000000 0.000001 -0.000002 -0.000002 0.000001 -0.000000 -0.000002 -19.368808 2.550101 -56.915106 -0.000003 -0.000001 0.000001 -0.000001 0.000002 -0.000002 0.000002 -0.000000 0.000002 0.000002 -0.000002 0.000002 0.000001 -0.000000 0.000001 -0.000001 0.000002 5.247693 0.000001 -0.000000 -0.000001 -21.635336 13.519431 47.420146 0.000001 -0.000002 0.000000 -0.000001 0.000000 -0.000002 -0.000000 -0.000001 0.000005 -0.000001 -0.000001 -0.000000 -0.000001 -0.000001 0.000001 0.000000 0.000000 -0.000000 -0.000000 0.000000 -0.000000 6.210054 2.290756 1.180201 -0.000001 0.000000 0.000000 -15.349257 -0.896873 0.537036 0.000000 0.000000 -0.000001 11.928178 0.520977 -1.582703 -0.000002 0.000001 -0.000000 0.000001 0.000000 0.000004 0.000000 0.000000 0.000001 -0.406479 1.660755 14.062991 0.000000 0.000001 0.000002 -3.605592 0.210985 -1.400078 0.000001 -0.000000 -0.000000 -1.304662 1.061572 -2.219898 -0.000000 0.000001 0.000001 14.652800 0.112180 0.059648 0.000000 0.000000 -0.000000 27.033708 -2.656986 -24.906543 27.161074 3.106031 24.968025 29.192710 4.941874 28.276527 30.251321 5.426698 29.251313 36.414091 7.685424 30.877841 46.161690 16.745657 37.980780 28.983935 -4.543076 -28.301679 30.051026 -5.024190 -29.292895 36.242148 -7.272905 -31.017221 46.121173 -16.854605 -37.759014 -65.309668 0.474954 -0.346336 -91.632349 1.077330 -0.072696 34.343550 6.426504 28.706926 4.749600 -0.031794 -0.032815 34.351251 -6.290516 -28.768415 4.749600 -0.031794 -0.032815 -42.660539 -27.091766 52.991982 -37.083549 -26.861283 59.784113 -32.243629 -29.333234 63.920476 -23.842013 -25.370748 76.237130 -21.839274 -24.997145 80.500179 -22.479099 -26.216614 80.954503 5.768303 -2.493135 89.532790 5.351868 -3.310341 87.012847 7.852002 0.473619 93.403937 23.900881 15.046403 86.902696 22.868834 14.125869 87.504497 25.674218 20.509617 88.242445 57.215754 29.863038 60.645878 52.757126 31.195561 67.393640 54.647551 34.406695 65.893963 -42.652790 27.028853 -53.118009 -37.075226 26.838327 -59.915034 -0.000007 0.000002 0.000000 -23.858763 25.411647 -76.321818 -21.838169 25.099323 -80.634106 -22.014094 25.467687 -81.950590 5.736328 2.816501 -89.640352 5.320731 3.602574 -87.068922 7.795972 0.053453 -93.646347 23.802647 -14.554071 -87.196142 22.782472 -13.646665 -87.767063 24.949902 -17.925422 -89.719869 56.663400 -29.370975 -61.721749 52.656237 -31.975998 -67.688145 54.138938 -35.482150 -66.835546 7.775823 -0.922022 -2.522669 10.232830 -0.056912 0.164386 -67.326869 0.024196 0.084995 -56.443314 -2.366666 3.408852 7.788771 0.986136 3.296634 10.234065 0.086170 0.601377 -67.326903 0.024195 0.084996 -56.435971 2.287591 -3.515892 51.129550 0.160410 -0.189028 55.802926 0.158575 -0.188595 60.687078 0.155537 -0.220951 67.254742 0.149208 -0.302390 71.709466 0.142392 -0.336489 73.015371 0.139876 -0.394914 
0.400927 0.341507 0.203168 -0.000000 0.000000 -0.000000 -0.000000 0.000000 -0.000000 -0.000000 0.000000 -0.000000 -0.000000 0.000000 0.000000 -0.000000 0.000000 0.000000 -0.005302 -0.132296 -4.589840 -0.000000 -0.000000 -0.000000 -0.000002 -0.000000 0.000000 -0.000000 -0.000000 0.000000 -0.000000 -0.000000 0.000000 0.000000 -0.000000 0.000000 -0.000000 -0.000000 -0.000000 -0.000000 0.000000 0.000000 -0.000000 0.000000 0.000001 -0.000000 0.000000 0.000000 -0.000001 -0.000000 0.000001 -0.000001 -0.000000 0.000001 -0.000000 0.000000 0.000001 -0.000000 0.000000 0.000000 0.000000 -0.000000 0.000000 -0.012513 0.203019 7.053738 0.000000 -0.000000 -0.000000 0.000000 -0.000000 -0.000000 -0.000000 -0.000000 0.000000 -0.000000 -0.000000 -0.000000 -0.000000 0.000000 0.000000 -0.000000 -0.000000 -0.000000 -0.000000 -0.000000 -0.000000 -0.000002 0.000002 0.000003 0.000000 0.000002 -0.000000 -0.000000 -0.000000 -0.000000 -0.000000 -0.000000 -0.000000 -0.000000 -0.000000 -0.000000 -0.000001 -0.000000 0.000000 -0.000000 0.000000 -0.000000 0.000000 0.000002 0.000000 0.000000 0.000001 0.000000 0.000000 -0.000000 0.000000 -0.000002 0.000001 0.000005 0.000000 -0.000002 -0.000000 -0.000000 -0.000000 -0.000000 -0.000000 -0.000000 -0.000000 -0.000000 -0.000000 -0.000000 -0.000000 0.000000 0.000000 -0.000000 -0.000001 -0.000000 0.000000 0.000000 0.000000 -0.000000 -0.000000 -0.000000 -0.000002 -0.000000 -0.000000 -0.000003 0.000000 -0.000000 -0.000000 0.000000 -0.000000 0.000001 -0.000001 0.000001 0.000000 0.000002 -0.000000 -0.000000 -0.000000 -0.000000 -0.000000 -0.000000 -0.000000 -0.000000 -0.000000 -0.000000 0.000000 -0.000000 0.000000 -0.000000 -0.000005 0.000000 0.000000 0.000002 0.000000 0.000000 0.000002 0.000000 -0.000000 -0.000000 -0.000000 -0.000000 -0.000000 -0.000000 -0.000001 -0.000000 0.000000 -0.000000 0.000000 -0.000000 0.000000 -0.000000 0.000000 0.000000 -0.000000 0.000000 0.000001 -0.000002 -0.000002 0.000001 -0.000000 -0.000002 -19.368808 2.550101 -56.915106 -0.000003 -0.000001 0.000001 -0.000001 0.000002 -0.000002 0.000002 -0.000000 0.000002 0.000002 -0.000002 0.000002 0.000001 -0.000000 0.000001 -0.000001 0.000002 5.247693 0.000001 -0.000000 -0.000001 -21.635336 13.519431 47.420146 0.000001 -0.000002 0.000000 -0.000001 0.000000 -0.000002 -0.000000 -0.000001 0.000005 -0.000001 -0.000001 -0.000000 -0.000001 -0.000001 0.000001 0.000000 0.000000 -0.000000 -0.000000 0.000000 -0.000000 6.210054 2.290756 1.180201 -0.000001 0.000000 0.000000 -15.349257 -0.896873 0.537036 0.000000 0.000000 -0.000001 11.928178 0.520977 -1.582703 -0.000002 0.000001 -0.000000 0.000001 0.000000 0.000004 0.000000 0.000000 0.000001 -0.406479 1.660755 14.062991 0.000000 0.000001 0.000002 -3.605592 0.210985 -1.400078 0.000001 -0.000000 -0.000000 -1.304662 1.061572 -2.219898 -0.000000 0.000001 0.000001 14.652800 0.112180 0.059648 0.000000 0.000000 -0.000000 27.033708 -2.656986 -24.906543 27.161074 3.106031 24.968025 29.192710 4.941874 28.276527 30.251321 5.426698 29.251313 36.414091 7.685424 30.877841 46.161690 16.745657 37.980780 28.983935 -4.543076 -28.301679 30.051026 -5.024190 -29.292895 36.242148 -7.272905 -31.017221 46.121173 -16.854605 -37.759014 -65.309668 0.474954 -0.346336 -91.632349 1.077330 -0.072696 34.343550 6.426504 28.706926 4.749600 -0.031794 -0.032815 34.351251 -6.290516 -28.768415 4.749600 -0.031794 -0.032815 -42.660539 -27.091766 52.991982 -37.083549 -26.861283 59.784113 -32.243629 -29.333234 63.920476 -23.842013 -25.370748 76.237130 -21.839274 -24.997145 80.500179 -22.479099 -26.216614 80.954503 5.768303 -2.493135 89.532790 5.351868 -3.310341 87.012847 7.852002 0.473619 93.403937 23.900881 15.046403 86.902696 22.868834 14.125869 87.504497 25.674218 20.509617 88.242445 57.215754 29.863038 60.645878 52.757126 31.195561 67.393640 54.647551 34.406695 65.893963 -42.652790 27.028853 -53.118009 -37.075226 26.838327 -59.915034 -0.000007 0.000002 0.000000 -23.858763 25.411647 -76.321818 -21.838169 25.099323 -80.634106 -22.014094 25.467687 -81.950590 5.736328 2.816501 -89.640352 5.320731 3.602574 -87.068922 7.795972 0.053453 -93.646347 23.802647 -14.554071 -87.196142 22.782472 -13.646665 -87.767063 24.949902 -17.925422 -89.719869 56.663400 -29.370975 -61.721749 52.656237 -31.975998 -67.688145 54.138938 -35.482150 -66.835546 7.775823 -0.922022 -2.522669 10.232830 -0.056912 0.164386 -67.326869 0.024196 0.084995 -56.443314 -2.366666 3.408852 7.788771 0.986136 3.296634 10.234065 0.086170 0.601377 -67.326903 0.024195 0.084996 -56.435971 2.287591 -3.515892 51.129550 0.160410 -0.189028 55.802926 0.158575 -0.188595 60.687078 0.155537 -0.220951 67.254742 0.149208 -0.302390 71.709466 0.142392 -0.336489 73.015371 0.139876 -0.394914 
0.400927 0.341507 0.203168 -0.000000 0.000000 -0.000000 -0.000000 0.000000 -0.000000 -0.000000 0.000000 -0.000000 -0.000000 0.000000 0.000000 -0.000000 0.000000 0.000000 -0.005302 -0.132296 -4.589840 -0.000000 -0.000000 -0.000000 -0.000002 -0.000000 0.000000 -0.000000 -0.000000 0.000000 -0.000000 -0.000000 0.000000 0.000000 -0.000000 0.000000 -0.000000 -0.000000 -0.000000 -0.000000 0.000000 0.000000 -0.000000 0.000000 0.000001 -0.000000 0.000000 0.000000 -0.000001 -0.000000 0.000001 -0.000001 -0.000000 0.000001 -0.000000 0.000000 0.000001 -0.000000 0.000000 0.000000 0.000000 -0.000000 0.000000 -0.012513 0.203019 7.053738 0.000000 -0.000000 -0.000000 0.000000 -0.000000 -0.000000 -0.000000 -0.000000 0.000000 -0.000000 -0.000000 -0.000000 -0.000000 0.000000 0.000000 -0.000000 -0.000000 -0.000000 -0.000000 -0.000000 -0.000000 -0.000002 0.000002 0.000003 0.000000 0.000002 -0.000000 -0.000000 -0.000000 -0.000000 -0.000000 -0.000000 -0.000000 -0.000000 -0.000000 -0.000000 -0.000001 -0.000000 0.000000 -0.000000 0.000000 -0.000000 0.000000 0.000002 0.000000 0.000000 0.000001 0.000000 0.000000 -0.000000 0.000000 -0.000002 0.000001 0.000005 0.000000 -0.000002 -0.000000 -0.000000 -0.000000 -0.000000 -0.000000 -0.000000 -0.000000 -0.000000 -0.000000 -0.000000 -0.000000 0.000000 0.000000 -0.000000 -0.000001 -0.000000 0.000000 0.000000 0.000000 -0.000000 -0.000000 -0.000000 -0.000002 -0.000000 -0.000000 -0.000003 0.000000 -0.000000 -0.000000 0.000000 -0.000000 0.000001 -0.000001 0.000001 0.000000 0.000002 -0.000000 -0.000000 -0.000000 -0.000000 -0.000000 -0.000000 -0.000000 -0.000000 -0.000000 -0.000000 0.000000 -0.000000 0.000000 -0.000000 -0.000005 0.000000 0.000000 0.000002 0.000000 0.000000 0.000002 0.000000 -0.000000 -0.000000 -0.000000 -0.000000 -0.000000 -0.000000 -0.000001 -0.000000 0.000000 -0.000000 0.000000 -0.000000 0.000000 -0.000000 0.000000 0.000000 -0.000000 0.000000 0.000001 -0.000002 -0.000002 0.000001 -0.000000 -0.000002 -19.368808 2.550101 -56.915106 -0.000003 -0.000001 0.000001 -0.000001 0.000002 -0.000002 0.000002 -0.000000 0.000002 0.000002 -0.000002 0.000002 0.000001 -0.000000 0.000001 -0.000001 0.000002 5.247693 0.000001 -0.000000 -0.000001 -21.635336 13.519431 47.420146 0.000001 -0.000002 0.000000 -0.000001 0.000000 -0.000002 -0.000000 -0.000001 0.000005 -0.000001 -0.000001 -0.000000 -0.000001 -0.000001 0.000001 0.000000 0.000000 -0.000000 -0.000000 0.000000 -0.000000 6.210054 2.290756 1.180201 -0.000001 0.000000 0.000000 -15.349257 -0.896873 0.537036 0.000000 0.000000 -0.000001 11.928178 0.520977 -1.582703 -0.000002 0.000001 -0.000000 0.000001 0.000000 0.000004 0.000000 0.000000 0.000001 -0.406479 1.660755 14.062991 0.000000 0.000001 0.000002 -3.605592 0.210985 -1.400078 0.000001 -0.000000 -0.000000 -1.304662 1.061572 -2.219898 -0.000000 0.000001 0.000001 14.652800 0.112180 0.059648 0.000000 0.000000 -0.000000 27.033708 -2.656986 -24.906543 27.161074 3.106031 24.968025 29.192710 4.941874 28.276527 30.251321 5.426698 29.251313 36.414091 7.685424 30.877841 46.161690 16.745657 37.980780 28.983935 -4.543076 -28.301679 30.051026 -5.024190 -29.292895 36.242148 -7.272905 -31.017221 46.121173 -16.854605 -37.759014 -65.309668 0.474954 -0.346336 -91.632349 1.077330 -0.072696 34.343550 6.426504 28.706926 4.749600 -0.031794 -0.032815 34.351251 -6.290516 -28.768415 4.749600 -0.031794 -0.032815 -42.660539 -27.091766 52.991982 -37.083549 -26.861283 59.784113 -32.243629 -29.333234 63.920476 -23.842013 -25.370748 76.237130 -21.839274 -24.997145 80.500179 -22.479099 -26.216614 80.954503 5.768303 -2.493135 89.532790 5.351868 -3.310341 87.012847 7.852002 0.473619 93.403937 23.900881 15.046403 86.902696 22.868834 14.125869 87.504497 25.674218 20.509617 88.242445 57.215754 29.863038 60.645878 52.757126 31.195561 67.393640 54.647551 34.406695 65.893963 -42.652790 27.028853 -53.118009 -37.075226 26.838327 -59.915034 -0.000007 0.000002 0.000000 -23.858763 25.411647 -76.321818 -21.838169 25.099323 -80.634106 -22.014094 25.467687 -81.950590 5.736328 2.816501 -89.640352 5.320731 3.602574 -87.068922 7.795972 0.053453 -93.646347 23.802647 -14.554071 -87.196142 22.782472 -13.646665 -87.767063 24.949902 -17.925422 -89.719869 56.663400 -29.370975 -61.721749 52.656237 -31.975998 -67.688145 54.138938 -35.482150 -66.835546 7.775823 -0.922022 -2.522669 10.232830 -0.056912 0.164386 -67.326869 0.024196 0.084995 -56.443314 -2.366666 3.408852 7.788771 0.986136 3.296634 10.234065 0.086170 0.601377 -67.326903 0.024195 0.084996 -56.435971 2.287591 -3.515892 51.129550 0.160410 -0.189028 55.802926 0.158575 -0.188595 60.687078 0.155537 -0.220951 67.254742 0.149208 -0.302390 71.709466 0.142392 -0.336489 73.015371 0.139876 -0.394914 
0.400927 0.341507 0.203168 -0.000000 0.000000 -0.000000 -0.000000 0.000000 -0.000000 -0.000000 0.000000 -0.000000 -0.000000 0.000000 0.000000 -0.000000 0.000000 0.000000 -0.005302 -0.132296 -4.589840 -0.000000 -0.000000 -0.000000 -0.000002 -0.000000 0.000000 -0.000000 -0.000000 0.000000 -0.000000 -0.000000 0.000000 0.000000 -0.000000 0.000000 -0.000000 -0.000000 -0.000000 -0.000000 0.000000 0.000000 -0.000000 0.000000 0.000001 -0.000000 0.000000 0.000000 -0.000001 -0.000000 0.000001 -0.000001 -0.000000 0.000001 -0.000000 0.000000 0.000001 -0.000000 0.000000 0.000000 0.000000 -0.000000 0.000000 -0.012513 0.203019 7.053738 0.000000 -0.000000 -0.000000 0.000000 -0.000000 -0.000000 -0.000000 -0.000000 0.000000 -0.000000 -0.000000 -0.000000 -0.000000 0.000000 0.000000 -0.000000 -0.000000 -0.000000 -0.000000 -0.000000 -0.000000 -0.000002 0.000002 0.000003 0.000000 0.000002 -0.000000 -0.000000 -0.000000 -0.000000 -0.000000 -0.000000 -0.000000 -0.000000 -0.000000 -0.000000 -0.000001 -0.000000 0.000000 -0.000000 0.000000 -0.000000 0.000000 0.000002 0.000000 0.000000 0.000001 0.000000 0.000000 -0.000000 0.000000 -0.000002 0.000001 0.000005 0.000000 -0.000002 -0.000000 -0.000000 -0.000000 -0.000000 -0.000000 -0.000000 -0.000000 -0.000000 -0.000000 -0.000000 -0.000000 0.000000 0.000000 -0.000000 -0.000001 -0.000000 0.000000 0.000000 0.000000 -0.000000 -0.000000 -0.000000 -0.000002 -0.000000 -0.000000 -0.000003 0.000000 -0.000000 -0.000000 0.000000 -0.000000 0.000001 -0.000001 0.000001 0.000000 0.000002 -0.000000 -0.000000 -0.000000 -0.000000 -0.000000 -0.000000 -0.000000 -0.000000 -0.000000 -0.000000 0.000000 -0.000000 0.000000 -0.000000 -0.000005 0.000000 0.000000 0.000002 0.000000 0.000000 0.000002 0.000000 -0.000000 -0.000000 -0.000000 -0.000000 -0.000000 -0.000000 -0.000001 -0.000000 0.000000 -0.000000 0.000000 -0.000000 0.000000 -0.000000 0.000000 0.000000 -0.000000 0.000000 0.000001 -0.000002 -0.000002 0.000001 -0.000000 -0.000002 -19.368808 2.550101 -56.915106 -0.000003 -0.000001 0.000001 -0.000001 0.000002 -0.000002 0.000002 -0.000000 0.000002 0.000002 -0.000002 0.000002 0.000001 -0.000000 0.000001 -0.000001 0.000002 5.247693 0.000001 -0.000000 -0.000001 -21.635336 13.519431 47.420146 0.000001 -0.000002 0.000000 -0.000001 0.000000 -0.000002 -0.000000 -0.000001 0.000005 -0.000001 -0.000001 -0.000000 -0.000001 -0.000001 0.000001 0.000000 0.000000 -0.000000 -0.000000 0.000000 -0.000000 6.210054 2.290756 1.180201 -0.000001 0.000000 0.000000 -15.349257 -0.896873 0.537036 0.000000 0.000000 -0.000001 11.928178 0.520977 -1.582703 -0.000002 0.000001 -0.000000 0.000001 0.000000 0.000004 0.000000 0.000000 0.000001 -0.406479 1.660755 14.062991 0.000000 0.000001 0.000002 -3.605592 0.210985 -1.400078 0.000001 -0.000000 -0.000000 -1.304662 1.061572 -2.219898 -0.000000 0.000001 0.000001 14.652800 0.112180 0.059648 0.000000 0.000000 -0.000000 27.033708 -2.656986 -24.906543 27.161074 3.106031 24.968025 29.192710 4.941874 28.276527 30.251321 5.426698 29.251313 36.414091 7.685424 30.877841 46.161690 16.745657 37.980780 28.983935 -4.543076 -28.301679 30.051026 -5.024190 -29.292895 36.242148 -7.272905 -31.017221 46.121173 -16.854605 -37.759014 -65.309668 0.474954 -0.346336 -91.632349 1.077330 -0.072696 34.343550 6.426504 28.706926 4.749600 -0.031794 -0.032815 34.351251 -6.290516 -28.768415 4.749600 -0.031794 -0.032815 -42.660539 -27.091766 52.991982 -37.083549 -26.861283 59.784113 -32.243629 -29.333234 63.920476 -23.842013 -25.370748 76.237130 -21.839274 -24.997145 80.500179 -22.479099 -26.216614 80.954503 5.768303 -2.493135 89.532790 5.351868 -3.310341 87.012847 7.852002 0.473619 93.403937 23.900881 15.046403 86.902696 22.868834 14.125869 87.504497 25.674218 20.509617 88.242445 57.215754 29.863038 60.645878 52.757126 31.195561 67.393640 54.647551 34.406695 65.893963 -42.652790 27.028853 -53.118009 -37.075226 26.838327 -59.915034 -0.000007 0.000002 0.000000 -23.858763 25.411647 -76.321818 -21.838169 25.099323 -80.634106 -22.014094 25.467687 -81.950590 5.736328 2.816501 -89.640352 5.320731 3.602574 -87.068922 7.795972 0.053453 -93.646347 23.802647 -14.554071 -87.196142 22.782472 -13.646665 -87.767063 24.949902 -17.925422 -89.719869 56.663400 -29.370975 -61.721749 52.656237 -31.975998 -67.688145 54.138938 -35.482150 -66.835546 7.775823 -0.922022 -2.522669 10.232830 -0.056912 0.164386 -67.326869 0.024196 0.084995 -56.443314 -2.366666 3.408852 7.788771 0.986136 3.296634 10.234065 0.086170 0.601377 -67.326903 0.024195 0.084996 -56.435971 2.287591 -3.515892 51.129550 0.160410 -0.189028 55.802926 0.158575 -0.188595 60.687078 0.155537 -0.220951 67.254742 0.149208 -0.302390 71.709466 0.142392 -0.336489 73.015371 0.139876 -0.394914 
0.400927 0.341507 0.203168 -0.000000 0.000000 -0.000000 -0.000000 0.000000 -0.000000 -0.000000 0.000000 -0.000000 -0.000000 0.000000 0.000000 -0.000000 0.000000 0.000000 -0.005302 -0.132296 -4.589840 -0.000000 -0.000000 -0.000000 -0.000002 -0.000000 0.000000 -0.000000 -0.000000 0.000000 -0.000000 -0.000000 0.000000 0.000000 -0.000000 0.000000 -0.000000 -0.000000 -0.000000 -0.000000 0.000000 0.000000 -0.000000 0.000000 0.000001 -0.000000 0.000000 0.000000 -0.000001 -0.000000 0.000001 -0.000001 -0.000000 0.000001 -0.000000 0.000000 0.000001 -0.000000 0.000000 0.000000 0.000000 -0.000000 0.000000 -0.012513 0.203019 7.053738 0.000000 -0.000000 -0.000000 0.000000 -0.000000 -0.000000 -0.000000 -0.000000 0.000000 -0.000000 -0.000000 -0.000000 -0.000000 0.000000 0.000000 -0.000000 -0.000000 -0.000000 -0.000000 -0.000000 -0.000000 -0.000002 0.000002 0.000003 0.000000 0.000002 -0.000000 -0.000000 -0.000000 -0.000000 -0.000000 -0.000000 -0.000000 -0.000000 -0.000000 -0.000000 -0.000001 -0.000000 0.000000 -0.000000 0.000000 -0.000000 0.000000 0.000002 0.000000 0.000000 0.000001 0.000000 0.000000 -0.000000 0.000000 -0.000002 0.000001 0.000005 0.000000 -0.000002 -0.000000 -0.000000 -0.000000 -0.000000 -0.000000 -0.000000 -0.000000 -0.000000 -0.000000 -0.000000 -0.000000 0.000000 0.000000 -0.000000 -0.000001 -0.000000 0.000000 0.000000 0.000000 -0.000000 -0.000000 -0.000000 -0.000002 -0.000000 -0.000000 -0.000003 0.000000 -0.000000 -0.000000 0.000000 -0.000000 0.000001 -0.000001 0.000001 0.000000 0.000002 -0.000000 -0.000000 -0.000000 -0.000000 -0.000000 -0.000000 -0.000000 -0.000000 -0.000000 -0.000000 0.000000 -0.000000 0.000000 -0.000000 -0.000005 0.000000 0.000000 0.000002 0.000000 0.000000 0.000002 0.000000 -0.000000 -0.000000 -0.000000 -0.000000 -0.000000 -0.000000 -0.000001 -0.000000 0.000000 -0.000000 0.000000 -0.000000 0.000000 -0.000000 0.000000 0.000000 -0.000000 0.000000 0.000001 -0.000002 -0.000002 0.000001 -0.000000 -0.000002 -19.368808 2.550101 -56.915106 -0.000003 -0.000001 0.000001 -0.000001 0.000002 -0.000002 0.000002 -0.000000 0.000002 0.000002 -0.000002 0.000002 0.000001 -0.000000 0.000001 -0.000001 0.000002 5.247693 0.000001 -0.000000 -0.000001 -21.635336 13.519431 47.420146 0.000001 -0.000002 0.000000 -0.000001 0.000000 -0.000002 -0.000000 -0.000001 0.000005 -0.000001 -0.000001 -0.000000 -0.000001 -0.000001 0.000001 0.000000 0.000000 -0.000000 -0.000000 0.000000 -0.000000 6.210054 2.290756 1.180201 -0.000001 0.000000 0.000000 -15.349257 -0.896873 0.537036 0.000000 0.000000 -0.000001 11.928178 0.520977 -1.582703 -0.000002 0.000001 -0.000000 0.000001 0.000000 0.000004 0.000000 0.000000 0.000001 -0.406479 1.660755 14.062991 0.000000 0.000001 0.000002 -3.605592 0.210985 -1.400078 0.000001 -0.000000 -0.000000 -1.304662 1.061572 -2.219898 -0.000000 0.000001 0.000001 14.652800 0.112180 0.059648 0.000000 0.000000 -0.000000 27.033708 -2.656986 -24.906543 27.161074 3.106031 24.968025 29.192710 4.941874 28.276527 30.251321 5.426698 29.251313 36.414091 7.685424 30.877841 46.161690 16.745657 37.980780 28.983935 -4.543076 -28.301679 30.051026 -5.024190 -29.292895 36.242148 -7.272905 -31.017221 46.121173 -16.854605 -37.759014 -65.309668 0.474954 -0.346336 -91.632349 1.077330 -0.072696 34.343550 6.426504 28.706926 4.749600 -0.031794 -0.032815 34.351251 -6.290516 -28.768415 4.749600 -0.031794 -0.032815 -42.660539 -27.091766 52.991982 -37.083549 -26.861283 59.784113 -32.243629 -29.333234 63.920476 -23.842013 -25.370748 76.237130 -21.839274 -24.997145 80.500179 -22.479099 -26.216614 80.954503 5.768303 -2.493135 89.532790 5.351868 -3.310341 87.012847 7.852002 0.473619 93.403937 23.900881 15.046403 86.902696 22.868834 14.125869 87.504497 25.674218 20.509617 88.242445 57.215754 29.863038 60.645878 52.757126 31.195561 67.393640 54.647551 34.406695 65.893963 -42.652790 27.028853 -53.118009 -37.075226 26.838327 -59.915034 -0.000007 0.000002 0.000000 -23.858763 25.411647 -76.321818 -21.838169 25.099323 -80.634106 -22.014094 25.467687 -81.950590 5.736328 2.816501 -89.640352 5.320731 3.602574 -87.068922 7.795972 0.053453 -93.646347 23.802647 -14.554071 -87.196142 22.782472 -13.646665 -87.767063 24.949902 -17.925422 -89.719869 56.663400 -29.370975 -61.721749 52.656237 -31.975998 -67.688145 54.138938 -35.482150 -66.835546 7.775823 -0.922022 -2.522669 10.232830 -0.056912 0.164386 -67.326869 0.024196 0.084995 -56.443314 -2.366666 3.408852 7.788771 0.986136 3.296634 10.234065 0.086170 0.601377 -67.326903 0.024195 0.084996 -56.435971 2.287591 -3.515892 51.129550 0.160410 -0.189028 55.802926 0.158575 -0.188595 60.687078 0.155537 -0.220951 67.254742 0.149208 -0.302390 71.709466 0.142392 -0.336489 73.015371 0.139876 -0.394914 
